stmt_id,stmt_date,statement,topics,action_date,action,action_type,source,source_url,days_diff,score,confirmed,fulfilled,notes
20260330_br0000,2026-03-30,Presidential Message on National Vietnam War Veterans Day,"안보/군사, 경제/세금, 규제완화, 사법/법무, 선거/정치, 미디어, 보건",2026-03-31,[조치] Ensuring Citizenship Verification and Integrity in Federal Elections,policy,White House Presidential Actions,https://www.whitehouse.gov/presidential-actions/2026/03/ensuring-citizenship-verification-and-integrity-in-federal-elections/,1,0.3,N,,
20260326_br0002,2026-03-26,"Congressional Bills H.R. 3377, H.R. 7194, H.R. 7211 Signed into Law","안보/군사, 사법/법무, 선거/정치",2026-03-31,[조치] Ensuring Citizenship Verification and Integrity in Federal Elections,policy,White House Presidential Actions,https://www.whitehouse.gov/presidential-actions/2026/03/ensuring-citizenship-verification-and-integrity-in-federal-elections/,5,0.3,N,,
20260325_br0003,2026-03-25,First Lady Melania Trump Convenes Record 45 Nations at the White House and Introduces American-Built Humanoid,"안보/군사, 경제/세금, 에너지, 규제완화, 선거/정치, 미디어",2026-03-31,[조치] Ensuring Citizenship Verification and Integrity in Federal Elections,policy,White House Presidential Actions,https://www.whitehouse.gov/presidential-actions/2026/03/ensuring-citizenship-verification-and-integrity-in-federal-elections/,6,0.3,N,,
20260324_br0004,2026-03-24,"First Lady Melania Trump Launches Fostering the Future Together, 45 Member Nations Attend the Inaugural Coalition Summit","무역/관세, 이민/국경, 외교/동맹, 경제/세금, 에너지, 규제완화, 사법/법무, 선거/정치, 미디어",2026-03-31,[조치] Ensuring Citizenship Verification and Integrity in Federal Elections,policy,White House Presidential Actions,https://www.whitehouse.gov/presidential-actions/2026/03/ensuring-citizenship-verification-and-integrity-in-federal-elections/,7,0.4,Y,Y,
20260323_br0005,2026-03-23,"Presidential Message on the Anniversary of Patrick Henry’s “Give Me Liberty, Or Give Me Death!” Speech","안보/군사, 경제/세금, 선거/정치",2026-03-31,[조치] Ensuring Citizenship Verification and Integrity in Federal Elections,policy,White House Presidential Actions,https://www.whitehouse.gov/presidential-actions/2026/03/ensuring-citizenship-verification-and-integrity-in-federal-elections/,8,0.3,N,,
20260320_br0006,2026-03-20,Congressional Bill S. 4138 Signed into Law,"안보/군사, 사법/법무, 선거/정치",2026-03-31,[조치] Ensuring Citizenship Verification and Integrity in Federal Elections,policy,White House Presidential Actions,https://www.whitehouse.gov/presidential-actions/2026/03/ensuring-citizenship-verification-and-integrity-in-federal-elections/,11,0.3,N,,
20260320_br0008,2026-03-20,First Lady Melania Trump Announces 2026 Spring Garden Tours,"사법/법무, 선거/정치",2026-03-31,[조치] Ensuring Citizenship Verification and Integrity in Federal Elections,policy,White House Presidential Actions,https://www.whitehouse.gov/presidential-actions/2026/03/ensuring-citizenship-verification-and-integrity-in-federal-elections/,11,0.3,N,,
20260319_br0009,2026-03-19,First Lady Melania Trump’s Fostering the Future Together Assembles Leaders from 45 Nations and 28 Tech Entities,"외교/동맹, 경제/세금, 에너지, 규제완화, 선거/정치",2026-03-31,[조치] Ensuring Citizenship Verification and Integrity in Federal Elections,policy,White House Presidential Actions,https://www.whitehouse.gov/presidential-actions/2026/03/ensuring-citizenship-verification-and-integrity-in-federal-elections/,12,0.3,N,,
20260317_br0012,2026-03-17,Presidential Message on Saint Patrick’s Day and Irish American Heritage Month,"안보/군사, 경제/세금, 에너지, 사법/법무",2026-03-24,"[조치] Greek Independence Day: A National Day of Celebration of Greek and American Democracy, 2026",policy,White House Presidential Actions,https://www.whitehouse.gov/presidential-actions/2026/03/greek-independence-day-a-national-day-of-celebration-of-greek-and-american-democracy-2026/,7,0.4,Y,Y,
20260316_br0013,2026-03-16,America 250: Presidential Message on the Birthday of President James Madison,"안보/군사, 경제/세금, 규제완화, 사법/법무, 선거/정치",2026-03-31,[조치] Ensuring Citizenship Verification and Integrity in Federal Elections,policy,White House Presidential Actions,https://www.whitehouse.gov/presidential-actions/2026/03/ensuring-citizenship-verification-and-integrity-in-federal-elections/,15,0.3,N,,
20260315_br0014,2026-03-15,America 250: Presidential Message on the Birthday of President Andrew Jackson,"무역/관세, 안보/군사, 경제/세금, 사법/법무, 선거/정치",2026-03-31,[조치] Ensuring Citizenship Verification and Integrity in Federal Elections,policy,White House Presidential Actions,https://www.whitehouse.gov/presidential-actions/2026/03/ensuring-citizenship-verification-and-integrity-in-federal-elections/,16,0.4,N,,
20260315_br0014,2026-03-15,America 250: Presidential Message on the Birthday of President Andrew Jackson,"무역/관세, 안보/군사, 경제/세금, 사법/법무, 선거/정치",2026-03-24,"[조치] Greek Independence Day: A National Day of Celebration of Greek and American Democracy, 2026",policy,White House Presidential Actions,https://www.whitehouse.gov/presidential-actions/2026/03/greek-independence-day-a-national-day-of-celebration-of-greek-and-american-democracy-2026/,9,0.3,N,,
20260313_br0015,2026-03-13,Presidential Message on National K-9 Veterans Day,"이민/국경, 안보/군사, 경제/세금, 에너지, 사법/법무, 보건",2026-03-13,[조치] Adjusting Certain Delegations Under the Defense Production Act,policy,White House Presidential Actions,https://www.whitehouse.gov/presidential-actions/2026/03/adjusting-certain-delegations-under-the-defense-production-act/,0,0.3,N,,
20260312_br0016,2026-03-12,First Lady Melania Trump Calls on Women to Be Courageous and Take Risks,"안보/군사, 경제/세금, 규제완화, 사법/법무, 선거/정치",2026-03-12,"[조치] Women’s History Month, 2026",policy,White House Presidential Actions,https://www.whitehouse.gov/presidential-actions/2026/03/womens-history-month-2026/,0,0.3,N,,
20260312_br0016,2026-03-12,First Lady Melania Trump Calls on Women to Be Courageous and Take Risks,"안보/군사, 경제/세금, 규제완화, 사법/법무, 선거/정치",2026-03-31,[조치] Ensuring Citizenship Verification and Integrity in Federal Elections,policy,White House Presidential Actions,https://www.whitehouse.gov/presidential-actions/2026/03/ensuring-citizenship-verification-and-integrity-in-federal-elections/,19,0.3,N,,
20260312_br0016,2026-03-12,First Lady Melania Trump Calls on Women to Be Courageous and Take Risks,"안보/군사, 경제/세금, 규제완화, 사법/법무, 선거/정치",2026-03-13,[조치] Adjusting Certain Delegations Under the Defense Production Act,policy,White House Presidential Actions,https://www.whitehouse.gov/presidential-actions/2026/03/adjusting-certain-delegations-under-the-defense-production-act/,1,0.3,N,,
20260310_br0017,2026-03-10,America 250: Presidential Message Celebrating the Life of Harriet Tubman,"안보/군사, 경제/세금, 사법/법무, 선거/정치",2026-03-31,[조치] Ensuring Citizenship Verification and Integrity in Federal Elections,policy,White House Presidential Actions,https://www.whitehouse.gov/presidential-actions/2026/03/ensuring-citizenship-verification-and-integrity-in-federal-elections/,21,0.3,N,,
20260310_br0017,2026-03-10,America 250: Presidential Message Celebrating the Life of Harriet Tubman,"안보/군사, 경제/세금, 사법/법무, 선거/정치",2026-03-13,[조치] Adjusting Certain Delegations Under the Defense Production Act,policy,White House Presidential Actions,https://www.whitehouse.gov/presidential-actions/2026/03/adjusting-certain-delegations-under-the-defense-production-act/,3,0.3,N,,
20260307_br0018,2026-03-07,America 250: Presidential Message on the Anniversary of the Selma Marches,"외교/동맹, 경제/세금, 사법/법무, 선거/정치",2026-03-31,[조치] Ensuring Citizenship Verification and Integrity in Federal Elections,policy,White House Presidential Actions,https://www.whitehouse.gov/presidential-actions/2026/03/ensuring-citizenship-verification-and-integrity-in-federal-elections/,24,0.5,N,,
20260305_br0019,2026-03-05,America 250: Presidential Message on the Anniversary of the Boston Massacre,"안보/군사, 경제/세금, 에너지, 미디어",2026-03-13,[조치] Adjusting Certain Delegations Under the Defense Production Act,policy,White House Presidential Actions,https://www.whitehouse.gov/presidential-actions/2026/03/adjusting-certain-delegations-under-the-defense-production-act/,8,0.3,N,,
20260303_br0022,2026-03-03,Presidential Message on Women’s History Month,"경제/세금, 선거/정치",2026-03-31,[조치] Ensuring Citizenship Verification and Integrity in Federal Elections,policy,White House Presidential Actions,https://www.whitehouse.gov/presidential-actions/2026/03/ensuring-citizenship-verification-and-integrity-in-federal-elections/,28,0.4,N,,
20260303_br0022,2026-03-03,Presidential Message on Women’s History Month,"경제/세금, 선거/정치",2026-03-12,"[조치] Women’s History Month, 2026",policy,White House Presidential Actions,https://www.whitehouse.gov/presidential-actions/2026/03/womens-history-month-2026/,9,0.3,N,,
20260302_br0023,2026-03-02,Presidential Message on Colorectal Cancer Awareness Month,"안보/군사, 보건",2026-03-13,[조치] Adjusting Certain Delegations Under the Defense Production Act,policy,White House Presidential Actions,https://www.whitehouse.gov/presidential-actions/2026/03/adjusting-certain-delegations-under-the-defense-production-act/,11,0.4,Y,Y,
20260302_br0024,2026-03-02,"First Lady Melania Trump Addresses U.N. Security Council, Championing Peace Through Education","무역/관세, 외교/동맹, 안보/군사, 경제/세금, 규제완화, 선거/정치",2026-03-31,[조치] Ensuring Citizenship Verification and Integrity in Federal Elections,policy,White House Presidential Actions,https://www.whitehouse.gov/presidential-actions/2026/03/ensuring-citizenship-verification-and-integrity-in-federal-elections/,29,0.3,N,,
20260302_br0024,2026-03-02,"First Lady Melania Trump Addresses U.N. Security Council, Championing Peace Through Education","무역/관세, 외교/동맹, 안보/군사, 경제/세금, 규제완화, 선거/정치",2026-03-13,[조치] Adjusting Certain Delegations Under the Defense Production Act,policy,White House Presidential Actions,https://www.whitehouse.gov/presidential-actions/2026/03/adjusting-certain-delegations-under-the-defense-production-act/,11,0.3,N,,
20260302_br0026,2026-03-02,65th Anniversary of the Peace Corps,"안보/군사, 경제/세금, 규제완화",2026-03-13,[조치] Adjusting Certain Delegations Under the Defense Production Act,policy,White House Presidential Actions,https://www.whitehouse.gov/presidential-actions/2026/03/adjusting-certain-delegations-under-the-defense-production-act/,11,0.3,N,,
20260223_br0028,2026-02-23,America 250: Presidential Message on the Anniversary of the Battle of the Alamo,"안보/군사, 경제/세금, 미디어",2026-03-13,[조치] Adjusting Certain Delegations Under the Defense Production Act,policy,White House Presidential Actions,https://www.whitehouse.gov/presidential-actions/2026/03/adjusting-certain-delegations-under-the-defense-production-act/,18,0.5,N,,
20260220_br0029,2026-02-20,First Lady Melania Trump Champions U.S. Fashion Leadership,"무역/관세, 경제/세금, 규제완화, 선거/정치",2026-03-31,[조치] Ensuring Citizenship Verification and Integrity in Federal Elections,policy,White House Presidential Actions,https://www.whitehouse.gov/presidential-actions/2026/03/ensuring-citizenship-verification-and-integrity-in-federal-elections/,39,0.3,N,,
20260220_br0029,2026-02-20,First Lady Melania Trump Champions U.S. Fashion Leadership,"무역/관세, 경제/세금, 규제완화, 선거/정치",2026-02-21,[조치] Imposing a Temporary Import Surcharge to Address Fundamental International Payments Problems,policy,White House Presidential Actions,https://www.whitehouse.gov/presidential-actions/2026/02/imposing-a-temporary-import-surcharge-to-address-fundamental-international-payments-problems/,1,0.3,N,,
20260220_br0029,2026-02-20,First Lady Melania Trump Champions U.S. Fashion Leadership,"무역/관세, 경제/세금, 규제완화, 선거/정치",2026-02-21,[조치] Continuing the Suspension of Duty-Free De Minimis Treatment for All Countries,policy,White House Presidential Actions,https://www.whitehouse.gov/presidential-actions/2026/02/continuing-the-suspension-of-duty-free-de-minimis-treatment-for-all-countries/,1,0.3,N,,
20260220_br0029,2026-02-20,First Lady Melania Trump Champions U.S. Fashion Leadership,"무역/관세, 경제/세금, 규제완화, 선거/정치",2026-02-21,[조치] Ending Certain Tariff Actions,policy,White House Presidential Actions,https://www.whitehouse.gov/presidential-actions/2026/02/ending-certain-tariff-actions/,1,0.3,N,,
20260219_br0030,2026-02-19,America 250: Anniversary of the Battle of Iwo Jima,"외교/동맹, 안보/군사, 경제/세금, 규제완화, 선거/정치, 미디어",2026-03-13,[조치] Adjusting Certain Delegations Under the Defense Production Act,policy,White House Presidential Actions,https://www.whitehouse.gov/presidential-actions/2026/03/adjusting-certain-delegations-under-the-defense-production-act/,22,0.5,N,,
20260219_br0030,2026-02-19,America 250: Anniversary of the Battle of Iwo Jima,"외교/동맹, 안보/군사, 경제/세금, 규제완화, 선거/정치, 미디어",2026-03-31,[조치] Ensuring Citizenship Verification and Integrity in Federal Elections,policy,White House Presidential Actions,https://www.whitehouse.gov/presidential-actions/2026/03/ensuring-citizenship-verification-and-integrity-in-federal-elections/,40,0.3,N,,
20260219_br0031,2026-02-19,Implementation of the Agreement Toward a NEW GOLDEN AGE for the U.S.-Indonesian Alliance,"무역/관세, 안보/군사",2026-02-21,[조치] Continuing the Suspension of Duty-Free De Minimis Treatment for All Countries,policy,White House Presidential Actions,https://www.whitehouse.gov/presidential-actions/2026/02/continuing-the-suspension-of-duty-free-de-minimis-treatment-for-all-countries/,2,0.4,Y,Y,
20260219_br0031,2026-02-19,Implementation of the Agreement Toward a NEW GOLDEN AGE for the U.S.-Indonesian Alliance,"무역/관세, 안보/군사",2026-03-13,[조치] Adjusting Certain Delegations Under the Defense Production Act,policy,White House Presidential Actions,https://www.whitehouse.gov/presidential-actions/2026/03/adjusting-certain-delegations-under-the-defense-production-act/,22,0.3,N,,
20260219_br0031,2026-02-19,Implementation of the Agreement Toward a NEW GOLDEN AGE for the U.S.-Indonesian Alliance,"무역/관세, 안보/군사",2026-02-21,[조치] Imposing a Temporary Import Surcharge to Address Fundamental International Payments Problems,policy,White House Presidential Actions,https://www.whitehouse.gov/presidential-actions/2026/02/imposing-a-temporary-import-surcharge-to-address-fundamental-international-payments-problems/,2,0.3,N,,
20260219_br0031,2026-02-19,Implementation of the Agreement Toward a NEW GOLDEN AGE for the U.S.-Indonesian Alliance,"무역/관세, 안보/군사",2026-02-21,[조치] Ending Certain Tariff Actions,policy,White House Presidential Actions,https://www.whitehouse.gov/presidential-actions/2026/02/ending-certain-tariff-actions/,2,0.3,N,,
20260218_br0032,2026-02-18,Congressional Bills H.J.Res. 142 and S. 3705 Signed into Law,"경제/세금, 사법/법무, 선거/정치",2026-03-31,[조치] Ensuring Citizenship Verification and Integrity in Federal Elections,policy,White House Presidential Actions,https://www.whitehouse.gov/presidential-actions/2026/03/ensuring-citizenship-verification-and-integrity-in-federal-elections/,41,0.3,N,,
20260218_br0032,2026-02-18,Congressional Bills H.J.Res. 142 and S. 3705 Signed into Law,"경제/세금, 사법/법무, 선거/정치",2026-03-06,"[조치] Combating Cybercrime, Fraud, and Predatory Schemes Against American Citizens",policy,White House Presidential Actions,https://www.whitehouse.gov/presidential-actions/2026/03/combating-cybercrime-fraud-and-predatory-schemes-against-american-citizens/,16,0.3,N,,
20260218_br0033,2026-02-18,Presidential Message on Ash Wednesday,"안보/군사, 규제완화",2026-02-18,[조치] Promoting the National Defense by Ensuring an Adequate Supply of Elemental Phosphorus and Glyphosate-Based Herbicides,policy,White House Presidential Actions,https://www.whitehouse.gov/presidential-actions/2026/02/promoting-the-national-defense-by-ensuring-an-adequate-supply-of-elemental-phosphorus-and-glyphosate-based-herbicides/,0,0.4,Y,Y,
20260218_br0033,2026-02-18,Presidential Message on Ash Wednesday,"안보/군사, 규제완화",2026-03-13,[조치] Adjusting Certain Delegations Under the Defense Production Act,policy,White House Presidential Actions,https://www.whitehouse.gov/presidential-actions/2026/03/adjusting-certain-delegations-under-the-defense-production-act/,23,0.3,N,,
20260215_br0036,2026-02-15,Presidential Message on Susan B. Anthony Day,"경제/세금, 사법/법무, 선거/정치",2026-03-31,[조치] Ensuring Citizenship Verification and Integrity in Federal Elections,policy,White House Presidential Actions,https://www.whitehouse.gov/presidential-actions/2026/03/ensuring-citizenship-verification-and-integrity-in-federal-elections/,44,0.4,N,,
20260215_br0036,2026-02-15,Presidential Message on Susan B. Anthony Day,"경제/세금, 사법/법무, 선거/정치",2026-03-06,"[조치] Combating Cybercrime, Fraud, and Predatory Schemes Against American Citizens",policy,White House Presidential Actions,https://www.whitehouse.gov/presidential-actions/2026/03/combating-cybercrime-fraud-and-predatory-schemes-against-american-citizens/,19,0.4,N,,
20260215_br0037,2026-02-15,Presidential Message on the Daytona 500,"무역/관세, 안보/군사, 경제/세금",2026-03-13,[조치] Adjusting Certain Delegations Under the Defense Production Act,policy,White House Presidential Actions,https://www.whitehouse.gov/presidential-actions/2026/03/adjusting-certain-delegations-under-the-defense-production-act/,26,0.4,N,,
20260215_br0037,2026-02-15,Presidential Message on the Daytona 500,"무역/관세, 안보/군사, 경제/세금",2026-02-18,[조치] Promoting the National Defense by Ensuring an Adequate Supply of Elemental Phosphorus and Glyphosate-Based Herbicides,policy,White House Presidential Actions,https://www.whitehouse.gov/presidential-actions/2026/02/promoting-the-national-defense-by-ensuring-an-adequate-supply-of-elemental-phosphorus-and-glyphosate-based-herbicides/,3,0.4,Y,Y,
20260215_br0037,2026-02-15,Presidential Message on the Daytona 500,"무역/관세, 안보/군사, 경제/세금",2026-02-21,[조치] Imposing a Temporary Import Surcharge to Address Fundamental International Payments Problems,policy,White House Presidential Actions,https://www.whitehouse.gov/presidential-actions/2026/02/imposing-a-temporary-import-surcharge-to-address-fundamental-international-payments-problems/,6,0.3,N,,
20260215_br0037,2026-02-15,Presidential Message on the Daytona 500,"무역/관세, 안보/군사, 경제/세금",2026-02-21,[조치] Continuing the Suspension of Duty-Free De Minimis Treatment for All Countries,policy,White House Presidential Actions,https://www.whitehouse.gov/presidential-actions/2026/02/continuing-the-suspension-of-duty-free-de-minimis-treatment-for-all-countries/,6,0.3,N,,
20260215_br0037,2026-02-15,Presidential Message on the Daytona 500,"무역/관세, 안보/군사, 경제/세금",2026-02-21,[조치] Ending Certain Tariff Actions,policy,White House Presidential Actions,https://www.whitehouse.gov/presidential-actions/2026/02/ending-certain-tariff-actions/,6,0.3,N,,
20260213_br0038,2026-02-13,First Lady Melania Trump Embraces Love of Country & Family to United States Armed Forces,"안보/군사, 경제/세금, 규제완화, 사법/법무",2026-03-13,[조치] Adjusting Certain Delegations Under the Defense Production Act,policy,White House Presidential Actions,https://www.whitehouse.gov/presidential-actions/2026/03/adjusting-certain-delegations-under-the-defense-production-act/,28,0.3,N,,
20260213_br0038,2026-02-13,First Lady Melania Trump Embraces Love of Country & Family to United States Armed Forces,"안보/군사, 경제/세금, 규제완화, 사법/법무",2026-03-06,"[조치] Combating Cybercrime, Fraud, and Predatory Schemes Against American Citizens",policy,White House Presidential Actions,https://www.whitehouse.gov/presidential-actions/2026/03/combating-cybercrime-fraud-and-predatory-schemes-against-american-citizens/,21,0.3,N,,
20260213_br0038,2026-02-13,First Lady Melania Trump Embraces Love of Country & Family to United States Armed Forces,"안보/군사, 경제/세금, 규제완화, 사법/법무",2026-02-18,[조치] Promoting the National Defense by Ensuring an Adequate Supply of Elemental Phosphorus and Glyphosate-Based Herbicides,policy,White House Presidential Actions,https://www.whitehouse.gov/presidential-actions/2026/02/promoting-the-national-defense-by-ensuring-an-adequate-supply-of-elemental-phosphorus-and-glyphosate-based-herbicides/,5,0.3,N,,
20260213_br0039,2026-02-13,Presidential Message on Career and Technical Education Month,"안보/군사, 경제/세금, 규제완화, 사법/법무",2026-03-06,"[조치] Combating Cybercrime, Fraud, and Predatory Schemes Against American Citizens",policy,White House Presidential Actions,https://www.whitehouse.gov/presidential-actions/2026/03/combating-cybercrime-fraud-and-predatory-schemes-against-american-citizens/,21,0.4,N,,
20260213_br0039,2026-02-13,Presidential Message on Career and Technical Education Month,"안보/군사, 경제/세금, 규제완화, 사법/법무",2026-02-18,[조치] Promoting the National Defense by Ensuring an Adequate Supply of Elemental Phosphorus and Glyphosate-Based Herbicides,policy,White House Presidential Actions,https://www.whitehouse.gov/presidential-actions/2026/02/promoting-the-national-defense-by-ensuring-an-adequate-supply-of-elemental-phosphorus-and-glyphosate-based-herbicides/,5,0.4,Y,Y,
20260213_br0039,2026-02-13,Presidential Message on Career and Technical Education Month,"안보/군사, 경제/세금, 규제완화, 사법/법무",2026-03-13,[조치] Adjusting Certain Delegations Under the Defense Production Act,policy,White House Presidential Actions,https://www.whitehouse.gov/presidential-actions/2026/03/adjusting-certain-delegations-under-the-defense-production-act/,28,0.3,N,,
20260213_br0040,2026-02-13,Presidential Message on American Heart Month,"안보/군사, 선거/정치, 미디어, 보건",2026-03-13,[조치] Adjusting Certain Delegations Under the Defense Production Act,policy,White House Presidential Actions,https://www.whitehouse.gov/presidential-actions/2026/03/adjusting-certain-delegations-under-the-defense-production-act/,28,0.4,N,,
20260213_br0040,2026-02-13,Presidential Message on American Heart Month,"안보/군사, 선거/정치, 미디어, 보건",2026-03-31,[조치] Ensuring Citizenship Verification and Integrity in Federal Elections,policy,White House Presidential Actions,https://www.whitehouse.gov/presidential-actions/2026/03/ensuring-citizenship-verification-and-integrity-in-federal-elections/,46,0.3,N,,
20260213_br0040,2026-02-13,Presidential Message on American Heart Month,"안보/군사, 선거/정치, 미디어, 보건",2026-02-18,[조치] Promoting the National Defense by Ensuring an Adequate Supply of Elemental Phosphorus and Glyphosate-Based Herbicides,policy,White House Presidential Actions,https://www.whitehouse.gov/presidential-actions/2026/02/promoting-the-national-defense-by-ensuring-an-adequate-supply-of-elemental-phosphorus-and-glyphosate-based-herbicides/,5,0.3,N,,
20260212_br0041,2026-02-12,"Joint Statement on a Framework for United States-North Macedonia Agreement on Reciprocal, Fair, and Balanced Trade","무역/관세, 경제/세금, 에너지, 규제완화, 사법/법무",2026-02-21,[조치] Imposing a Temporary Import Surcharge to Address Fundamental International Payments Problems,policy,White House Presidential Actions,https://www.whitehouse.gov/presidential-actions/2026/02/imposing-a-temporary-import-surcharge-to-address-fundamental-international-payments-problems/,9,0.5,Y,Y,
20260212_br0041,2026-02-12,"Joint Statement on a Framework for United States-North Macedonia Agreement on Reciprocal, Fair, and Balanced Trade","무역/관세, 경제/세금, 에너지, 규제완화, 사법/법무",2026-02-21,[조치] Ending Certain Tariff Actions,policy,White House Presidential Actions,https://www.whitehouse.gov/presidential-actions/2026/02/ending-certain-tariff-actions/,9,0.5,Y,Y,
20260212_br0041,2026-02-12,"Joint Statement on a Framework for United States-North Macedonia Agreement on Reciprocal, Fair, and Balanced Trade","무역/관세, 경제/세금, 에너지, 규제완화, 사법/법무",2026-02-21,[조치] Continuing the Suspension of Duty-Free De Minimis Treatment for All Countries,policy,White House Presidential Actions,https://www.whitehouse.gov/presidential-actions/2026/02/continuing-the-suspension-of-duty-free-de-minimis-treatment-for-all-countries/,9,0.4,Y,Y,
20260212_br0041,2026-02-12,"Joint Statement on a Framework for United States-North Macedonia Agreement on Reciprocal, Fair, and Balanced Trade","무역/관세, 경제/세금, 에너지, 규제완화, 사법/법무",2026-03-06,"[조치] Combating Cybercrime, Fraud, and Predatory Schemes Against American Citizens",policy,White House Presidential Actions,https://www.whitehouse.gov/presidential-actions/2026/03/combating-cybercrime-fraud-and-predatory-schemes-against-american-citizens/,22,0.3,N,,
20260212_br0042,2026-02-12,"Birthday of President Abraham Lincoln, 2026","무역/관세, 안보/군사, 경제/세금, 에너지, 사법/법무, 선거/정치",2026-03-06,"[조치] Combating Cybercrime, Fraud, and Predatory Schemes Against American Citizens",policy,White House Presidential Actions,https://www.whitehouse.gov/presidential-actions/2026/03/combating-cybercrime-fraud-and-predatory-schemes-against-american-citizens/,22,0.5,N,,
20260212_br0042,2026-02-12,"Birthday of President Abraham Lincoln, 2026","무역/관세, 안보/군사, 경제/세금, 에너지, 사법/법무, 선거/정치",2026-03-31,[조치] Ensuring Citizenship Verification and Integrity in Federal Elections,policy,White House Presidential Actions,https://www.whitehouse.gov/presidential-actions/2026/03/ensuring-citizenship-verification-and-integrity-in-federal-elections/,47,0.4,N,,
20260212_br0042,2026-02-12,"Birthday of President Abraham Lincoln, 2026","무역/관세, 안보/군사, 경제/세금, 에너지, 사법/법무, 선거/정치",2026-03-13,[조치] Adjusting Certain Delegations Under the Defense Production Act,policy,White House Presidential Actions,https://www.whitehouse.gov/presidential-actions/2026/03/adjusting-certain-delegations-under-the-defense-production-act/,29,0.4,N,,
20260212_br0042,2026-02-12,"Birthday of President Abraham Lincoln, 2026","무역/관세, 안보/군사, 경제/세금, 에너지, 사법/법무, 선거/정치",2026-02-18,[조치] Promoting the National Defense by Ensuring an Adequate Supply of Elemental Phosphorus and Glyphosate-Based Herbicides,policy,White House Presidential Actions,https://www.whitehouse.gov/presidential-actions/2026/02/promoting-the-national-defense-by-ensuring-an-adequate-supply-of-elemental-phosphorus-and-glyphosate-based-herbicides/,6,0.4,Y,Y,
20260212_br0042,2026-02-12,"Birthday of President Abraham Lincoln, 2026","무역/관세, 안보/군사, 경제/세금, 에너지, 사법/법무, 선거/정치",2026-02-21,[조치] Imposing a Temporary Import Surcharge to Address Fundamental International Payments Problems,policy,White House Presidential Actions,https://www.whitehouse.gov/presidential-actions/2026/02/imposing-a-temporary-import-surcharge-to-address-fundamental-international-payments-problems/,9,0.3,N,,
20260211_br0044,2026-02-11,First Lady Melania Trump Visits Children with Rare and Serious Diseases at The Children’s Inn at NIH for Valentine’s Day,"무역/관세, 안보/군사, 경제/세금, 미디어, 보건",2026-02-21,[조치] Continuing the Suspension of Duty-Free De Minimis Treatment for All Countries,policy,White House Presidential Actions,https://www.whitehouse.gov/presidential-actions/2026/02/continuing-the-suspension-of-duty-free-de-minimis-treatment-for-all-countries/,10,0.4,Y,Y,
20260211_br0044,2026-02-11,First Lady Melania Trump Visits Children with Rare and Serious Diseases at The Children’s Inn at NIH for Valentine’s Day,"무역/관세, 안보/군사, 경제/세금, 미디어, 보건",2026-02-18,[조치] Promoting the National Defense by Ensuring an Adequate Supply of Elemental Phosphorus and Glyphosate-Based Herbicides,policy,White House Presidential Actions,https://www.whitehouse.gov/presidential-actions/2026/02/promoting-the-national-defense-by-ensuring-an-adequate-supply-of-elemental-phosphorus-and-glyphosate-based-herbicides/,7,0.4,Y,Y,
20260211_br0044,2026-02-11,First Lady Melania Trump Visits Children with Rare and Serious Diseases at The Children’s Inn at NIH for Valentine’s Day,"무역/관세, 안보/군사, 경제/세금, 미디어, 보건",2026-02-11,[조치] Strengthening United States National Defense with America’s Beautiful Clean Coal Power Generation Fleet,policy,White House Presidential Actions,https://www.whitehouse.gov/presidential-actions/2026/02/strengthening-united-states-national-defense-with-americas-beautiful-clean-coal-power-generation-fleet/,0,0.4,Y,Y,
20260211_br0044,2026-02-11,First Lady Melania Trump Visits Children with Rare and Serious Diseases at The Children’s Inn at NIH for Valentine’s Day,"무역/관세, 안보/군사, 경제/세금, 미디어, 보건",2026-03-13,[조치] Adjusting Certain Delegations Under the Defense Production Act,policy,White House Presidential Actions,https://www.whitehouse.gov/presidential-actions/2026/03/adjusting-certain-delegations-under-the-defense-production-act/,30,0.3,N,,
20260211_br0044,2026-02-11,First Lady Melania Trump Visits Children with Rare and Serious Diseases at The Children’s Inn at NIH for Valentine’s Day,"무역/관세, 안보/군사, 경제/세금, 미디어, 보건",2026-02-21,[조치] Imposing a Temporary Import Surcharge to Address Fundamental International Payments Problems,policy,White House Presidential Actions,https://www.whitehouse.gov/presidential-actions/2026/02/imposing-a-temporary-import-surcharge-to-address-fundamental-international-payments-problems/,10,0.3,N,,
20260211_br0045,2026-02-11,America 250: Presidential Message on the Birthday of Thomas Edison,"안보/군사, 경제/세금, 선거/정치",2026-03-31,[조치] Ensuring Citizenship Verification and Integrity in Federal Elections,policy,White House Presidential Actions,https://www.whitehouse.gov/presidential-actions/2026/03/ensuring-citizenship-verification-and-integrity-in-federal-elections/,48,0.4,N,,
20260211_br0045,2026-02-11,America 250: Presidential Message on the Birthday of Thomas Edison,"안보/군사, 경제/세금, 선거/정치",2026-02-18,[조치] Promoting the National Defense by Ensuring an Adequate Supply of Elemental Phosphorus and Glyphosate-Based Herbicides,policy,White House Presidential Actions,https://www.whitehouse.gov/presidential-actions/2026/02/promoting-the-national-defense-by-ensuring-an-adequate-supply-of-elemental-phosphorus-and-glyphosate-based-herbicides/,7,0.4,Y,Y,
20260211_br0045,2026-02-11,America 250: Presidential Message on the Birthday of Thomas Edison,"안보/군사, 경제/세금, 선거/정치",2026-02-11,[조치] Strengthening United States National Defense with America’s Beautiful Clean Coal Power Generation Fleet,policy,White House Presidential Actions,https://www.whitehouse.gov/presidential-actions/2026/02/strengthening-united-states-national-defense-with-americas-beautiful-clean-coal-power-generation-fleet/,0,0.4,Y,Y,
20260211_br0045,2026-02-11,America 250: Presidential Message on the Birthday of Thomas Edison,"안보/군사, 경제/세금, 선거/정치",2026-03-13,[조치] Adjusting Certain Delegations Under the Defense Production Act,policy,White House Presidential Actions,https://www.whitehouse.gov/presidential-actions/2026/03/adjusting-certain-delegations-under-the-defense-production-act/,30,0.3,N,,
20260210_br0046,2026-02-10,Congressional Bill S. 269 Signed into Law,"사법/법무, 선거/정치",2026-03-31,[조치] Ensuring Citizenship Verification and Integrity in Federal Elections,policy,White House Presidential Actions,https://www.whitehouse.gov/presidential-actions/2026/03/ensuring-citizenship-verification-and-integrity-in-federal-elections/,49,0.3,N,,
20260210_br0046,2026-02-10,Congressional Bill S. 269 Signed into Law,"사법/법무, 선거/정치",2026-03-06,"[조치] Combating Cybercrime, Fraud, and Predatory Schemes Against American Citizens",policy,White House Presidential Actions,https://www.whitehouse.gov/presidential-actions/2026/03/combating-cybercrime-fraud-and-predatory-schemes-against-american-citizens/,24,0.3,N,,
20260209_br0047,2026-02-09,Joint Statement on United States – Bangladesh Agreement on Reciprocal Trade,"무역/관세, 이민/국경, 경제/세금, 에너지, 사법/법무, 보건",2026-02-21,[조치] Imposing a Temporary Import Surcharge to Address Fundamental International Payments Problems,policy,White House Presidential Actions,https://www.whitehouse.gov/presidential-actions/2026/02/imposing-a-temporary-import-surcharge-to-address-fundamental-international-payments-problems/,12,0.6,Y,Y,
20260209_br0047,2026-02-09,Joint Statement on United States – Bangladesh Agreement on Reciprocal Trade,"무역/관세, 이민/국경, 경제/세금, 에너지, 사법/법무, 보건",2026-02-21,[조치] Ending Certain Tariff Actions,policy,White House Presidential Actions,https://www.whitehouse.gov/presidential-actions/2026/02/ending-certain-tariff-actions/,12,0.5,Y,Y,
20260209_br0047,2026-02-09,Joint Statement on United States – Bangladesh Agreement on Reciprocal Trade,"무역/관세, 이민/국경, 경제/세금, 에너지, 사법/법무, 보건",2026-02-11,[조치] Strengthening United States National Defense with America’s Beautiful Clean Coal Power Generation Fleet,policy,White House Presidential Actions,https://www.whitehouse.gov/presidential-actions/2026/02/strengthening-united-states-national-defense-with-americas-beautiful-clean-coal-power-generation-fleet/,2,0.4,Y,Y,
20260209_br0047,2026-02-09,Joint Statement on United States – Bangladesh Agreement on Reciprocal Trade,"무역/관세, 이민/국경, 경제/세금, 에너지, 사법/법무, 보건",2026-03-13,[조치] Removing Regulatory Barriers to Affordable Home Construction,policy,White House Presidential Actions,https://www.whitehouse.gov/presidential-actions/2026/03/removing-regulatory-barriers-to-affordable-home-construction/,32,0.3,N,,
20260209_br0047,2026-02-09,Joint Statement on United States – Bangladesh Agreement on Reciprocal Trade,"무역/관세, 이민/국경, 경제/세금, 에너지, 사법/법무, 보건",2026-03-06,"[조치] Combating Cybercrime, Fraud, and Predatory Schemes Against American Citizens",policy,White House Presidential Actions,https://www.whitehouse.gov/presidential-actions/2026/03/combating-cybercrime-fraud-and-predatory-schemes-against-american-citizens/,25,0.3,N,,
20260208_br0048,2026-02-08,Presidential Message on Super Bowl LX,"안보/군사, 경제/세금, 규제완화, 선거/정치",2026-02-18,[조치] Promoting the National Defense by Ensuring an Adequate Supply of Elemental Phosphorus and Glyphosate-Based Herbicides,policy,White House Presidential Actions,https://www.whitehouse.gov/presidential-actions/2026/02/promoting-the-national-defense-by-ensuring-an-adequate-supply-of-elemental-phosphorus-and-glyphosate-based-herbicides/,10,0.4,Y,Y,
20260208_br0048,2026-02-08,Presidential Message on Super Bowl LX,"안보/군사, 경제/세금, 규제완화, 선거/정치",2026-02-11,[조치] Strengthening United States National Defense with America’s Beautiful Clean Coal Power Generation Fleet,policy,White House Presidential Actions,https://www.whitehouse.gov/presidential-actions/2026/02/strengthening-united-states-national-defense-with-americas-beautiful-clean-coal-power-generation-fleet/,3,0.4,Y,Y,
20260208_br0048,2026-02-08,Presidential Message on Super Bowl LX,"안보/군사, 경제/세금, 규제완화, 선거/정치",2026-03-24,"[조치] Greek Independence Day: A National Day of Celebration of Greek and American Democracy, 2026",policy,White House Presidential Actions,https://www.whitehouse.gov/presidential-actions/2026/03/greek-independence-day-a-national-day-of-celebration-of-greek-and-american-democracy-2026/,44,0.3,N,,
20260208_br0048,2026-02-08,Presidential Message on Super Bowl LX,"안보/군사, 경제/세금, 규제완화, 선거/정치",2026-03-31,[조치] Ensuring Citizenship Verification and Integrity in Federal Elections,policy,White House Presidential Actions,https://www.whitehouse.gov/presidential-actions/2026/03/ensuring-citizenship-verification-and-integrity-in-federal-elections/,51,0.3,N,,
20260208_br0048,2026-02-08,Presidential Message on Super Bowl LX,"안보/군사, 경제/세금, 규제완화, 선거/정치",2026-03-13,[조치] Adjusting Certain Delegations Under the Defense Production Act,policy,White House Presidential Actions,https://www.whitehouse.gov/presidential-actions/2026/03/adjusting-certain-delegations-under-the-defense-production-act/,33,0.3,N,,
20260206_br0049,2026-02-06,United States-India Joint Statement,"무역/관세, 안보/군사, 경제/세금, 에너지",2026-02-21,[조치] Imposing a Temporary Import Surcharge to Address Fundamental International Payments Problems,policy,White House Presidential Actions,https://www.whitehouse.gov/presidential-actions/2026/02/imposing-a-temporary-import-surcharge-to-address-fundamental-international-payments-problems/,15,0.6,Y,Y,
20260206_br0049,2026-02-06,United States-India Joint Statement,"무역/관세, 안보/군사, 경제/세금, 에너지",2026-02-11,[조치] Strengthening United States National Defense with America’s Beautiful Clean Coal Power Generation Fleet,policy,White House Presidential Actions,https://www.whitehouse.gov/presidential-actions/2026/02/strengthening-united-states-national-defense-with-americas-beautiful-clean-coal-power-generation-fleet/,5,0.6,Y,Y,
20260206_br0049,2026-02-06,United States-India Joint Statement,"무역/관세, 안보/군사, 경제/세금, 에너지",2026-02-06,[조치] Protecting the National Security and Welfare of the United States and its Citizens from Criminal Actors and Other Public Safety Threats,policy,White House Presidential Actions,https://www.whitehouse.gov/presidential-actions/2026/02/protecting-the-national-security-and-welfare-of-the-united-states-and-its-citizens-from-criminal-actors-and-other-public-safety-threats/,0,0.6,Y,Y,
20260206_br0049,2026-02-06,United States-India Joint Statement,"무역/관세, 안보/군사, 경제/세금, 에너지",2026-03-13,[조치] Adjusting Certain Delegations Under the Defense Production Act,policy,White House Presidential Actions,https://www.whitehouse.gov/presidential-actions/2026/03/adjusting-certain-delegations-under-the-defense-production-act/,35,0.5,N,,
20260206_br0049,2026-02-06,United States-India Joint Statement,"무역/관세, 안보/군사, 경제/세금, 에너지",2026-02-21,[조치] Ending Certain Tariff Actions,policy,White House Presidential Actions,https://www.whitehouse.gov/presidential-actions/2026/02/ending-certain-tariff-actions/,15,0.5,N,,
20260206_br0050,2026-02-06,Congressional Bill S. 3424 Signed into Law,"사법/법무, 선거/정치",2026-03-31,[조치] Ensuring Citizenship Verification and Integrity in Federal Elections,policy,White House Presidential Actions,https://www.whitehouse.gov/presidential-actions/2026/03/ensuring-citizenship-verification-and-integrity-in-federal-elections/,53,0.3,N,,
20260206_br0050,2026-02-06,Congressional Bill S. 3424 Signed into Law,"사법/법무, 선거/정치",2026-03-06,"[조치] Combating Cybercrime, Fraud, and Predatory Schemes Against American Citizens",policy,White House Presidential Actions,https://www.whitehouse.gov/presidential-actions/2026/03/combating-cybercrime-fraud-and-predatory-schemes-against-american-citizens/,28,0.3,N,,
20260206_br0051,2026-02-06,First Lady Melania Trump Announces 2026 White House Easter Egg Roll,"안보/군사, 사법/법무, 선거/정치",2026-02-11,[조치] Strengthening United States National Defense with America’s Beautiful Clean Coal Power Generation Fleet,policy,White House Presidential Actions,https://www.whitehouse.gov/presidential-actions/2026/02/strengthening-united-states-national-defense-with-americas-beautiful-clean-coal-power-generation-fleet/,5,0.4,Y,Y,
20260206_br0051,2026-02-06,First Lady Melania Trump Announces 2026 White House Easter Egg Roll,"안보/군사, 사법/법무, 선거/정치",2026-03-31,[조치] Ensuring Citizenship Verification and Integrity in Federal Elections,policy,White House Presidential Actions,https://www.whitehouse.gov/presidential-actions/2026/03/ensuring-citizenship-verification-and-integrity-in-federal-elections/,53,0.3,N,,
20260206_br0051,2026-02-06,First Lady Melania Trump Announces 2026 White House Easter Egg Roll,"안보/군사, 사법/법무, 선거/정치",2026-03-13,[조치] Adjusting Certain Delegations Under the Defense Production Act,policy,White House Presidential Actions,https://www.whitehouse.gov/presidential-actions/2026/03/adjusting-certain-delegations-under-the-defense-production-act/,35,0.3,N,,
20260206_br0051,2026-02-06,First Lady Melania Trump Announces 2026 White House Easter Egg Roll,"안보/군사, 사법/법무, 선거/정치",2026-03-06,"[조치] Combating Cybercrime, Fraud, and Predatory Schemes Against American Citizens",policy,White House Presidential Actions,https://www.whitehouse.gov/presidential-actions/2026/03/combating-cybercrime-fraud-and-predatory-schemes-against-american-citizens/,28,0.3,N,,
20260206_br0051,2026-02-06,First Lady Melania Trump Announces 2026 White House Easter Egg Roll,"안보/군사, 사법/법무, 선거/정치",2026-02-18,[조치] Promoting the National Defense by Ensuring an Adequate Supply of Elemental Phosphorus and Glyphosate-Based Herbicides,policy,White House Presidential Actions,https://www.whitehouse.gov/presidential-actions/2026/02/promoting-the-national-defense-by-ensuring-an-adequate-supply-of-elemental-phosphorus-and-glyphosate-based-herbicides/,12,0.3,N,,
20260204_br0052,2026-02-04,First Lady Melania Trump Holds Private Meeting with Freed American-Israeli Hostage Keith Siegel After Helping Secure His Release,"외교/동맹, 경제/세금, 선거/정치, 미디어",2026-03-31,[조치] Ensuring Citizenship Verification and Integrity in Federal Elections,policy,White House Presidential Actions,https://www.whitehouse.gov/presidential-actions/2026/03/ensuring-citizenship-verification-and-integrity-in-federal-elections/,55,0.3,N,,
20260204_br0053,2026-02-04,Presidential Message on National Women and Girls in Sports Day,"경제/세금, 사법/법무, 보건",2026-03-06,"[조치] Combating Cybercrime, Fraud, and Predatory Schemes Against American Citizens",policy,White House Presidential Actions,https://www.whitehouse.gov/presidential-actions/2026/03/combating-cybercrime-fraud-and-predatory-schemes-against-american-citizens/,30,0.4,N,,
20260204_br0053,2026-02-04,Presidential Message on National Women and Girls in Sports Day,"경제/세금, 사법/법무, 보건",2026-02-11,[조치] Strengthening United States National Defense with America’s Beautiful Clean Coal Power Generation Fleet,policy,White House Presidential Actions,https://www.whitehouse.gov/presidential-actions/2026/02/strengthening-united-states-national-defense-with-americas-beautiful-clean-coal-power-generation-fleet/,7,0.4,Y,Y,
20260203_br0054,2026-02-03,Congressional Bill H.R. 7148 Signed into Law,"사법/법무, 선거/정치",2026-03-31,[조치] Ensuring Citizenship Verification and Integrity in Federal Elections,policy,White House Presidential Actions,https://www.whitehouse.gov/presidential-actions/2026/03/ensuring-citizenship-verification-and-integrity-in-federal-elections/,56,0.3,N,,
20260203_br0054,2026-02-03,Congressional Bill H.R. 7148 Signed into Law,"사법/법무, 선거/정치",2026-03-06,"[조치] Combating Cybercrime, Fraud, and Predatory Schemes Against American Citizens",policy,White House Presidential Actions,https://www.whitehouse.gov/presidential-actions/2026/03/combating-cybercrime-fraud-and-predatory-schemes-against-american-citizens/,31,0.3,N,,
20260202_br0055,2026-02-02,America 250: Presidential Message on the Anniversary of Our Victory in the Mexican-American War,"무역/관세, 이민/국경, 안보/군사, 경제/세금, 사법/법무, 선거/정치, 미디어, 보건",2026-02-11,[조치] Strengthening United States National Defense with America’s Beautiful Clean Coal Power Generation Fleet,policy,White House Presidential Actions,https://www.whitehouse.gov/presidential-actions/2026/02/strengthening-united-states-national-defense-with-americas-beautiful-clean-coal-power-generation-fleet/,9,0.7,Y,Y,
20260202_br0055,2026-02-02,America 250: Presidential Message on the Anniversary of Our Victory in the Mexican-American War,"무역/관세, 이민/국경, 안보/군사, 경제/세금, 사법/법무, 선거/정치, 미디어, 보건",2026-03-06,"[조치] Combating Cybercrime, Fraud, and Predatory Schemes Against American Citizens",policy,White House Presidential Actions,https://www.whitehouse.gov/presidential-actions/2026/03/combating-cybercrime-fraud-and-predatory-schemes-against-american-citizens/,32,0.5,N,,
20260202_br0055,2026-02-02,America 250: Presidential Message on the Anniversary of Our Victory in the Mexican-American War,"무역/관세, 이민/국경, 안보/군사, 경제/세금, 사법/법무, 선거/정치, 미디어, 보건",2026-02-21,[조치] Ending Certain Tariff Actions,policy,White House Presidential Actions,https://www.whitehouse.gov/presidential-actions/2026/02/ending-certain-tariff-actions/,19,0.4,N,,
20260202_br0055,2026-02-02,America 250: Presidential Message on the Anniversary of Our Victory in the Mexican-American War,"무역/관세, 이민/국경, 안보/군사, 경제/세금, 사법/법무, 선거/정치, 미디어, 보건",2026-02-18,[조치] Promoting the National Defense by Ensuring an Adequate Supply of Elemental Phosphorus and Glyphosate-Based Herbicides,policy,White House Presidential Actions,https://www.whitehouse.gov/presidential-actions/2026/02/promoting-the-national-defense-by-ensuring-an-adequate-supply-of-elemental-phosphorus-and-glyphosate-based-herbicides/,16,0.4,N,,
20260202_br0055,2026-02-02,America 250: Presidential Message on the Anniversary of Our Victory in the Mexican-American War,"무역/관세, 이민/국경, 안보/군사, 경제/세금, 사법/법무, 선거/정치, 미디어, 보건",2026-02-06,[조치] Protecting the National Security and Welfare of the United States and its Citizens from Criminal Actors and Other Public Safety Threats,policy,White House Presidential Actions,https://www.whitehouse.gov/presidential-actions/2026/02/protecting-the-national-security-and-welfare-of-the-united-states-and-its-citizens-from-criminal-actors-and-other-public-safety-threats/,4,0.4,Y,Y,
20260129_br0056,2026-01-29,America 250: Presidential Message on the Birthday of President William McKinley,"무역/관세, 안보/군사, 경제/세금, 선거/정치",2026-02-11,[조치] Strengthening United States National Defense with America’s Beautiful Clean Coal Power Generation Fleet,policy,White House Presidential Actions,https://www.whitehouse.gov/presidential-actions/2026/02/strengthening-united-states-national-defense-with-americas-beautiful-clean-coal-power-generation-fleet/,13,0.7,Y,Y,
20260129_br0056,2026-01-29,America 250: Presidential Message on the Birthday of President William McKinley,"무역/관세, 안보/군사, 경제/세금, 선거/정치",2026-02-21,[조치] Ending Certain Tariff Actions,policy,White House Presidential Actions,https://www.whitehouse.gov/presidential-actions/2026/02/ending-certain-tariff-actions/,23,0.4,N,,
20260129_br0056,2026-01-29,America 250: Presidential Message on the Birthday of President William McKinley,"무역/관세, 안보/군사, 경제/세금, 선거/정치",2026-02-18,[조치] Promoting the National Defense by Ensuring an Adequate Supply of Elemental Phosphorus and Glyphosate-Based Herbicides,policy,White House Presidential Actions,https://www.whitehouse.gov/presidential-actions/2026/02/promoting-the-national-defense-by-ensuring-an-adequate-supply-of-elemental-phosphorus-and-glyphosate-based-herbicides/,20,0.4,N,,
20260129_br0056,2026-01-29,America 250: Presidential Message on the Birthday of President William McKinley,"무역/관세, 안보/군사, 경제/세금, 선거/정치",2026-02-06,[조치] Protecting the National Security and Welfare of the United States and its Citizens from Criminal Actors and Other Public Safety Threats,policy,White House Presidential Actions,https://www.whitehouse.gov/presidential-actions/2026/02/protecting-the-national-security-and-welfare-of-the-united-states-and-its-citizens-from-criminal-actors-and-other-public-safety-threats/,8,0.3,N,,
20260129_br0056,2026-01-29,America 250: Presidential Message on the Birthday of President William McKinley,"무역/관세, 안보/군사, 경제/세금, 선거/정치",2026-03-31,[조치] Ensuring Citizenship Verification and Integrity in Federal Elections,policy,White House Presidential Actions,https://www.whitehouse.gov/presidential-actions/2026/03/ensuring-citizenship-verification-and-integrity-in-federal-elections/,61,0.3,N,,
20260128_br0057,2026-01-28,America 250: Presidential Message on the Anniversary of the Space Shuttle Challenger Disaster,"안보/군사, 경제/세금",2026-02-11,[조치] Strengthening United States National Defense with America’s Beautiful Clean Coal Power Generation Fleet,policy,White House Presidential Actions,https://www.whitehouse.gov/presidential-actions/2026/02/strengthening-united-states-national-defense-with-americas-beautiful-clean-coal-power-generation-fleet/,14,0.7,Y,Y,
20260128_br0057,2026-01-28,America 250: Presidential Message on the Anniversary of the Space Shuttle Challenger Disaster,"안보/군사, 경제/세금",2026-03-13,[조치] Adjusting Certain Delegations Under the Defense Production Act,policy,White House Presidential Actions,https://www.whitehouse.gov/presidential-actions/2026/03/adjusting-certain-delegations-under-the-defense-production-act/,44,0.4,N,,
20260128_br0057,2026-01-28,America 250: Presidential Message on the Anniversary of the Space Shuttle Challenger Disaster,"안보/군사, 경제/세금",2026-02-18,[조치] Promoting the National Defense by Ensuring an Adequate Supply of Elemental Phosphorus and Glyphosate-Based Herbicides,policy,White House Presidential Actions,https://www.whitehouse.gov/presidential-actions/2026/02/promoting-the-national-defense-by-ensuring-an-adequate-supply-of-elemental-phosphorus-and-glyphosate-based-herbicides/,21,0.4,N,,
20260128_br0057,2026-01-28,America 250: Presidential Message on the Anniversary of the Space Shuttle Challenger Disaster,"안보/군사, 경제/세금",2026-02-06,[조치] Unleashing American Commercial Fishing in the Atlantic,policy,White House Presidential Actions,https://www.whitehouse.gov/presidential-actions/2026/02/unleashing-american-commercial-fishing-in-the-atlantic/,9,0.3,N,,
20260127_br0058,2026-01-27,Presidential Message on International Holocaust Remembrance Day,"외교/동맹, 안보/군사, 경제/세금, 사법/법무, 미디어",2026-03-06,"[조치] Combating Cybercrime, Fraud, and Predatory Schemes Against American Citizens",policy,White House Presidential Actions,https://www.whitehouse.gov/presidential-actions/2026/03/combating-cybercrime-fraud-and-predatory-schemes-against-american-citizens/,38,0.4,N,,
20260127_br0058,2026-01-27,Presidential Message on International Holocaust Remembrance Day,"외교/동맹, 안보/군사, 경제/세금, 사법/법무, 미디어",2026-02-11,[조치] Strengthening United States National Defense with America’s Beautiful Clean Coal Power Generation Fleet,policy,White House Presidential Actions,https://www.whitehouse.gov/presidential-actions/2026/02/strengthening-united-states-national-defense-with-americas-beautiful-clean-coal-power-generation-fleet/,15,0.4,N,,
20260127_br0058,2026-01-27,Presidential Message on International Holocaust Remembrance Day,"외교/동맹, 안보/군사, 경제/세금, 사법/법무, 미디어",2026-03-13,[조치] Adjusting Certain Delegations Under the Defense Production Act,policy,White House Presidential Actions,https://www.whitehouse.gov/presidential-actions/2026/03/adjusting-certain-delegations-under-the-defense-production-act/,45,0.3,N,,
20260127_br0058,2026-01-27,Presidential Message on International Holocaust Remembrance Day,"외교/동맹, 안보/군사, 경제/세금, 사법/법무, 미디어",2026-02-18,[조치] Promoting the National Defense by Ensuring an Adequate Supply of Elemental Phosphorus and Glyphosate-Based Herbicides,policy,White House Presidential Actions,https://www.whitehouse.gov/presidential-actions/2026/02/promoting-the-national-defense-by-ensuring-an-adequate-supply-of-elemental-phosphorus-and-glyphosate-based-herbicides/,22,0.3,N,,
20260123_br0059,2026-01-23,Congressional Bill H.R. 4323 and H.R. 6938 Signed into Law,"에너지, 사법/법무, 선거/정치",2026-03-31,[조치] Ensuring Citizenship Verification and Integrity in Federal Elections,policy,White House Presidential Actions,https://www.whitehouse.gov/presidential-actions/2026/03/ensuring-citizenship-verification-and-integrity-in-federal-elections/,67,0.3,N,,
20260123_br0059,2026-01-23,Congressional Bill H.R. 4323 and H.R. 6938 Signed into Law,"에너지, 사법/법무, 선거/정치",2026-03-06,"[조치] Combating Cybercrime, Fraud, and Predatory Schemes Against American Citizens",policy,White House Presidential Actions,https://www.whitehouse.gov/presidential-actions/2026/03/combating-cybercrime-fraud-and-predatory-schemes-against-american-citizens/,42,0.3,N,,
20260123_br0060,2026-01-23,First Lady Melania Trump to Ring Opening Bell of the New York Stock Exchange,"외교/동맹, 경제/세금, 에너지, 규제완화, 사법/법무, 선거/정치, 미디어",2026-03-31,[조치] Ensuring Citizenship Verification and Integrity in Federal Elections,policy,White House Presidential Actions,https://www.whitehouse.gov/presidential-actions/2026/03/ensuring-citizenship-verification-and-integrity-in-federal-elections/,67,0.4,N,,
20260123_br0060,2026-01-23,First Lady Melania Trump to Ring Opening Bell of the New York Stock Exchange,"외교/동맹, 경제/세금, 에너지, 규제완화, 사법/법무, 선거/정치, 미디어",2026-02-11,[조치] Strengthening United States National Defense with America’s Beautiful Clean Coal Power Generation Fleet,policy,White House Presidential Actions,https://www.whitehouse.gov/presidential-actions/2026/02/strengthening-united-states-national-defense-with-americas-beautiful-clean-coal-power-generation-fleet/,19,0.4,N,,
20260123_br0060,2026-01-23,First Lady Melania Trump to Ring Opening Bell of the New York Stock Exchange,"외교/동맹, 경제/세금, 에너지, 규제완화, 사법/법무, 선거/정치, 미디어",2026-03-06,"[조치] Combating Cybercrime, Fraud, and Predatory Schemes Against American Citizens",policy,White House Presidential Actions,https://www.whitehouse.gov/presidential-actions/2026/03/combating-cybercrime-fraud-and-predatory-schemes-against-american-citizens/,42,0.3,N,,
20260123_br0061,2026-01-23,"Presidential Message on National Sanctity of Human Life Day, 2026","안보/군사, 경제/세금, 규제완화, 사법/법무",2026-02-11,[조치] Strengthening United States National Defense with America’s Beautiful Clean Coal Power Generation Fleet,policy,White House Presidential Actions,https://www.whitehouse.gov/presidential-actions/2026/02/strengthening-united-states-national-defense-with-americas-beautiful-clean-coal-power-generation-fleet/,19,0.9,Y,Y,
20260123_br0061,2026-01-23,"Presidential Message on National Sanctity of Human Life Day, 2026","안보/군사, 경제/세금, 규제완화, 사법/법무",2026-03-06,"[조치] Combating Cybercrime, Fraud, and Predatory Schemes Against American Citizens",policy,White House Presidential Actions,https://www.whitehouse.gov/presidential-actions/2026/03/combating-cybercrime-fraud-and-predatory-schemes-against-american-citizens/,42,0.6,Y,Y,
20260123_br0061,2026-01-23,"Presidential Message on National Sanctity of Human Life Day, 2026","안보/군사, 경제/세금, 규제완화, 사법/법무",2026-02-18,[조치] Promoting the National Defense by Ensuring an Adequate Supply of Elemental Phosphorus and Glyphosate-Based Herbicides,policy,White House Presidential Actions,https://www.whitehouse.gov/presidential-actions/2026/02/promoting-the-national-defense-by-ensuring-an-adequate-supply-of-elemental-phosphorus-and-glyphosate-based-herbicides/,26,0.4,N,,
20260123_br0061,2026-01-23,"Presidential Message on National Sanctity of Human Life Day, 2026","안보/군사, 경제/세금, 규제완화, 사법/법무",2026-02-06,[조치] Protecting the National Security and Welfare of the United States and its Citizens from Criminal Actors and Other Public Safety Threats,policy,White House Presidential Actions,https://www.whitehouse.gov/presidential-actions/2026/02/protecting-the-national-security-and-welfare-of-the-united-states-and-its-citizens-from-criminal-actors-and-other-public-safety-threats/,14,0.4,Y,Y,
20260123_br0061,2026-01-23,"Presidential Message on National Sanctity of Human Life Day, 2026","안보/군사, 경제/세금, 규제완화, 사법/법무",2026-03-24,"[조치] Greek Independence Day: A National Day of Celebration of Greek and American Democracy, 2026",policy,White House Presidential Actions,https://www.whitehouse.gov/presidential-actions/2026/03/greek-independence-day-a-national-day-of-celebration-of-greek-and-american-democracy-2026/,60,0.3,N,,
20260121_br0062,2026-01-21,"Congressional Bill H.R. 224, H.R. 1823, H.R. 4446 Signed into Law","경제/세금, 규제완화, 사법/법무, 선거/정치",2026-03-31,[조치] Ensuring Citizenship Verification and Integrity in Federal Elections,policy,White House Presidential Actions,https://www.whitehouse.gov/presidential-actions/2026/03/ensuring-citizenship-verification-and-integrity-in-federal-elections/,69,0.3,N,,
20260121_br0062,2026-01-21,"Congressional Bill H.R. 224, H.R. 1823, H.R. 4446 Signed into Law","경제/세금, 규제완화, 사법/법무, 선거/정치",2026-03-06,"[조치] Combating Cybercrime, Fraud, and Predatory Schemes Against American Citizens",policy,White House Presidential Actions,https://www.whitehouse.gov/presidential-actions/2026/03/combating-cybercrime-fraud-and-predatory-schemes-against-american-citizens/,44,0.3,N,,
20260117_br0064,2026-01-17,America 250: Presidential Message on the Birthday of Benjamin Franklin,"무역/관세, 안보/군사, 경제/세금, 규제완화, 선거/정치",2026-02-11,[조치] Strengthening United States National Defense with America’s Beautiful Clean Coal Power Generation Fleet,policy,White House Presidential Actions,https://www.whitehouse.gov/presidential-actions/2026/02/strengthening-united-states-national-defense-with-americas-beautiful-clean-coal-power-generation-fleet/,25,0.5,N,,
20260117_br0064,2026-01-17,America 250: Presidential Message on the Birthday of Benjamin Franklin,"무역/관세, 안보/군사, 경제/세금, 규제완화, 선거/정치",2026-02-21,[조치] Ending Certain Tariff Actions,policy,White House Presidential Actions,https://www.whitehouse.gov/presidential-actions/2026/02/ending-certain-tariff-actions/,35,0.4,N,,
20260117_br0064,2026-01-17,America 250: Presidential Message on the Birthday of Benjamin Franklin,"무역/관세, 안보/군사, 경제/세금, 규제완화, 선거/정치",2026-02-18,[조치] Promoting the National Defense by Ensuring an Adequate Supply of Elemental Phosphorus and Glyphosate-Based Herbicides,policy,White House Presidential Actions,https://www.whitehouse.gov/presidential-actions/2026/02/promoting-the-national-defense-by-ensuring-an-adequate-supply-of-elemental-phosphorus-and-glyphosate-based-herbicides/,32,0.4,N,,
20260117_br0064,2026-01-17,America 250: Presidential Message on the Birthday of Benjamin Franklin,"무역/관세, 안보/군사, 경제/세금, 규제완화, 선거/정치",2026-03-24,"[조치] Greek Independence Day: A National Day of Celebration of Greek and American Democracy, 2026",policy,White House Presidential Actions,https://www.whitehouse.gov/presidential-actions/2026/03/greek-independence-day-a-national-day-of-celebration-of-greek-and-american-democracy-2026/,66,0.3,N,,
20260117_br0064,2026-01-17,America 250: Presidential Message on the Birthday of Benjamin Franklin,"무역/관세, 안보/군사, 경제/세금, 규제완화, 선거/정치",2026-03-06,"[조치] Combating Cybercrime, Fraud, and Predatory Schemes Against American Citizens",policy,White House Presidential Actions,https://www.whitehouse.gov/presidential-actions/2026/03/combating-cybercrime-fraud-and-predatory-schemes-against-american-citizens/,48,0.3,N,,
20260116_br0065,2026-01-16,Statement on President Trump’s Comprehensive Plan to End the Gaza Conflict,"외교/동맹, 안보/군사, 경제/세금",2026-02-11,[조치] Strengthening United States National Defense with America’s Beautiful Clean Coal Power Generation Fleet,policy,White House Presidential Actions,https://www.whitehouse.gov/presidential-actions/2026/02/strengthening-united-states-national-defense-with-americas-beautiful-clean-coal-power-generation-fleet/,26,0.6,Y,Y,
20260116_br0065,2026-01-16,Statement on President Trump’s Comprehensive Plan to End the Gaza Conflict,"외교/동맹, 안보/군사, 경제/세금",2026-02-18,[조치] Promoting the National Defense by Ensuring an Adequate Supply of Elemental Phosphorus and Glyphosate-Based Herbicides,policy,White House Presidential Actions,https://www.whitehouse.gov/presidential-actions/2026/02/promoting-the-national-defense-by-ensuring-an-adequate-supply-of-elemental-phosphorus-and-glyphosate-based-herbicides/,33,0.5,N,,
20260116_br0065,2026-01-16,Statement on President Trump’s Comprehensive Plan to End the Gaza Conflict,"외교/동맹, 안보/군사, 경제/세금",2026-02-06,[조치] Protecting the National Security and Welfare of the United States and its Citizens from Criminal Actors and Other Public Safety Threats,policy,White House Presidential Actions,https://www.whitehouse.gov/presidential-actions/2026/02/protecting-the-national-security-and-welfare-of-the-united-states-and-its-citizens-from-criminal-actors-and-other-public-safety-threats/,21,0.5,N,,
20260116_br0065,2026-01-16,Statement on President Trump’s Comprehensive Plan to End the Gaza Conflict,"외교/동맹, 안보/군사, 경제/세금",2026-03-13,[조치] Adjusting Certain Delegations Under the Defense Production Act,policy,White House Presidential Actions,https://www.whitehouse.gov/presidential-actions/2026/03/adjusting-certain-delegations-under-the-defense-production-act/,56,0.3,N,,
20260116_br0066,2026-01-16,"First Lady Melania Trump Inspires America’s Children to be Curious, Use AI to Achieve their Career Ambitions","무역/관세, 외교/동맹, 경제/세금, 규제완화, 선거/정치, 미디어",2026-02-21,[조치] Imposing a Temporary Import Surcharge to Address Fundamental International Payments Problems,policy,White House Presidential Actions,https://www.whitehouse.gov/presidential-actions/2026/02/imposing-a-temporary-import-surcharge-to-address-fundamental-international-payments-problems/,36,0.4,N,,
20260116_br0066,2026-01-16,"First Lady Melania Trump Inspires America’s Children to be Curious, Use AI to Achieve their Career Ambitions","무역/관세, 외교/동맹, 경제/세금, 규제완화, 선거/정치, 미디어",2026-02-11,[조치] Strengthening United States National Defense with America’s Beautiful Clean Coal Power Generation Fleet,policy,White House Presidential Actions,https://www.whitehouse.gov/presidential-actions/2026/02/strengthening-united-states-national-defense-with-americas-beautiful-clean-coal-power-generation-fleet/,26,0.4,N,,
20260116_br0066,2026-01-16,"First Lady Melania Trump Inspires America’s Children to be Curious, Use AI to Achieve their Career Ambitions","무역/관세, 외교/동맹, 경제/세금, 규제완화, 선거/정치, 미디어",2026-03-31,[조치] Ensuring Citizenship Verification and Integrity in Federal Elections,policy,White House Presidential Actions,https://www.whitehouse.gov/presidential-actions/2026/03/ensuring-citizenship-verification-and-integrity-in-federal-elections/,74,0.3,N,,
20260116_br0066,2026-01-16,"First Lady Melania Trump Inspires America’s Children to be Curious, Use AI to Achieve their Career Ambitions","무역/관세, 외교/동맹, 경제/세금, 규제완화, 선거/정치, 미디어",2026-02-21,[조치] Continuing the Suspension of Duty-Free De Minimis Treatment for All Countries,policy,White House Presidential Actions,https://www.whitehouse.gov/presidential-actions/2026/02/continuing-the-suspension-of-duty-free-de-minimis-treatment-for-all-countries/,36,0.3,N,,
20260116_br0066,2026-01-16,"First Lady Melania Trump Inspires America’s Children to be Curious, Use AI to Achieve their Career Ambitions","무역/관세, 외교/동맹, 경제/세금, 규제완화, 선거/정치, 미디어",2026-02-21,[조치] Ending Certain Tariff Actions,policy,White House Presidential Actions,https://www.whitehouse.gov/presidential-actions/2026/02/ending-certain-tariff-actions/,36,0.3,N,,
20260114_br0067,2026-01-14,America 250: Presidential Message on the Anniversary of the Ratification of the 1783 Treaty of Paris,"외교/동맹, 안보/군사, 경제/세금, 사법/법무, 선거/정치",2026-03-13,[조치] Adjusting Certain Delegations Under the Defense Production Act,policy,White House Presidential Actions,https://www.whitehouse.gov/presidential-actions/2026/03/adjusting-certain-delegations-under-the-defense-production-act/,58,0.4,N,,
20260114_br0067,2026-01-14,America 250: Presidential Message on the Anniversary of the Ratification of the 1783 Treaty of Paris,"외교/동맹, 안보/군사, 경제/세금, 사법/법무, 선거/정치",2026-03-06,"[조치] Combating Cybercrime, Fraud, and Predatory Schemes Against American Citizens",policy,White House Presidential Actions,https://www.whitehouse.gov/presidential-actions/2026/03/combating-cybercrime-fraud-and-predatory-schemes-against-american-citizens/,51,0.4,N,,
20260114_br0067,2026-01-14,America 250: Presidential Message on the Anniversary of the Ratification of the 1783 Treaty of Paris,"외교/동맹, 안보/군사, 경제/세금, 사법/법무, 선거/정치",2026-02-11,[조치] Strengthening United States National Defense with America’s Beautiful Clean Coal Power Generation Fleet,policy,White House Presidential Actions,https://www.whitehouse.gov/presidential-actions/2026/02/strengthening-united-states-national-defense-with-americas-beautiful-clean-coal-power-generation-fleet/,28,0.4,N,,
20260114_br0067,2026-01-14,America 250: Presidential Message on the Anniversary of the Ratification of the 1783 Treaty of Paris,"외교/동맹, 안보/군사, 경제/세금, 사법/법무, 선거/정치",2026-03-31,[조치] Ensuring Citizenship Verification and Integrity in Federal Elections,policy,White House Presidential Actions,https://www.whitehouse.gov/presidential-actions/2026/03/ensuring-citizenship-verification-and-integrity-in-federal-elections/,76,0.3,N,,
20260114_br0067,2026-01-14,America 250: Presidential Message on the Anniversary of the Ratification of the 1783 Treaty of Paris,"외교/동맹, 안보/군사, 경제/세금, 사법/법무, 선거/정치",2026-02-18,[조치] Promoting the National Defense by Ensuring an Adequate Supply of Elemental Phosphorus and Glyphosate-Based Herbicides,policy,White House Presidential Actions,https://www.whitehouse.gov/presidential-actions/2026/02/promoting-the-national-defense-by-ensuring-an-adequate-supply-of-elemental-phosphorus-and-glyphosate-based-herbicides/,35,0.3,N,,
20260114_br0068,2026-01-14,Congressional Bill S. 222 Signed into Law,"사법/법무, 선거/정치, 보건",2026-03-31,[조치] Ensuring Citizenship Verification and Integrity in Federal Elections,policy,White House Presidential Actions,https://www.whitehouse.gov/presidential-actions/2026/03/ensuring-citizenship-verification-and-integrity-in-federal-elections/,76,0.3,N,,
20260114_br0068,2026-01-14,Congressional Bill S. 222 Signed into Law,"사법/법무, 선거/정치, 보건",2026-03-06,"[조치] Combating Cybercrime, Fraud, and Predatory Schemes Against American Citizens",policy,White House Presidential Actions,https://www.whitehouse.gov/presidential-actions/2026/03/combating-cybercrime-fraud-and-predatory-schemes-against-american-citizens/,51,0.3,N,,
20260108_br0069,2026-01-08,America 250: Presidential Message on the Anniversary of the Battle of New Orleans,"안보/군사, 경제/세금, 에너지",2026-02-18,[조치] Promoting the National Defense by Ensuring an Adequate Supply of Elemental Phosphorus and Glyphosate-Based Herbicides,policy,White House Presidential Actions,https://www.whitehouse.gov/presidential-actions/2026/02/promoting-the-national-defense-by-ensuring-an-adequate-supply-of-elemental-phosphorus-and-glyphosate-based-herbicides/,41,0.4,N,,
20260108_br0069,2026-01-08,America 250: Presidential Message on the Anniversary of the Battle of New Orleans,"안보/군사, 경제/세금, 에너지",2026-02-11,[조치] Strengthening United States National Defense with America’s Beautiful Clean Coal Power Generation Fleet,policy,White House Presidential Actions,https://www.whitehouse.gov/presidential-actions/2026/02/strengthening-united-states-national-defense-with-americas-beautiful-clean-coal-power-generation-fleet/,34,0.4,N,,
20260108_br0069,2026-01-08,America 250: Presidential Message on the Anniversary of the Battle of New Orleans,"안보/군사, 경제/세금, 에너지",2026-01-10,[조치] Safeguarding Venezuelan Oil Revenue for the Good of the American and Venezuelan People,policy,White House Presidential Actions,https://www.whitehouse.gov/presidential-actions/2026/01/safeguarding-venezuelan-oil-revenue-for-the-good-of-the-american-and-venezuelan-people/,2,0.4,Y,Y,
20260108_br0069,2026-01-08,America 250: Presidential Message on the Anniversary of the Battle of New Orleans,"안보/군사, 경제/세금, 에너지",2026-03-13,[조치] Adjusting Certain Delegations Under the Defense Production Act,policy,White House Presidential Actions,https://www.whitehouse.gov/presidential-actions/2026/03/adjusting-certain-delegations-under-the-defense-production-act/,64,0.3,N,,
20260106_br0070,2026-01-06,Presidential Message on National Slavery and Human Trafficking Prevention Month,"무역/관세, 이민/국경, 안보/군사, 경제/세금, 에너지, 규제완화, 사법/법무, 미디어",2026-02-11,[조치] Strengthening United States National Defense with America’s Beautiful Clean Coal Power Generation Fleet,policy,White House Presidential Actions,https://www.whitehouse.gov/presidential-actions/2026/02/strengthening-united-states-national-defense-with-americas-beautiful-clean-coal-power-generation-fleet/,36,0.5,N,,
20260106_br0070,2026-01-06,Presidential Message on National Slavery and Human Trafficking Prevention Month,"무역/관세, 이민/국경, 안보/군사, 경제/세금, 에너지, 규제완화, 사법/법무, 미디어",2026-03-27,[조치] Paying Our Great Transportation Security Administration Officers and Employees,policy,White House Presidential Actions,https://www.whitehouse.gov/presidential-actions/2026/03/memorandum-for-the-secretary-of-homeland-security-and-the-director-of-the-office-of-management-and-budget/,80,0.4,N,,
20260106_br0070,2026-01-06,Presidential Message on National Slavery and Human Trafficking Prevention Month,"무역/관세, 이민/국경, 안보/군사, 경제/세금, 에너지, 규제완화, 사법/법무, 미디어",2026-03-13,[조치] Adjusting Certain Delegations Under the Defense Production Act,policy,White House Presidential Actions,https://www.whitehouse.gov/presidential-actions/2026/03/adjusting-certain-delegations-under-the-defense-production-act/,66,0.4,N,,
20260106_br0070,2026-01-06,Presidential Message on National Slavery and Human Trafficking Prevention Month,"무역/관세, 이민/국경, 안보/군사, 경제/세금, 에너지, 규제완화, 사법/법무, 미디어",2026-03-06,"[조치] Combating Cybercrime, Fraud, and Predatory Schemes Against American Citizens",policy,White House Presidential Actions,https://www.whitehouse.gov/presidential-actions/2026/03/combating-cybercrime-fraud-and-predatory-schemes-against-american-citizens/,59,0.4,N,,
20260106_br0070,2026-01-06,Presidential Message on National Slavery and Human Trafficking Prevention Month,"무역/관세, 이민/국경, 안보/군사, 경제/세금, 에너지, 규제완화, 사법/법무, 미디어",2026-02-18,[조치] Promoting the National Defense by Ensuring an Adequate Supply of Elemental Phosphorus and Glyphosate-Based Herbicides,policy,White House Presidential Actions,https://www.whitehouse.gov/presidential-actions/2026/02/promoting-the-national-defense-by-ensuring-an-adequate-supply-of-elemental-phosphorus-and-glyphosate-based-herbicides/,43,0.4,N,,
20260106_br0071,2026-01-06,Presidential Message on Epiphany,"경제/세금, 사법/법무",2026-03-06,"[조치] Combating Cybercrime, Fraud, and Predatory Schemes Against American Citizens",policy,White House Presidential Actions,https://www.whitehouse.gov/presidential-actions/2026/03/combating-cybercrime-fraud-and-predatory-schemes-against-american-citizens/,59,0.4,N,,
20260106_br0071,2026-01-06,Presidential Message on Epiphany,"경제/세금, 사법/법무",2026-01-14,"[조치] ADJUSTING IMPORTS OF SEMICONDUCTORS, SEMICONDUCTOR MANUFACTURING EQUIPMENT, AND THEIR DERIVATIVE PRODUCTS INTO THE UNITED STATES",policy,White House Presidential Actions,https://www.whitehouse.gov/presidential-actions/2026/01/adjusting-imports-of-semiconductors-semiconductor-manufacturing-equipment-and-their-derivative-products-into-the-united-states/,8,0.3,N,,
20260106_br0071,2026-01-06,Presidential Message on Epiphany,"경제/세금, 사법/법무",2026-01-14,[조치] Adjusting Imports of Processed Critical Minerals and Their Derivative Products into the United States,policy,White House Presidential Actions,https://www.whitehouse.gov/presidential-actions/2026/01/adjusting-imports-of-processed-critical-minerals-and-their-derivative-products-into-the-united-states/,8,0.3,N,,
20260103_br0072,2026-01-03,America 250: Presidential Message on the Anniversary of the Battle of Princeton,"안보/군사, 규제완화, 사법/법무, 미디어",2026-03-06,"[조치] Combating Cybercrime, Fraud, and Predatory Schemes Against American Citizens",policy,White House Presidential Actions,https://www.whitehouse.gov/presidential-actions/2026/03/combating-cybercrime-fraud-and-predatory-schemes-against-american-citizens/,62,0.5,N,,
20260103_br0072,2026-01-03,America 250: Presidential Message on the Anniversary of the Battle of Princeton,"안보/군사, 규제완화, 사법/법무, 미디어",2026-03-13,[조치] Adjusting Certain Delegations Under the Defense Production Act,policy,White House Presidential Actions,https://www.whitehouse.gov/presidential-actions/2026/03/adjusting-certain-delegations-under-the-defense-production-act/,69,0.4,N,,
20260103_br0072,2026-01-03,America 250: Presidential Message on the Anniversary of the Battle of Princeton,"안보/군사, 규제완화, 사법/법무, 미디어",2026-02-18,[조치] Promoting the National Defense by Ensuring an Adequate Supply of Elemental Phosphorus and Glyphosate-Based Herbicides,policy,White House Presidential Actions,https://www.whitehouse.gov/presidential-actions/2026/02/promoting-the-national-defense-by-ensuring-an-adequate-supply-of-elemental-phosphorus-and-glyphosate-based-herbicides/,46,0.4,N,,
20260103_br0072,2026-01-03,America 250: Presidential Message on the Anniversary of the Battle of Princeton,"안보/군사, 규제완화, 사법/법무, 미디어",2026-02-11,[조치] Strengthening United States National Defense with America’s Beautiful Clean Coal Power Generation Fleet,policy,White House Presidential Actions,https://www.whitehouse.gov/presidential-actions/2026/02/strengthening-united-states-national-defense-with-americas-beautiful-clean-coal-power-generation-fleet/,39,0.4,N,,
20260103_br0072,2026-01-03,America 250: Presidential Message on the Anniversary of the Battle of Princeton,"안보/군사, 규제완화, 사법/법무, 미디어",2026-03-24,"[조치] Greek Independence Day: A National Day of Celebration of Greek and American Democracy, 2026",policy,White House Presidential Actions,https://www.whitehouse.gov/presidential-actions/2026/03/greek-independence-day-a-national-day-of-celebration-of-greek-and-american-democracy-2026/,80,0.3,N,,
20260102_br0073,2026-01-02,America 250: Presidential Message on the Anniversary of the Emancipation Proclamation,"안보/군사, 사법/법무",2026-02-11,[조치] Strengthening United States National Defense with America’s Beautiful Clean Coal Power Generation Fleet,policy,White House Presidential Actions,https://www.whitehouse.gov/presidential-actions/2026/02/strengthening-united-states-national-defense-with-americas-beautiful-clean-coal-power-generation-fleet/,40,0.6,Y,Y,
20260102_br0073,2026-01-02,America 250: Presidential Message on the Anniversary of the Emancipation Proclamation,"안보/군사, 사법/법무",2026-03-06,"[조치] Combating Cybercrime, Fraud, and Predatory Schemes Against American Citizens",policy,White House Presidential Actions,https://www.whitehouse.gov/presidential-actions/2026/03/combating-cybercrime-fraud-and-predatory-schemes-against-american-citizens/,63,0.4,N,,
20260102_br0073,2026-01-02,America 250: Presidential Message on the Anniversary of the Emancipation Proclamation,"안보/군사, 사법/법무",2026-02-18,[조치] Promoting the National Defense by Ensuring an Adequate Supply of Elemental Phosphorus and Glyphosate-Based Herbicides,policy,White House Presidential Actions,https://www.whitehouse.gov/presidential-actions/2026/02/promoting-the-national-defense-by-ensuring-an-adequate-supply-of-elemental-phosphorus-and-glyphosate-based-herbicides/,47,0.4,N,,
20260102_br0073,2026-01-02,America 250: Presidential Message on the Anniversary of the Emancipation Proclamation,"안보/군사, 사법/법무",2026-02-06,[조치] Modifying Duties to Address Threats to the United States by the Government of the Russian Federation,policy,White House Presidential Actions,https://www.whitehouse.gov/presidential-actions/2026/02/modifying-duties-to-address-threats-to-the-united-states-by-the-government-of-the-russian-federation-04b2/,35,0.3,N,,
20260102_br0073,2026-01-02,America 250: Presidential Message on the Anniversary of the Emancipation Proclamation,"안보/군사, 사법/법무",2026-02-06,[조치] Protecting the National Security and Welfare of the United States and its Citizens from Criminal Actors and Other Public Safety Threats,policy,White House Presidential Actions,https://www.whitehouse.gov/presidential-actions/2026/02/protecting-the-national-security-and-welfare-of-the-united-states-and-its-citizens-from-criminal-actors-and-other-public-safety-threats/,35,0.3,N,,
20251231_br0074,2025-12-31,"America 250: Presidential Message on the Birthday of General George C. Marshall, Jr.","무역/관세, 외교/동맹, 안보/군사, 경제/세금",2026-02-11,[조치] Strengthening United States National Defense with America’s Beautiful Clean Coal Power Generation Fleet,policy,White House Presidential Actions,https://www.whitehouse.gov/presidential-actions/2026/02/strengthening-united-states-national-defense-with-americas-beautiful-clean-coal-power-generation-fleet/,42,0.7,Y,Y,
20251231_br0074,2025-12-31,"America 250: Presidential Message on the Birthday of General George C. Marshall, Jr.","무역/관세, 외교/동맹, 안보/군사, 경제/세금",2026-03-13,[조치] Adjusting Certain Delegations Under the Defense Production Act,policy,White House Presidential Actions,https://www.whitehouse.gov/presidential-actions/2026/03/adjusting-certain-delegations-under-the-defense-production-act/,72,0.5,N,,
20251231_br0074,2025-12-31,"America 250: Presidential Message on the Birthday of General George C. Marshall, Jr.","무역/관세, 외교/동맹, 안보/군사, 경제/세금",2026-01-14,"[조치] ADJUSTING IMPORTS OF SEMICONDUCTORS, SEMICONDUCTOR MANUFACTURING EQUIPMENT, AND THEIR DERIVATIVE PRODUCTS INTO THE UNITED STATES",policy,White House Presidential Actions,https://www.whitehouse.gov/presidential-actions/2026/01/adjusting-imports-of-semiconductors-semiconductor-manufacturing-equipment-and-their-derivative-products-into-the-united-states/,14,0.5,Y,Y,
20251231_br0074,2025-12-31,"America 250: Presidential Message on the Birthday of General George C. Marshall, Jr.","무역/관세, 외교/동맹, 안보/군사, 경제/세금",2026-01-14,[조치] Adjusting Imports of Processed Critical Minerals and Their Derivative Products into the United States,policy,White House Presidential Actions,https://www.whitehouse.gov/presidential-actions/2026/01/adjusting-imports-of-processed-critical-minerals-and-their-derivative-products-into-the-united-states/,14,0.5,Y,Y,
20251231_br0074,2025-12-31,"America 250: Presidential Message on the Birthday of General George C. Marshall, Jr.","무역/관세, 외교/동맹, 안보/군사, 경제/세금",2025-12-31,"[조치] Amendments to Adjusting Imports of Timber, Lumber, and their Derivative Products into the United States",policy,White House Presidential Actions,https://www.whitehouse.gov/presidential-actions/2025/12/amendments-to-adjusting-imports-of-timber-lumber-and-their-derivative-products-into-the-united-states/,0,0.5,Y,Y,
20251231_br0075,2025-12-31,Congressional Bill H.R. 131 Vetoed,"무역/관세, 안보/군사, 경제/세금, 에너지, 규제완화, 선거/정치, 보건",2026-03-31,[조치] Ensuring Citizenship Verification and Integrity in Federal Elections,policy,White House Presidential Actions,https://www.whitehouse.gov/presidential-actions/2026/03/ensuring-citizenship-verification-and-integrity-in-federal-elections/,90,0.4,N,,
20251231_br0075,2025-12-31,Congressional Bill H.R. 131 Vetoed,"무역/관세, 안보/군사, 경제/세금, 에너지, 규제완화, 선거/정치, 보건",2026-03-13,[조치] Adjusting Certain Delegations Under the Defense Production Act,policy,White House Presidential Actions,https://www.whitehouse.gov/presidential-actions/2026/03/adjusting-certain-delegations-under-the-defense-production-act/,72,0.4,N,,
20251231_br0075,2025-12-31,Congressional Bill H.R. 131 Vetoed,"무역/관세, 안보/군사, 경제/세금, 에너지, 규제완화, 선거/정치, 보건",2026-02-21,[조치] Ending Certain Tariff Actions,policy,White House Presidential Actions,https://www.whitehouse.gov/presidential-actions/2026/02/ending-certain-tariff-actions/,52,0.4,N,,
20251231_br0075,2025-12-31,Congressional Bill H.R. 131 Vetoed,"무역/관세, 안보/군사, 경제/세금, 에너지, 규제완화, 선거/정치, 보건",2026-01-10,[조치] Safeguarding Venezuelan Oil Revenue for the Good of the American and Venezuelan People,policy,White House Presidential Actions,https://www.whitehouse.gov/presidential-actions/2026/01/safeguarding-venezuelan-oil-revenue-for-the-good-of-the-american-and-venezuelan-people/,10,0.4,Y,Y,
20251231_br0075,2025-12-31,Congressional Bill H.R. 131 Vetoed,"무역/관세, 안보/군사, 경제/세금, 에너지, 규제완화, 선거/정치, 보건",2026-01-27,[조치] Addressing State and Local Failures to Rebuild Los Angeles After Wildfire Disasters,policy,White House Presidential Actions,https://www.whitehouse.gov/presidential-actions/2026/01/addressing-state-and-local-failures-to-rebuild-los-angeles-after-wildfire-disasters/,27,0.3,N,,
20251231_br0076,2025-12-31,Congressional Bill H.R. 504 Vetoed,"무역/관세, 이민/국경, 경제/세금, 선거/정치, 보건",2026-02-21,[조치] Ending Certain Tariff Actions,policy,White House Presidential Actions,https://www.whitehouse.gov/presidential-actions/2026/02/ending-certain-tariff-actions/,52,0.6,Y,Y,
20251231_br0076,2025-12-31,Congressional Bill H.R. 504 Vetoed,"무역/관세, 이민/국경, 경제/세금, 선거/정치, 보건",2026-03-31,[조치] Ensuring Citizenship Verification and Integrity in Federal Elections,policy,White House Presidential Actions,https://www.whitehouse.gov/presidential-actions/2026/03/ensuring-citizenship-verification-and-integrity-in-federal-elections/,90,0.4,N,,
20251231_br0076,2025-12-31,Congressional Bill H.R. 504 Vetoed,"무역/관세, 이민/국경, 경제/세금, 선거/정치, 보건",2026-02-21,[조치] Imposing a Temporary Import Surcharge to Address Fundamental International Payments Problems,policy,White House Presidential Actions,https://www.whitehouse.gov/presidential-actions/2026/02/imposing-a-temporary-import-surcharge-to-address-fundamental-international-payments-problems/,52,0.4,N,,
20251231_br0076,2025-12-31,Congressional Bill H.R. 504 Vetoed,"무역/관세, 이민/국경, 경제/세금, 선거/정치, 보건",2026-02-21,[조치] Continuing the Suspension of Duty-Free De Minimis Treatment for All Countries,policy,White House Presidential Actions,https://www.whitehouse.gov/presidential-actions/2026/02/continuing-the-suspension-of-duty-free-de-minimis-treatment-for-all-countries/,52,0.4,N,,
20251231_br0076,2025-12-31,Congressional Bill H.R. 504 Vetoed,"무역/관세, 이민/국경, 경제/세금, 선거/정치, 보건",2025-12-31,"[조치] Amendments to Adjusting Imports of Timber, Lumber, and their Derivative Products into the United States",policy,White House Presidential Actions,https://www.whitehouse.gov/presidential-actions/2025/12/amendments-to-adjusting-imports-of-timber-lumber-and-their-derivative-products-into-the-united-states/,0,0.4,Y,Y,
20251230_br0077,2025-12-30,Congressional Bill H.R. 1043 Signed into Law,"에너지, 규제완화, 사법/법무, 선거/정치",2026-03-31,[조치] Ensuring Citizenship Verification and Integrity in Federal Elections,policy,White House Presidential Actions,https://www.whitehouse.gov/presidential-actions/2026/03/ensuring-citizenship-verification-and-integrity-in-federal-elections/,91,0.3,N,,
20251230_br0077,2025-12-30,Congressional Bill H.R. 1043 Signed into Law,"에너지, 규제완화, 사법/법무, 선거/정치",2026-03-06,"[조치] Combating Cybercrime, Fraud, and Predatory Schemes Against American Citizens",policy,White House Presidential Actions,https://www.whitehouse.gov/presidential-actions/2026/03/combating-cybercrime-fraud-and-predatory-schemes-against-american-citizens/,66,0.3,N,,
20251230_br0077,2025-12-30,Congressional Bill H.R. 1043 Signed into Law,"에너지, 규제완화, 사법/법무, 선거/정치",2026-01-10,[조치] Safeguarding Venezuelan Oil Revenue for the Good of the American and Venezuelan People,policy,White House Presidential Actions,https://www.whitehouse.gov/presidential-actions/2026/01/safeguarding-venezuelan-oil-revenue-for-the-good-of-the-american-and-venezuelan-people/,11,0.3,N,,
20251229_br0078,2025-12-29,Presidential Message on National Pledge of Allegiance Day,"무역/관세, 이민/국경, 안보/군사, 경제/세금, 사법/법무, 미디어",2026-02-11,[조치] Strengthening United States National Defense with America’s Beautiful Clean Coal Power Generation Fleet,policy,White House Presidential Actions,https://www.whitehouse.gov/presidential-actions/2026/02/strengthening-united-states-national-defense-with-americas-beautiful-clean-coal-power-generation-fleet/,44,0.7,Y,Y,
20251229_br0078,2025-12-29,Presidential Message on National Pledge of Allegiance Day,"무역/관세, 이민/국경, 안보/군사, 경제/세금, 사법/법무, 미디어",2026-01-14,"[조치] ADJUSTING IMPORTS OF SEMICONDUCTORS, SEMICONDUCTOR MANUFACTURING EQUIPMENT, AND THEIR DERIVATIVE PRODUCTS INTO THE UNITED STATES",policy,White House Presidential Actions,https://www.whitehouse.gov/presidential-actions/2026/01/adjusting-imports-of-semiconductors-semiconductor-manufacturing-equipment-and-their-derivative-products-into-the-united-states/,16,0.6,Y,Y,
20251229_br0078,2025-12-29,Presidential Message on National Pledge of Allegiance Day,"무역/관세, 이민/국경, 안보/군사, 경제/세금, 사법/법무, 미디어",2026-01-14,[조치] Adjusting Imports of Processed Critical Minerals and Their Derivative Products into the United States,policy,White House Presidential Actions,https://www.whitehouse.gov/presidential-actions/2026/01/adjusting-imports-of-processed-critical-minerals-and-their-derivative-products-into-the-united-states/,16,0.6,Y,Y,
20251229_br0078,2025-12-29,Presidential Message on National Pledge of Allegiance Day,"무역/관세, 이민/국경, 안보/군사, 경제/세금, 사법/법무, 미디어",2025-12-31,"[조치] Amendments to Adjusting Imports of Timber, Lumber, and their Derivative Products into the United States",policy,White House Presidential Actions,https://www.whitehouse.gov/presidential-actions/2025/12/amendments-to-adjusting-imports-of-timber-lumber-and-their-derivative-products-into-the-united-states/,2,0.6,Y,Y,
20251229_br0078,2025-12-29,Presidential Message on National Pledge of Allegiance Day,"무역/관세, 이민/국경, 안보/군사, 경제/세금, 사법/법무, 미디어",2026-03-06,"[조치] Combating Cybercrime, Fraud, and Predatory Schemes Against American Citizens",policy,White House Presidential Actions,https://www.whitehouse.gov/presidential-actions/2026/03/combating-cybercrime-fraud-and-predatory-schemes-against-american-citizens/,67,0.5,N,,
20251226_br0079,2025-12-26,America 250: Anniversary of the Battle of Trenton,"안보/군사, 경제/세금, 규제완화, 사법/법무, 미디어",2026-03-06,"[조치] Combating Cybercrime, Fraud, and Predatory Schemes Against American Citizens",policy,White House Presidential Actions,https://www.whitehouse.gov/presidential-actions/2026/03/combating-cybercrime-fraud-and-predatory-schemes-against-american-citizens/,70,0.5,N,,
20251226_br0079,2025-12-26,America 250: Anniversary of the Battle of Trenton,"안보/군사, 경제/세금, 규제완화, 사법/법무, 미디어",2026-03-13,[조치] Adjusting Certain Delegations Under the Defense Production Act,policy,White House Presidential Actions,https://www.whitehouse.gov/presidential-actions/2026/03/adjusting-certain-delegations-under-the-defense-production-act/,77,0.3,N,,
20251226_br0079,2025-12-26,America 250: Anniversary of the Battle of Trenton,"안보/군사, 경제/세금, 규제완화, 사법/법무, 미디어",2026-02-18,[조치] Promoting the National Defense by Ensuring an Adequate Supply of Elemental Phosphorus and Glyphosate-Based Herbicides,policy,White House Presidential Actions,https://www.whitehouse.gov/presidential-actions/2026/02/promoting-the-national-defense-by-ensuring-an-adequate-supply-of-elemental-phosphorus-and-glyphosate-based-herbicides/,54,0.3,N,,
20251226_br0079,2025-12-26,America 250: Anniversary of the Battle of Trenton,"안보/군사, 경제/세금, 규제완화, 사법/법무, 미디어",2026-02-11,[조치] Strengthening United States National Defense with America’s Beautiful Clean Coal Power Generation Fleet,policy,White House Presidential Actions,https://www.whitehouse.gov/presidential-actions/2026/02/strengthening-united-states-national-defense-with-americas-beautiful-clean-coal-power-generation-fleet/,47,0.3,N,,
20251226_br0079,2025-12-26,America 250: Anniversary of the Battle of Trenton,"안보/군사, 경제/세금, 규제완화, 사법/법무, 미디어",2026-01-07,[조치] Prioritizing the Warfighter in Defense Contracting,policy,White House Presidential Actions,https://www.whitehouse.gov/presidential-actions/2026/01/prioritizing-the-warfighter-in-defense-contracting/,12,0.3,N,,
20251226_br0080,2025-12-26,"Congressional Bills S.216, S.284, S.2878, H.R. 187, H.R. 410, H.R. 1491 Signed into Law","안보/군사, 경제/세금, 규제완화, 사법/법무, 선거/정치",2026-03-31,[조치] Ensuring Citizenship Verification and Integrity in Federal Elections,policy,White House Presidential Actions,https://www.whitehouse.gov/presidential-actions/2026/03/ensuring-citizenship-verification-and-integrity-in-federal-elections/,95,0.4,N,,
20251226_br0080,2025-12-26,"Congressional Bills S.216, S.284, S.2878, H.R. 187, H.R. 410, H.R. 1491 Signed into Law","안보/군사, 경제/세금, 규제완화, 사법/법무, 선거/정치",2026-03-13,[조치] Adjusting Certain Delegations Under the Defense Production Act,policy,White House Presidential Actions,https://www.whitehouse.gov/presidential-actions/2026/03/adjusting-certain-delegations-under-the-defense-production-act/,77,0.4,N,,
20251226_br0080,2025-12-26,"Congressional Bills S.216, S.284, S.2878, H.R. 187, H.R. 410, H.R. 1491 Signed into Law","안보/군사, 경제/세금, 규제완화, 사법/법무, 선거/정치",2026-03-06,"[조치] Combating Cybercrime, Fraud, and Predatory Schemes Against American Citizens",policy,White House Presidential Actions,https://www.whitehouse.gov/presidential-actions/2026/03/combating-cybercrime-fraud-and-predatory-schemes-against-american-citizens/,70,0.3,N,,
20251226_br0080,2025-12-26,"Congressional Bills S.216, S.284, S.2878, H.R. 187, H.R. 410, H.R. 1491 Signed into Law","안보/군사, 경제/세금, 규제완화, 사법/법무, 선거/정치",2026-02-18,[조치] Promoting the National Defense by Ensuring an Adequate Supply of Elemental Phosphorus and Glyphosate-Based Herbicides,policy,White House Presidential Actions,https://www.whitehouse.gov/presidential-actions/2026/02/promoting-the-national-defense-by-ensuring-an-adequate-supply-of-elemental-phosphorus-and-glyphosate-based-herbicides/,54,0.3,N,,
20251226_br0080,2025-12-26,"Congressional Bills S.216, S.284, S.2878, H.R. 187, H.R. 410, H.R. 1491 Signed into Law","안보/군사, 경제/세금, 규제완화, 사법/법무, 선거/정치",2026-02-11,[조치] Strengthening United States National Defense with America’s Beautiful Clean Coal Power Generation Fleet,policy,White House Presidential Actions,https://www.whitehouse.gov/presidential-actions/2026/02/strengthening-united-states-national-defense-with-americas-beautiful-clean-coal-power-generation-fleet/,47,0.3,N,,
20251225_br0081,2025-12-25,Presidential Message on Christmas,"안보/군사, 경제/세금, 미디어",2026-03-13,[조치] Adjusting Certain Delegations Under the Defense Production Act,policy,White House Presidential Actions,https://www.whitehouse.gov/presidential-actions/2026/03/adjusting-certain-delegations-under-the-defense-production-act/,78,0.4,N,,
20251225_br0081,2025-12-25,Presidential Message on Christmas,"안보/군사, 경제/세금, 미디어",2026-02-18,[조치] Promoting the National Defense by Ensuring an Adequate Supply of Elemental Phosphorus and Glyphosate-Based Herbicides,policy,White House Presidential Actions,https://www.whitehouse.gov/presidential-actions/2026/02/promoting-the-national-defense-by-ensuring-an-adequate-supply-of-elemental-phosphorus-and-glyphosate-based-herbicides/,55,0.3,N,,
20251225_br0081,2025-12-25,Presidential Message on Christmas,"안보/군사, 경제/세금, 미디어",2026-02-11,[조치] Strengthening United States National Defense with America’s Beautiful Clean Coal Power Generation Fleet,policy,White House Presidential Actions,https://www.whitehouse.gov/presidential-actions/2026/02/strengthening-united-states-national-defense-with-americas-beautiful-clean-coal-power-generation-fleet/,48,0.3,N,,
20251225_br0081,2025-12-25,Presidential Message on Christmas,"안보/군사, 경제/세금, 미디어",2026-01-07,[조치] Prioritizing the Warfighter in Defense Contracting,policy,White House Presidential Actions,https://www.whitehouse.gov/presidential-actions/2026/01/prioritizing-the-warfighter-in-defense-contracting/,13,0.3,N,,
20251221_br0082,2025-12-21,Presidential Message on the Sixth Birthday of the United States Space Force,"안보/군사, 경제/세금, 규제완화",2026-02-11,[조치] Strengthening United States National Defense with America’s Beautiful Clean Coal Power Generation Fleet,policy,White House Presidential Actions,https://www.whitehouse.gov/presidential-actions/2026/02/strengthening-united-states-national-defense-with-americas-beautiful-clean-coal-power-generation-fleet/,52,0.9,Y,Y,
20251221_br0082,2025-12-21,Presidential Message on the Sixth Birthday of the United States Space Force,"안보/군사, 경제/세금, 규제완화",2026-02-18,[조치] Promoting the National Defense by Ensuring an Adequate Supply of Elemental Phosphorus and Glyphosate-Based Herbicides,policy,White House Presidential Actions,https://www.whitehouse.gov/presidential-actions/2026/02/promoting-the-national-defense-by-ensuring-an-adequate-supply-of-elemental-phosphorus-and-glyphosate-based-herbicides/,59,0.5,N,,
20251221_br0082,2025-12-21,Presidential Message on the Sixth Birthday of the United States Space Force,"안보/군사, 경제/세금, 규제완화",2026-03-13,[조치] Adjusting Certain Delegations Under the Defense Production Act,policy,White House Presidential Actions,https://www.whitehouse.gov/presidential-actions/2026/03/adjusting-certain-delegations-under-the-defense-production-act/,82,0.4,N,,
20251221_br0082,2025-12-21,Presidential Message on the Sixth Birthday of the United States Space Force,"안보/군사, 경제/세금, 규제완화",2026-02-06,[조치] Protecting the National Security and Welfare of the United States and its Citizens from Criminal Actors and Other Public Safety Threats,policy,White House Presidential Actions,https://www.whitehouse.gov/presidential-actions/2026/02/protecting-the-national-security-and-welfare-of-the-united-states-and-its-citizens-from-criminal-actors-and-other-public-safety-threats/,47,0.4,N,,
20251221_br0082,2025-12-21,Presidential Message on the Sixth Birthday of the United States Space Force,"안보/군사, 경제/세금, 규제완화",2026-01-07,[조치] Prioritizing the Warfighter in Defense Contracting,policy,White House Presidential Actions,https://www.whitehouse.gov/presidential-actions/2026/01/prioritizing-the-warfighter-in-defense-contracting/,17,0.4,N,,
20251219_br0083,2025-12-19,Congressional Bill H.R. 165 Signed into Law,"사법/법무, 선거/정치",2026-03-31,[조치] Ensuring Citizenship Verification and Integrity in Federal Elections,policy,White House Presidential Actions,https://www.whitehouse.gov/presidential-actions/2026/03/ensuring-citizenship-verification-and-integrity-in-federal-elections/,102,0.3,N,,
20251219_br0083,2025-12-19,Congressional Bill H.R. 165 Signed into Law,"사법/법무, 선거/정치",2026-03-06,"[조치] Combating Cybercrime, Fraud, and Predatory Schemes Against American Citizens",policy,White House Presidential Actions,https://www.whitehouse.gov/presidential-actions/2026/03/combating-cybercrime-fraud-and-predatory-schemes-against-american-citizens/,77,0.3,N,,
20251219_br0084,2025-12-19,White House Office of Management and Budget’s Office of Information and Regulatory Affairs Releases End of Year Deregulatory Stats: Showing the Trump Administration Has Best Deregulation Year in Histo,"외교/동맹, 경제/세금, 규제완화, 선거/정치",2026-03-31,[조치] Ensuring Citizenship Verification and Integrity in Federal Elections,policy,White House Presidential Actions,https://www.whitehouse.gov/presidential-actions/2026/03/ensuring-citizenship-verification-and-integrity-in-federal-elections/,102,0.4,N,,
20251219_br0085,2025-12-19,White House Christmas 2025: Volunteer Performers and Decorators Share Excitement and Memorable Experiences,"외교/동맹, 경제/세금, 규제완화, 선거/정치",2026-03-31,[조치] Ensuring Citizenship Verification and Integrity in Federal Elections,policy,White House Presidential Actions,https://www.whitehouse.gov/presidential-actions/2026/03/ensuring-citizenship-verification-and-integrity-in-federal-elections/,102,0.3,N,,
20251218_br0086,2025-12-18,Congressional Bill S. 1071 Signed into Law,"안보/군사, 에너지, 규제완화, 사법/법무, 선거/정치",2026-02-11,[조치] Strengthening United States National Defense with America’s Beautiful Clean Coal Power Generation Fleet,policy,White House Presidential Actions,https://www.whitehouse.gov/presidential-actions/2026/02/strengthening-united-states-national-defense-with-americas-beautiful-clean-coal-power-generation-fleet/,55,0.7,Y,Y,
20251218_br0086,2025-12-18,Congressional Bill S. 1071 Signed into Law,"안보/군사, 에너지, 규제완화, 사법/법무, 선거/정치",2026-02-18,[조치] Promoting the National Defense by Ensuring an Adequate Supply of Elemental Phosphorus and Glyphosate-Based Herbicides,policy,White House Presidential Actions,https://www.whitehouse.gov/presidential-actions/2026/02/promoting-the-national-defense-by-ensuring-an-adequate-supply-of-elemental-phosphorus-and-glyphosate-based-herbicides/,62,0.5,N,,
20251218_br0086,2025-12-18,Congressional Bill S. 1071 Signed into Law,"안보/군사, 에너지, 규제완화, 사법/법무, 선거/정치",2026-02-06,[조치] Protecting the National Security and Welfare of the United States and its Citizens from Criminal Actors and Other Public Safety Threats,policy,White House Presidential Actions,https://www.whitehouse.gov/presidential-actions/2026/02/protecting-the-national-security-and-welfare-of-the-united-states-and-its-citizens-from-criminal-actors-and-other-public-safety-threats/,50,0.5,N,,
20251218_br0086,2025-12-18,Congressional Bill S. 1071 Signed into Law,"안보/군사, 에너지, 규제완화, 사법/법무, 선거/정치",2026-03-13,[조치] Adjusting Certain Delegations Under the Defense Production Act,policy,White House Presidential Actions,https://www.whitehouse.gov/presidential-actions/2026/03/adjusting-certain-delegations-under-the-defense-production-act/,85,0.4,N,,
20251218_br0086,2025-12-18,Congressional Bill S. 1071 Signed into Law,"안보/군사, 에너지, 규제완화, 사법/법무, 선거/정치",2026-01-07,[조치] Prioritizing the Warfighter in Defense Contracting,policy,White House Presidential Actions,https://www.whitehouse.gov/presidential-actions/2026/01/prioritizing-the-warfighter-in-defense-contracting/,20,0.4,N,,
20251218_br0087,2025-12-18,Statement by the President,"무역/관세, 이민/국경, 안보/군사, 경제/세금, 에너지, 규제완화, 사법/법무, 선거/정치",2026-02-11,[조치] Strengthening United States National Defense with America’s Beautiful Clean Coal Power Generation Fleet,policy,White House Presidential Actions,https://www.whitehouse.gov/presidential-actions/2026/02/strengthening-united-states-national-defense-with-americas-beautiful-clean-coal-power-generation-fleet/,55,0.8,Y,Y,
20251218_br0087,2025-12-18,Statement by the President,"무역/관세, 이민/국경, 안보/군사, 경제/세금, 에너지, 규제완화, 사법/법무, 선거/정치",2026-02-06,[조치] Protecting the National Security and Welfare of the United States and its Citizens from Criminal Actors and Other Public Safety Threats,policy,White House Presidential Actions,https://www.whitehouse.gov/presidential-actions/2026/02/protecting-the-national-security-and-welfare-of-the-united-states-and-its-citizens-from-criminal-actors-and-other-public-safety-threats/,50,0.7,Y,Y,
20251218_br0087,2025-12-18,Statement by the President,"무역/관세, 이민/국경, 안보/군사, 경제/세금, 에너지, 규제완화, 사법/법무, 선거/정치",2026-01-14,[조치] Adjusting Imports of Processed Critical Minerals and Their Derivative Products into the United States,policy,White House Presidential Actions,https://www.whitehouse.gov/presidential-actions/2026/01/adjusting-imports-of-processed-critical-minerals-and-their-derivative-products-into-the-united-states/,27,0.6,Y,Y,
20251218_br0087,2025-12-18,Statement by the President,"무역/관세, 이민/국경, 안보/군사, 경제/세금, 에너지, 규제완화, 사법/법무, 선거/정치",2025-12-30,[조치] To Implement the United States-Israel Agreement on Trade in Agricultural Products and for Other Purposes,policy,White House Presidential Actions,https://www.whitehouse.gov/presidential-actions/2025/12/to-implement-the-united-states-israel-agreement-on-trade-in-agricultural-products-and-for-other-purposes/,12,0.6,Y,Y,
20251218_br0087,2025-12-18,Statement by the President,"무역/관세, 이민/국경, 안보/군사, 경제/세금, 에너지, 규제완화, 사법/법무, 선거/정치",2026-03-13,[조치] Adjusting Certain Delegations Under the Defense Production Act,policy,White House Presidential Actions,https://www.whitehouse.gov/presidential-actions/2026/03/adjusting-certain-delegations-under-the-defense-production-act/,85,0.5,N,,
20251218_br0088,2025-12-18,Congressional Bills S. 2283 AND S. 356 Signed into Law,"사법/법무, 선거/정치",2026-03-31,[조치] Ensuring Citizenship Verification and Integrity in Federal Elections,policy,White House Presidential Actions,https://www.whitehouse.gov/presidential-actions/2026/03/ensuring-citizenship-verification-and-integrity-in-federal-elections/,103,0.3,N,,
20251218_br0088,2025-12-18,Congressional Bills S. 2283 AND S. 356 Signed into Law,"사법/법무, 선거/정치",2026-03-06,"[조치] Combating Cybercrime, Fraud, and Predatory Schemes Against American Citizens",policy,White House Presidential Actions,https://www.whitehouse.gov/presidential-actions/2026/03/combating-cybercrime-fraud-and-predatory-schemes-against-american-citizens/,78,0.3,N,,
20251218_br0089,2025-12-18,Letter to the Smithsonian: Review of Smithsonian Exhibitions and Materials,"무역/관세, 이민/국경, 안보/군사, 경제/세금, 규제완화, 사법/법무",2026-02-11,[조치] Strengthening United States National Defense with America’s Beautiful Clean Coal Power Generation Fleet,policy,White House Presidential Actions,https://www.whitehouse.gov/presidential-actions/2026/02/strengthening-united-states-national-defense-with-americas-beautiful-clean-coal-power-generation-fleet/,55,0.7,Y,Y,
20251218_br0089,2025-12-18,Letter to the Smithsonian: Review of Smithsonian Exhibitions and Materials,"무역/관세, 이민/국경, 안보/군사, 경제/세금, 규제완화, 사법/법무",2026-03-13,[조치] Adjusting Certain Delegations Under the Defense Production Act,policy,White House Presidential Actions,https://www.whitehouse.gov/presidential-actions/2026/03/adjusting-certain-delegations-under-the-defense-production-act/,85,0.5,N,,
20251218_br0089,2025-12-18,Letter to the Smithsonian: Review of Smithsonian Exhibitions and Materials,"무역/관세, 이민/국경, 안보/군사, 경제/세금, 규제완화, 사법/법무",2026-02-18,[조치] Promoting the National Defense by Ensuring an Adequate Supply of Elemental Phosphorus and Glyphosate-Based Herbicides,policy,White House Presidential Actions,https://www.whitehouse.gov/presidential-actions/2026/02/promoting-the-national-defense-by-ensuring-an-adequate-supply-of-elemental-phosphorus-and-glyphosate-based-herbicides/,62,0.5,N,,
20251218_br0089,2025-12-18,Letter to the Smithsonian: Review of Smithsonian Exhibitions and Materials,"무역/관세, 이민/국경, 안보/군사, 경제/세금, 규제완화, 사법/법무",2026-01-14,"[조치] ADJUSTING IMPORTS OF SEMICONDUCTORS, SEMICONDUCTOR MANUFACTURING EQUIPMENT, AND THEIR DERIVATIVE PRODUCTS INTO THE UNITED STATES",policy,White House Presidential Actions,https://www.whitehouse.gov/presidential-actions/2026/01/adjusting-imports-of-semiconductors-semiconductor-manufacturing-equipment-and-their-derivative-products-into-the-united-states/,27,0.5,N,,
20251218_br0089,2025-12-18,Letter to the Smithsonian: Review of Smithsonian Exhibitions and Materials,"무역/관세, 이민/국경, 안보/군사, 경제/세금, 규제완화, 사법/법무",2026-01-14,[조치] Adjusting Imports of Processed Critical Minerals and Their Derivative Products into the United States,policy,White House Presidential Actions,https://www.whitehouse.gov/presidential-actions/2026/01/adjusting-imports-of-processed-critical-minerals-and-their-derivative-products-into-the-united-states/,27,0.5,N,,
20251217_br0090,2025-12-17,Presidential Message on Wright Brothers Day,"외교/동맹, 안보/군사, 경제/세금",2026-02-11,[조치] Strengthening United States National Defense with America’s Beautiful Clean Coal Power Generation Fleet,policy,White House Presidential Actions,https://www.whitehouse.gov/presidential-actions/2026/02/strengthening-united-states-national-defense-with-americas-beautiful-clean-coal-power-generation-fleet/,56,0.8,Y,Y,
20251217_br0090,2025-12-17,Presidential Message on Wright Brothers Day,"외교/동맹, 안보/군사, 경제/세금",2026-03-13,[조치] Adjusting Certain Delegations Under the Defense Production Act,policy,White House Presidential Actions,https://www.whitehouse.gov/presidential-actions/2026/03/adjusting-certain-delegations-under-the-defense-production-act/,86,0.4,N,,
20251217_br0090,2025-12-17,Presidential Message on Wright Brothers Day,"외교/동맹, 안보/군사, 경제/세금",2026-02-06,[조치] Protecting the National Security and Welfare of the United States and its Citizens from Criminal Actors and Other Public Safety Threats,policy,White House Presidential Actions,https://www.whitehouse.gov/presidential-actions/2026/02/protecting-the-national-security-and-welfare-of-the-united-states-and-its-citizens-from-criminal-actors-and-other-public-safety-threats/,51,0.3,N,,
20251217_br0090,2025-12-17,Presidential Message on Wright Brothers Day,"외교/동맹, 안보/군사, 경제/세금",2026-01-14,"[조치] ADJUSTING IMPORTS OF SEMICONDUCTORS, SEMICONDUCTOR MANUFACTURING EQUIPMENT, AND THEIR DERIVATIVE PRODUCTS INTO THE UNITED STATES",policy,White House Presidential Actions,https://www.whitehouse.gov/presidential-actions/2026/01/adjusting-imports-of-semiconductors-semiconductor-manufacturing-equipment-and-their-derivative-products-into-the-united-states/,28,0.3,N,,
20251217_br0090,2025-12-17,Presidential Message on Wright Brothers Day,"외교/동맹, 안보/군사, 경제/세금",2026-01-14,[조치] Adjusting Imports of Processed Critical Minerals and Their Derivative Products into the United States,policy,White House Presidential Actions,https://www.whitehouse.gov/presidential-actions/2026/01/adjusting-imports-of-processed-critical-minerals-and-their-derivative-products-into-the-united-states/,28,0.3,N,,
20251216_br0091,2025-12-16,America 250: Presidential Message on the Anniversary of the Battle of the Bulge,"외교/동맹, 안보/군사, 경제/세금",2026-02-11,[조치] Strengthening United States National Defense with America’s Beautiful Clean Coal Power Generation Fleet,policy,White House Presidential Actions,https://www.whitehouse.gov/presidential-actions/2026/02/strengthening-united-states-national-defense-with-americas-beautiful-clean-coal-power-generation-fleet/,57,0.6,Y,Y,
20251216_br0091,2025-12-16,America 250: Presidential Message on the Anniversary of the Battle of the Bulge,"외교/동맹, 안보/군사, 경제/세금",2026-03-13,[조치] Adjusting Certain Delegations Under the Defense Production Act,policy,White House Presidential Actions,https://www.whitehouse.gov/presidential-actions/2026/03/adjusting-certain-delegations-under-the-defense-production-act/,87,0.4,N,,
20251216_br0091,2025-12-16,America 250: Presidential Message on the Anniversary of the Battle of the Bulge,"외교/동맹, 안보/군사, 경제/세금",2026-02-18,[조치] Promoting the National Defense by Ensuring an Adequate Supply of Elemental Phosphorus and Glyphosate-Based Herbicides,policy,White House Presidential Actions,https://www.whitehouse.gov/presidential-actions/2026/02/promoting-the-national-defense-by-ensuring-an-adequate-supply-of-elemental-phosphorus-and-glyphosate-based-herbicides/,64,0.4,N,,
20251216_br0091,2025-12-16,America 250: Presidential Message on the Anniversary of the Battle of the Bulge,"외교/동맹, 안보/군사, 경제/세금",2026-01-07,[조치] Prioritizing the Warfighter in Defense Contracting,policy,White House Presidential Actions,https://www.whitehouse.gov/presidential-actions/2026/01/prioritizing-the-warfighter-in-defense-contracting/,22,0.4,N,,
20251216_br0091,2025-12-16,America 250: Presidential Message on the Anniversary of the Battle of the Bulge,"외교/동맹, 안보/군사, 경제/세금",2026-01-14,"[조치] ADJUSTING IMPORTS OF SEMICONDUCTORS, SEMICONDUCTOR MANUFACTURING EQUIPMENT, AND THEIR DERIVATIVE PRODUCTS INTO THE UNITED STATES",policy,White House Presidential Actions,https://www.whitehouse.gov/presidential-actions/2026/01/adjusting-imports-of-semiconductors-semiconductor-manufacturing-equipment-and-their-derivative-products-into-the-united-states/,29,0.3,N,,
20251214_br0092,2025-12-14,Presidential Message on Hanukkah,"안보/군사, 경제/세금, 에너지",2026-02-11,[조치] Strengthening United States National Defense with America’s Beautiful Clean Coal Power Generation Fleet,policy,White House Presidential Actions,https://www.whitehouse.gov/presidential-actions/2026/02/strengthening-united-states-national-defense-with-americas-beautiful-clean-coal-power-generation-fleet/,59,0.5,N,,
20251214_br0092,2025-12-14,Presidential Message on Hanukkah,"안보/군사, 경제/세금, 에너지",2026-03-13,[조치] Adjusting Certain Delegations Under the Defense Production Act,policy,White House Presidential Actions,https://www.whitehouse.gov/presidential-actions/2026/03/adjusting-certain-delegations-under-the-defense-production-act/,89,0.4,N,,
20251214_br0092,2025-12-14,Presidential Message on Hanukkah,"안보/군사, 경제/세금, 에너지",2026-01-10,[조치] Safeguarding Venezuelan Oil Revenue for the Good of the American and Venezuelan People,policy,White House Presidential Actions,https://www.whitehouse.gov/presidential-actions/2026/01/safeguarding-venezuelan-oil-revenue-for-the-good-of-the-american-and-venezuelan-people/,27,0.4,N,,
20251214_br0092,2025-12-14,Presidential Message on Hanukkah,"안보/군사, 경제/세금, 에너지",2026-02-06,[조치] Protecting the National Security and Welfare of the United States and its Citizens from Criminal Actors and Other Public Safety Threats,policy,White House Presidential Actions,https://www.whitehouse.gov/presidential-actions/2026/02/protecting-the-national-security-and-welfare-of-the-united-states-and-its-citizens-from-criminal-actors-and-other-public-safety-threats/,54,0.3,N,,
20251214_br0092,2025-12-14,Presidential Message on Hanukkah,"안보/군사, 경제/세금, 에너지",2026-01-14,"[조치] ADJUSTING IMPORTS OF SEMICONDUCTORS, SEMICONDUCTOR MANUFACTURING EQUIPMENT, AND THEIR DERIVATIVE PRODUCTS INTO THE UNITED STATES",policy,White House Presidential Actions,https://www.whitehouse.gov/presidential-actions/2026/01/adjusting-imports-of-semiconductors-semiconductor-manufacturing-equipment-and-their-derivative-products-into-the-united-states/,31,0.3,N,,
20251212_br0093,2025-12-12,"Congressional Bills H.R. 452, H.R. 970, H.R. 983, H.R. 1912 AND S. 616 Signed into Law","안보/군사, 경제/세금, 규제완화, 사법/법무, 선거/정치",2026-03-13,[조치] Adjusting Certain Delegations Under the Defense Production Act,policy,White House Presidential Actions,https://www.whitehouse.gov/presidential-actions/2026/03/adjusting-certain-delegations-under-the-defense-production-act/,91,0.5,N,,
20251212_br0093,2025-12-12,"Congressional Bills H.R. 452, H.R. 970, H.R. 983, H.R. 1912 AND S. 616 Signed into Law","안보/군사, 경제/세금, 규제완화, 사법/법무, 선거/정치",2026-03-31,[조치] Ensuring Citizenship Verification and Integrity in Federal Elections,policy,White House Presidential Actions,https://www.whitehouse.gov/presidential-actions/2026/03/ensuring-citizenship-verification-and-integrity-in-federal-elections/,109,0.4,N,,
20251212_br0093,2025-12-12,"Congressional Bills H.R. 452, H.R. 970, H.R. 983, H.R. 1912 AND S. 616 Signed into Law","안보/군사, 경제/세금, 규제완화, 사법/법무, 선거/정치",2025-12-18,"[조치] Providing for the Closure of Executive Departments and Agencies of the Federal Government on December 24, 2025, and December 26, 2025",policy,White House Presidential Actions,https://www.whitehouse.gov/presidential-actions/2025/12/providing-for-the-closure-of-executive-departments-and-agencies-of-the-federal-government-on-december-24-2025-and-december-26-2025/,6,0.3,N,,
20251212_br0093,2025-12-12,"Congressional Bills H.R. 452, H.R. 970, H.R. 983, H.R. 1912 AND S. 616 Signed into Law","안보/군사, 경제/세금, 규제완화, 사법/법무, 선거/정치",2026-03-06,"[조치] Combating Cybercrime, Fraud, and Predatory Schemes Against American Citizens",policy,White House Presidential Actions,https://www.whitehouse.gov/presidential-actions/2026/03/combating-cybercrime-fraud-and-predatory-schemes-against-american-citizens/,84,0.3,N,,
20251212_br0093,2025-12-12,"Congressional Bills H.R. 452, H.R. 970, H.R. 983, H.R. 1912 AND S. 616 Signed into Law","안보/군사, 경제/세금, 규제완화, 사법/법무, 선거/정치",2026-02-18,[조치] Promoting the National Defense by Ensuring an Adequate Supply of Elemental Phosphorus and Glyphosate-Based Herbicides,policy,White House Presidential Actions,https://www.whitehouse.gov/presidential-actions/2026/02/promoting-the-national-defense-by-ensuring-an-adequate-supply-of-elemental-phosphorus-and-glyphosate-based-herbicides/,68,0.3,N,,
20251212_br0094,2025-12-12,America 250: Presidential Message on the Birthday of John Jay,"무역/관세, 안보/군사, 경제/세금, 규제완화, 사법/법무, 선거/정치",2026-02-11,[조치] Strengthening United States National Defense with America’s Beautiful Clean Coal Power Generation Fleet,policy,White House Presidential Actions,https://www.whitehouse.gov/presidential-actions/2026/02/strengthening-united-states-national-defense-with-americas-beautiful-clean-coal-power-generation-fleet/,61,0.6,N,,
20251212_br0094,2025-12-12,America 250: Presidential Message on the Birthday of John Jay,"무역/관세, 안보/군사, 경제/세금, 규제완화, 사법/법무, 선거/정치",2026-03-31,[조치] Ensuring Citizenship Verification and Integrity in Federal Elections,policy,White House Presidential Actions,https://www.whitehouse.gov/presidential-actions/2026/03/ensuring-citizenship-verification-and-integrity-in-federal-elections/,109,0.5,N,,
20251212_br0094,2025-12-12,America 250: Presidential Message on the Birthday of John Jay,"무역/관세, 안보/군사, 경제/세금, 규제완화, 사법/법무, 선거/정치",2026-02-18,[조치] Promoting the National Defense by Ensuring an Adequate Supply of Elemental Phosphorus and Glyphosate-Based Herbicides,policy,White House Presidential Actions,https://www.whitehouse.gov/presidential-actions/2026/02/promoting-the-national-defense-by-ensuring-an-adequate-supply-of-elemental-phosphorus-and-glyphosate-based-herbicides/,68,0.5,N,,
20251212_br0094,2025-12-12,America 250: Presidential Message on the Birthday of John Jay,"무역/관세, 안보/군사, 경제/세금, 규제완화, 사법/법무, 선거/정치",2026-03-13,[조치] Adjusting Certain Delegations Under the Defense Production Act,policy,White House Presidential Actions,https://www.whitehouse.gov/presidential-actions/2026/03/adjusting-certain-delegations-under-the-defense-production-act/,91,0.4,N,,
20251212_br0094,2025-12-12,America 250: Presidential Message on the Birthday of John Jay,"무역/관세, 안보/군사, 경제/세금, 규제완화, 사법/법무, 선거/정치",2026-03-06,"[조치] Combating Cybercrime, Fraud, and Predatory Schemes Against American Citizens",policy,White House Presidential Actions,https://www.whitehouse.gov/presidential-actions/2026/03/combating-cybercrime-fraud-and-predatory-schemes-against-american-citizens/,84,0.4,N,,
20251212_br0095,2025-12-12,"Congressional Bills H.J. Res. 104, 105, 106, 130 and 131 Signed into Law","에너지, 사법/법무, 선거/정치",2026-03-31,[조치] Ensuring Citizenship Verification and Integrity in Federal Elections,policy,White House Presidential Actions,https://www.whitehouse.gov/presidential-actions/2026/03/ensuring-citizenship-verification-and-integrity-in-federal-elections/,109,0.3,N,,
20251212_br0095,2025-12-12,"Congressional Bills H.J. Res. 104, 105, 106, 130 and 131 Signed into Law","에너지, 사법/법무, 선거/정치",2026-03-06,"[조치] Combating Cybercrime, Fraud, and Predatory Schemes Against American Citizens",policy,White House Presidential Actions,https://www.whitehouse.gov/presidential-actions/2026/03/combating-cybercrime-fraud-and-predatory-schemes-against-american-citizens/,84,0.3,N,,
20251212_br0095,2025-12-12,"Congressional Bills H.J. Res. 104, 105, 106, 130 and 131 Signed into Law","에너지, 사법/법무, 선거/정치",2026-01-10,[조치] Safeguarding Venezuelan Oil Revenue for the Good of the American and Venezuelan People,policy,White House Presidential Actions,https://www.whitehouse.gov/presidential-actions/2026/01/safeguarding-venezuelan-oil-revenue-for-the-good-of-the-american-and-venezuelan-people/,29,0.3,N,,
20251210_br0096,2025-12-10,America 250: Presidential Message on the Anniversary of our Victory in the Spanish-American War,"외교/동맹, 안보/군사, 경제/세금, 사법/법무, 미디어",2026-02-11,[조치] Strengthening United States National Defense with America’s Beautiful Clean Coal Power Generation Fleet,policy,White House Presidential Actions,https://www.whitehouse.gov/presidential-actions/2026/02/strengthening-united-states-national-defense-with-americas-beautiful-clean-coal-power-generation-fleet/,63,0.7,N,,
20251210_br0096,2025-12-10,America 250: Presidential Message on the Anniversary of our Victory in the Spanish-American War,"외교/동맹, 안보/군사, 경제/세금, 사법/법무, 미디어",2026-03-13,[조치] Adjusting Certain Delegations Under the Defense Production Act,policy,White House Presidential Actions,https://www.whitehouse.gov/presidential-actions/2026/03/adjusting-certain-delegations-under-the-defense-production-act/,93,0.4,N,,
20251210_br0096,2025-12-10,America 250: Presidential Message on the Anniversary of our Victory in the Spanish-American War,"외교/동맹, 안보/군사, 경제/세금, 사법/법무, 미디어",2026-03-06,"[조치] Combating Cybercrime, Fraud, and Predatory Schemes Against American Citizens",policy,White House Presidential Actions,https://www.whitehouse.gov/presidential-actions/2026/03/combating-cybercrime-fraud-and-predatory-schemes-against-american-citizens/,86,0.4,N,,
20251210_br0096,2025-12-10,America 250: Presidential Message on the Anniversary of our Victory in the Spanish-American War,"외교/동맹, 안보/군사, 경제/세금, 사법/법무, 미디어",2026-01-07,"[조치] Withdrawing the United States from International Organizations, Conventions, and Treaties that Are Contrary to the Interests of the United States",policy,White House Presidential Actions,https://www.whitehouse.gov/presidential-actions/2026/01/withdrawing-the-united-states-from-international-organizations-conventions-and-treaties-that-are-contrary-to-the-interests-of-the-united-states/,28,0.3,N,,
20251210_br0096,2025-12-10,America 250: Presidential Message on the Anniversary of our Victory in the Spanish-American War,"외교/동맹, 안보/군사, 경제/세금, 사법/법무, 미디어",2026-02-18,[조치] Promoting the National Defense by Ensuring an Adequate Supply of Elemental Phosphorus and Glyphosate-Based Herbicides,policy,White House Presidential Actions,https://www.whitehouse.gov/presidential-actions/2026/02/promoting-the-national-defense-by-ensuring-an-adequate-supply-of-elemental-phosphorus-and-glyphosate-based-herbicides/,70,0.3,N,,
20251208_br0097,2025-12-08,"First Lady Melania Trump Calls for Love During the Holiday Season, Partners with Toys for Tots & Supports Military Families","안보/군사, 경제/세금, 에너지, 규제완화, 미디어",2026-02-11,[조치] Strengthening United States National Defense with America’s Beautiful Clean Coal Power Generation Fleet,policy,White House Presidential Actions,https://www.whitehouse.gov/presidential-actions/2026/02/strengthening-united-states-national-defense-with-americas-beautiful-clean-coal-power-generation-fleet/,65,0.6,N,,
20251208_br0097,2025-12-08,"First Lady Melania Trump Calls for Love During the Holiday Season, Partners with Toys for Tots & Supports Military Families","안보/군사, 경제/세금, 에너지, 규제완화, 미디어",2026-02-18,[조치] Promoting the National Defense by Ensuring an Adequate Supply of Elemental Phosphorus and Glyphosate-Based Herbicides,policy,White House Presidential Actions,https://www.whitehouse.gov/presidential-actions/2026/02/promoting-the-national-defense-by-ensuring-an-adequate-supply-of-elemental-phosphorus-and-glyphosate-based-herbicides/,72,0.4,N,,
20251208_br0097,2025-12-08,"First Lady Melania Trump Calls for Love During the Holiday Season, Partners with Toys for Tots & Supports Military Families","안보/군사, 경제/세금, 에너지, 규제완화, 미디어",2026-01-10,[조치] Safeguarding Venezuelan Oil Revenue for the Good of the American and Venezuelan People,policy,White House Presidential Actions,https://www.whitehouse.gov/presidential-actions/2026/01/safeguarding-venezuelan-oil-revenue-for-the-good-of-the-american-and-venezuelan-people/,33,0.4,N,,
20251208_br0097,2025-12-08,"First Lady Melania Trump Calls for Love During the Holiday Season, Partners with Toys for Tots & Supports Military Families","안보/군사, 경제/세금, 에너지, 규제완화, 미디어",2026-01-29,[조치] Addressing Addiction through the Great American Recovery Initiative,policy,White House Presidential Actions,https://www.whitehouse.gov/presidential-actions/2026/01/addressing-addiction-through-the-great-american-recovery-initiative/,52,0.3,N,,
20251208_br0097,2025-12-08,"First Lady Melania Trump Calls for Love During the Holiday Season, Partners with Toys for Tots & Supports Military Families","안보/군사, 경제/세금, 에너지, 규제완화, 미디어",2026-01-14,"[조치] ADJUSTING IMPORTS OF SEMICONDUCTORS, SEMICONDUCTOR MANUFACTURING EQUIPMENT, AND THEIR DERIVATIVE PRODUCTS INTO THE UNITED STATES",policy,White House Presidential Actions,https://www.whitehouse.gov/presidential-actions/2026/01/adjusting-imports-of-semiconductors-semiconductor-manufacturing-equipment-and-their-derivative-products-into-the-united-states/,37,0.3,N,,
20251208_br0098,2025-12-08,Presidential Message on the Feast of the Immaculate Conception,"외교/동맹, 안보/군사, 경제/세금",2026-02-11,[조치] Strengthening United States National Defense with America’s Beautiful Clean Coal Power Generation Fleet,policy,White House Presidential Actions,https://www.whitehouse.gov/presidential-actions/2026/02/strengthening-united-states-national-defense-with-americas-beautiful-clean-coal-power-generation-fleet/,65,0.7,N,,
20251208_br0098,2025-12-08,Presidential Message on the Feast of the Immaculate Conception,"외교/동맹, 안보/군사, 경제/세금",2026-02-18,[조치] Promoting the National Defense by Ensuring an Adequate Supply of Elemental Phosphorus and Glyphosate-Based Herbicides,policy,White House Presidential Actions,https://www.whitehouse.gov/presidential-actions/2026/02/promoting-the-national-defense-by-ensuring-an-adequate-supply-of-elemental-phosphorus-and-glyphosate-based-herbicides/,72,0.4,N,,
20251208_br0098,2025-12-08,Presidential Message on the Feast of the Immaculate Conception,"외교/동맹, 안보/군사, 경제/세금",2026-03-24,"[조치] Greek Independence Day: A National Day of Celebration of Greek and American Democracy, 2026",policy,White House Presidential Actions,https://www.whitehouse.gov/presidential-actions/2026/03/greek-independence-day-a-national-day-of-celebration-of-greek-and-american-democracy-2026/,106,0.3,N,,
20251208_br0098,2025-12-08,Presidential Message on the Feast of the Immaculate Conception,"외교/동맹, 안보/군사, 경제/세금",2026-02-06,[조치] Protecting the National Security and Welfare of the United States and its Citizens from Criminal Actors and Other Public Safety Threats,policy,White House Presidential Actions,https://www.whitehouse.gov/presidential-actions/2026/02/protecting-the-national-security-and-welfare-of-the-united-states-and-its-citizens-from-criminal-actors-and-other-public-safety-threats/,60,0.3,N,,
20251208_br0098,2025-12-08,Presidential Message on the Feast of the Immaculate Conception,"외교/동맹, 안보/군사, 경제/세금",2026-01-14,"[조치] ADJUSTING IMPORTS OF SEMICONDUCTORS, SEMICONDUCTOR MANUFACTURING EQUIPMENT, AND THEIR DERIVATIVE PRODUCTS INTO THE UNITED STATES",policy,White House Presidential Actions,https://www.whitehouse.gov/presidential-actions/2026/01/adjusting-imports-of-semiconductors-semiconductor-manufacturing-equipment-and-their-derivative-products-into-the-united-states/,37,0.3,N,,
20251206_br0099,2025-12-06,America 250: Presidential Message on the Anniversary of the Ratification of the 13th Amendment,"경제/세금, 규제완화, 사법/법무",2026-03-06,"[조치] Combating Cybercrime, Fraud, and Predatory Schemes Against American Citizens",policy,White House Presidential Actions,https://www.whitehouse.gov/presidential-actions/2026/03/combating-cybercrime-fraud-and-predatory-schemes-against-american-citizens/,90,0.5,N,,
20251206_br0099,2025-12-06,America 250: Presidential Message on the Anniversary of the Ratification of the 13th Amendment,"경제/세금, 규제완화, 사법/법무",2026-02-06,[조치] Protecting the National Security and Welfare of the United States and its Citizens from Criminal Actors and Other Public Safety Threats,policy,White House Presidential Actions,https://www.whitehouse.gov/presidential-actions/2026/02/protecting-the-national-security-and-welfare-of-the-united-states-and-its-citizens-from-criminal-actors-and-other-public-safety-threats/,62,0.3,N,,
20251206_br0099,2025-12-06,America 250: Presidential Message on the Anniversary of the Ratification of the 13th Amendment,"경제/세금, 규제완화, 사법/법무",2026-01-14,"[조치] ADJUSTING IMPORTS OF SEMICONDUCTORS, SEMICONDUCTOR MANUFACTURING EQUIPMENT, AND THEIR DERIVATIVE PRODUCTS INTO THE UNITED STATES",policy,White House Presidential Actions,https://www.whitehouse.gov/presidential-actions/2026/01/adjusting-imports-of-semiconductors-semiconductor-manufacturing-equipment-and-their-derivative-products-into-the-united-states/,39,0.3,N,,
20251206_br0099,2025-12-06,America 250: Presidential Message on the Anniversary of the Ratification of the 13th Amendment,"경제/세금, 규제완화, 사법/법무",2026-01-14,[조치] Adjusting Imports of Processed Critical Minerals and Their Derivative Products into the United States,policy,White House Presidential Actions,https://www.whitehouse.gov/presidential-actions/2026/01/adjusting-imports-of-processed-critical-minerals-and-their-derivative-products-into-the-united-states/,39,0.3,N,,
20251206_br0099,2025-12-06,America 250: Presidential Message on the Anniversary of the Ratification of the 13th Amendment,"경제/세금, 규제완화, 사법/법무",2025-12-31,"[조치] Amendments to Adjusting Imports of Timber, Lumber, and their Derivative Products into the United States",policy,White House Presidential Actions,https://www.whitehouse.gov/presidential-actions/2025/12/amendments-to-adjusting-imports-of-timber-lumber-and-their-derivative-products-into-the-united-states/,25,0.3,N,,
20251206_br0100,2025-12-06,Presidential Message on the Eighth Anniversary of Recognizing Jerusalem as the Capital of the State of Israel,"외교/동맹, 안보/군사, 선거/정치",2026-02-11,[조치] Strengthening United States National Defense with America’s Beautiful Clean Coal Power Generation Fleet,policy,White House Presidential Actions,https://www.whitehouse.gov/presidential-actions/2026/02/strengthening-united-states-national-defense-with-americas-beautiful-clean-coal-power-generation-fleet/,67,0.6,N,,
20251206_br0100,2025-12-06,Presidential Message on the Eighth Anniversary of Recognizing Jerusalem as the Capital of the State of Israel,"외교/동맹, 안보/군사, 선거/정치",2026-02-18,[조치] Promoting the National Defense by Ensuring an Adequate Supply of Elemental Phosphorus and Glyphosate-Based Herbicides,policy,White House Presidential Actions,https://www.whitehouse.gov/presidential-actions/2026/02/promoting-the-national-defense-by-ensuring-an-adequate-supply-of-elemental-phosphorus-and-glyphosate-based-herbicides/,74,0.4,N,,
20251206_br0100,2025-12-06,Presidential Message on the Eighth Anniversary of Recognizing Jerusalem as the Capital of the State of Israel,"외교/동맹, 안보/군사, 선거/정치",2026-02-06,[조치] Protecting the National Security and Welfare of the United States and its Citizens from Criminal Actors and Other Public Safety Threats,policy,White House Presidential Actions,https://www.whitehouse.gov/presidential-actions/2026/02/protecting-the-national-security-and-welfare-of-the-united-states-and-its-citizens-from-criminal-actors-and-other-public-safety-threats/,62,0.3,N,,
20251206_br0100,2025-12-06,Presidential Message on the Eighth Anniversary of Recognizing Jerusalem as the Capital of the State of Israel,"외교/동맹, 안보/군사, 선거/정치",2025-12-30,[조치] To Implement the United States-Israel Agreement on Trade in Agricultural Products and for Other Purposes,policy,White House Presidential Actions,https://www.whitehouse.gov/presidential-actions/2025/12/to-implement-the-united-states-israel-agreement-on-trade-in-agricultural-products-and-for-other-purposes/,24,0.3,N,,
20251206_br0100,2025-12-06,Presidential Message on the Eighth Anniversary of Recognizing Jerusalem as the Capital of the State of Israel,"외교/동맹, 안보/군사, 선거/정치",2025-12-16,[조치] Restricting and Limiting the Entry of Foreign Nationals to Protect the Security of the United States,policy,White House Presidential Actions,https://www.whitehouse.gov/presidential-actions/2025/12/restricting-and-limiting-the-entry-of-foreign-nationals-to-protect-the-security-of-the-united-states/,10,0.3,N,,
20251206_br0101,2025-12-06,Congressional Bills S.J.Res. 80 Signed into Law,"경제/세금, 사법/법무, 선거/정치",2026-03-31,[조치] Ensuring Citizenship Verification and Integrity in Federal Elections,policy,White House Presidential Actions,https://www.whitehouse.gov/presidential-actions/2026/03/ensuring-citizenship-verification-and-integrity-in-federal-elections/,115,0.3,N,,
20251206_br0101,2025-12-06,Congressional Bills S.J.Res. 80 Signed into Law,"경제/세금, 사법/법무, 선거/정치",2026-03-06,"[조치] Combating Cybercrime, Fraud, and Predatory Schemes Against American Citizens",policy,White House Presidential Actions,https://www.whitehouse.gov/presidential-actions/2026/03/combating-cybercrime-fraud-and-predatory-schemes-against-american-citizens/,90,0.3,N,,
20251205_br0102,2025-12-05,Presidential Message on National Impaired Driving Prevention Month,"이민/국경, 안보/군사, 사법/법무, 선거/정치, 보건",2026-02-11,[조치] Strengthening United States National Defense with America’s Beautiful Clean Coal Power Generation Fleet,policy,White House Presidential Actions,https://www.whitehouse.gov/presidential-actions/2026/02/strengthening-united-states-national-defense-with-americas-beautiful-clean-coal-power-generation-fleet/,68,0.5,N,,
20251205_br0102,2025-12-05,Presidential Message on National Impaired Driving Prevention Month,"이민/국경, 안보/군사, 사법/법무, 선거/정치, 보건",2026-02-06,[조치] Protecting the National Security and Welfare of the United States and its Citizens from Criminal Actors and Other Public Safety Threats,policy,White House Presidential Actions,https://www.whitehouse.gov/presidential-actions/2026/02/protecting-the-national-security-and-welfare-of-the-united-states-and-its-citizens-from-criminal-actors-and-other-public-safety-threats/,63,0.5,N,,
20251205_br0102,2025-12-05,Presidential Message on National Impaired Driving Prevention Month,"이민/국경, 안보/군사, 사법/법무, 선거/정치, 보건",2026-03-13,[조치] Adjusting Certain Delegations Under the Defense Production Act,policy,White House Presidential Actions,https://www.whitehouse.gov/presidential-actions/2026/03/adjusting-certain-delegations-under-the-defense-production-act/,98,0.4,N,,
20251205_br0102,2025-12-05,Presidential Message on National Impaired Driving Prevention Month,"이민/국경, 안보/군사, 사법/법무, 선거/정치, 보건",2026-03-06,"[조치] Combating Cybercrime, Fraud, and Predatory Schemes Against American Citizens",policy,White House Presidential Actions,https://www.whitehouse.gov/presidential-actions/2026/03/combating-cybercrime-fraud-and-predatory-schemes-against-american-citizens/,91,0.4,N,,
20251205_br0102,2025-12-05,Presidential Message on National Impaired Driving Prevention Month,"이민/국경, 안보/군사, 사법/법무, 선거/정치, 보건",2026-02-18,[조치] Promoting the National Defense by Ensuring an Adequate Supply of Elemental Phosphorus and Glyphosate-Based Herbicides,policy,White House Presidential Actions,https://www.whitehouse.gov/presidential-actions/2026/02/promoting-the-national-defense-by-ensuring-an-adequate-supply-of-elemental-phosphorus-and-glyphosate-based-herbicides/,75,0.4,N,,
20251205_br0104,2025-12-05,First Lady Melania Trump Emphasizes the Importance of Upholding America’s Storied Institutions at the Blair House,"무역/관세, 외교/동맹, 안보/군사, 경제/세금, 규제완화, 사법/법무, 선거/정치",2026-02-11,[조치] Strengthening United States National Defense with America’s Beautiful Clean Coal Power Generation Fleet,policy,White House Presidential Actions,https://www.whitehouse.gov/presidential-actions/2026/02/strengthening-united-states-national-defense-with-americas-beautiful-clean-coal-power-generation-fleet/,68,0.5,N,,
20251205_br0104,2025-12-05,First Lady Melania Trump Emphasizes the Importance of Upholding America’s Storied Institutions at the Blair House,"무역/관세, 외교/동맹, 안보/군사, 경제/세금, 규제완화, 사법/법무, 선거/정치",2026-03-06,"[조치] Combating Cybercrime, Fraud, and Predatory Schemes Against American Citizens",policy,White House Presidential Actions,https://www.whitehouse.gov/presidential-actions/2026/03/combating-cybercrime-fraud-and-predatory-schemes-against-american-citizens/,91,0.4,N,,
20251205_br0104,2025-12-05,First Lady Melania Trump Emphasizes the Importance of Upholding America’s Storied Institutions at the Blair House,"무역/관세, 외교/동맹, 안보/군사, 경제/세금, 규제완화, 사법/법무, 선거/정치",2026-03-31,[조치] Ensuring Citizenship Verification and Integrity in Federal Elections,policy,White House Presidential Actions,https://www.whitehouse.gov/presidential-actions/2026/03/ensuring-citizenship-verification-and-integrity-in-federal-elections/,116,0.3,N,,
20251205_br0104,2025-12-05,First Lady Melania Trump Emphasizes the Importance of Upholding America’s Storied Institutions at the Blair House,"무역/관세, 외교/동맹, 안보/군사, 경제/세금, 규제완화, 사법/법무, 선거/정치",2026-03-13,[조치] Adjusting Certain Delegations Under the Defense Production Act,policy,White House Presidential Actions,https://www.whitehouse.gov/presidential-actions/2026/03/adjusting-certain-delegations-under-the-defense-production-act/,98,0.3,N,,
20251205_br0104,2025-12-05,First Lady Melania Trump Emphasizes the Importance of Upholding America’s Storied Institutions at the Blair House,"무역/관세, 외교/동맹, 안보/군사, 경제/세금, 규제완화, 사법/법무, 선거/정치",2026-02-21,[조치] Imposing a Temporary Import Surcharge to Address Fundamental International Payments Problems,policy,White House Presidential Actions,https://www.whitehouse.gov/presidential-actions/2026/02/imposing-a-temporary-import-surcharge-to-address-fundamental-international-payments-problems/,78,0.3,N,,
20251204_br0105,2025-12-04,U.S. First Lady Melania Trump Welcomes Progress in Russia – Ukraine Children’s Reunification Initiative,"외교/동맹, 안보/군사",2026-02-11,[조치] Strengthening United States National Defense with America’s Beautiful Clean Coal Power Generation Fleet,policy,White House Presidential Actions,https://www.whitehouse.gov/presidential-actions/2026/02/strengthening-united-states-national-defense-with-americas-beautiful-clean-coal-power-generation-fleet/,69,0.5,N,,
20251204_br0105,2025-12-04,U.S. First Lady Melania Trump Welcomes Progress in Russia – Ukraine Children’s Reunification Initiative,"외교/동맹, 안보/군사",2026-01-14,"[조치] ADJUSTING IMPORTS OF SEMICONDUCTORS, SEMICONDUCTOR MANUFACTURING EQUIPMENT, AND THEIR DERIVATIVE PRODUCTS INTO THE UNITED STATES",policy,White House Presidential Actions,https://www.whitehouse.gov/presidential-actions/2026/01/adjusting-imports-of-semiconductors-semiconductor-manufacturing-equipment-and-their-derivative-products-into-the-united-states/,41,0.3,N,,
20251204_br0105,2025-12-04,U.S. First Lady Melania Trump Welcomes Progress in Russia – Ukraine Children’s Reunification Initiative,"외교/동맹, 안보/군사",2026-01-14,[조치] Adjusting Imports of Processed Critical Minerals and Their Derivative Products into the United States,policy,White House Presidential Actions,https://www.whitehouse.gov/presidential-actions/2026/01/adjusting-imports-of-processed-critical-minerals-and-their-derivative-products-into-the-united-states/,41,0.3,N,,
20251204_br0105,2025-12-04,U.S. First Lady Melania Trump Welcomes Progress in Russia – Ukraine Children’s Reunification Initiative,"외교/동맹, 안보/군사",2025-12-31,"[조치] Amendments to Adjusting Imports of Timber, Lumber, and their Derivative Products into the United States",policy,White House Presidential Actions,https://www.whitehouse.gov/presidential-actions/2025/12/amendments-to-adjusting-imports-of-timber-lumber-and-their-derivative-products-into-the-united-states/,27,0.3,N,,
20251204_br0105,2025-12-04,U.S. First Lady Melania Trump Welcomes Progress in Russia – Ukraine Children’s Reunification Initiative,"외교/동맹, 안보/군사",2026-03-13,[조치] Adjusting Certain Delegations Under the Defense Production Act,policy,White House Presidential Actions,https://www.whitehouse.gov/presidential-actions/2026/03/adjusting-certain-delegations-under-the-defense-production-act/,99,0.3,N,,
20251202_br0106,2025-12-02,Congressional Bills H.J. Res 133 and H.R. 1512 Signed into Law,"경제/세금, 규제완화, 사법/법무, 선거/정치",2025-12-18,"[조치] Providing for the Closure of Executive Departments and Agencies of the Federal Government on December 24, 2025, and December 26, 2025",policy,White House Presidential Actions,https://www.whitehouse.gov/presidential-actions/2025/12/providing-for-the-closure-of-executive-departments-and-agencies-of-the-federal-government-on-december-24-2025-and-december-26-2025/,16,0.4,N,,
20251202_br0106,2025-12-02,Congressional Bills H.J. Res 133 and H.R. 1512 Signed into Law,"경제/세금, 규제완화, 사법/법무, 선거/정치",2026-03-31,[조치] Ensuring Citizenship Verification and Integrity in Federal Elections,policy,White House Presidential Actions,https://www.whitehouse.gov/presidential-actions/2026/03/ensuring-citizenship-verification-and-integrity-in-federal-elections/,119,0.3,N,,
20251202_br0106,2025-12-02,Congressional Bills H.J. Res 133 and H.R. 1512 Signed into Law,"경제/세금, 규제완화, 사법/법무, 선거/정치",2026-03-06,"[조치] Combating Cybercrime, Fraud, and Predatory Schemes Against American Citizens",policy,White House Presidential Actions,https://www.whitehouse.gov/presidential-actions/2026/03/combating-cybercrime-fraud-and-predatory-schemes-against-american-citizens/,94,0.3,N,,
20251201_br0107,2025-12-01,Congressional Bills H.R. 695 and H.R. 2483 Signed into Law,"경제/세금, 규제완화, 사법/법무, 선거/정치",2026-03-31,[조치] Ensuring Citizenship Verification and Integrity in Federal Elections,policy,White House Presidential Actions,https://www.whitehouse.gov/presidential-actions/2026/03/ensuring-citizenship-verification-and-integrity-in-federal-elections/,120,0.3,N,,
20251201_br0107,2025-12-01,Congressional Bills H.R. 695 and H.R. 2483 Signed into Law,"경제/세금, 규제완화, 사법/법무, 선거/정치",2026-03-06,"[조치] Combating Cybercrime, Fraud, and Predatory Schemes Against American Citizens",policy,White House Presidential Actions,https://www.whitehouse.gov/presidential-actions/2026/03/combating-cybercrime-fraud-and-predatory-schemes-against-american-citizens/,95,0.3,N,,
20251201_br0108,2025-12-01,HOME IS WHERE THE HEART IS – First Lady Melania Trump’s 2025 White House Christmas Theme,"안보/군사, 경제/세금, 에너지, 선거/정치",2026-02-11,[조치] Strengthening United States National Defense with America’s Beautiful Clean Coal Power Generation Fleet,policy,White House Presidential Actions,https://www.whitehouse.gov/presidential-actions/2026/02/strengthening-united-states-national-defense-with-americas-beautiful-clean-coal-power-generation-fleet/,72,0.4,N,,
20251201_br0108,2025-12-01,HOME IS WHERE THE HEART IS – First Lady Melania Trump’s 2025 White House Christmas Theme,"안보/군사, 경제/세금, 에너지, 선거/정치",2025-12-02,[조치] America 250: Presidential Message on the Anniversary of the Monroe Doctrine,policy,White House Presidential Actions,https://www.whitehouse.gov/presidential-actions/2025/12/america-250-presidential-message-on-the-anniversary-of-the-monroe-doctrine/,1,0.3,N,,
20251201_br0108,2025-12-01,HOME IS WHERE THE HEART IS – First Lady Melania Trump’s 2025 White House Christmas Theme,"안보/군사, 경제/세금, 에너지, 선거/정치",2026-03-31,[조치] Ensuring Citizenship Verification and Integrity in Federal Elections,policy,White House Presidential Actions,https://www.whitehouse.gov/presidential-actions/2026/03/ensuring-citizenship-verification-and-integrity-in-federal-elections/,120,0.3,N,,
20251201_br0108,2025-12-01,HOME IS WHERE THE HEART IS – First Lady Melania Trump’s 2025 White House Christmas Theme,"안보/군사, 경제/세금, 에너지, 선거/정치",2026-03-13,[조치] Adjusting Certain Delegations Under the Defense Production Act,policy,White House Presidential Actions,https://www.whitehouse.gov/presidential-actions/2026/03/adjusting-certain-delegations-under-the-defense-production-act/,102,0.3,N,,
20251201_br0108,2025-12-01,HOME IS WHERE THE HEART IS – First Lady Melania Trump’s 2025 White House Christmas Theme,"안보/군사, 경제/세금, 에너지, 선거/정치",2026-02-18,[조치] Promoting the National Defense by Ensuring an Adequate Supply of Elemental Phosphorus and Glyphosate-Based Herbicides,policy,White House Presidential Actions,https://www.whitehouse.gov/presidential-actions/2026/02/promoting-the-national-defense-by-ensuring-an-adequate-supply-of-elemental-phosphorus-and-glyphosate-based-herbicides/,79,0.3,N,,
20251201_br0109,2025-12-01,First Lady Melania Trump Joins Military Spouses for American Red Cross Holiday Care Package Event at Joint Base Andrews,"무역/관세, 안보/군사, 경제/세금, 규제완화, 미디어",2026-02-11,[조치] Strengthening United States National Defense with America’s Beautiful Clean Coal Power Generation Fleet,policy,White House Presidential Actions,https://www.whitehouse.gov/presidential-actions/2026/02/strengthening-united-states-national-defense-with-americas-beautiful-clean-coal-power-generation-fleet/,72,0.4,N,,
20251201_br0109,2025-12-01,First Lady Melania Trump Joins Military Spouses for American Red Cross Holiday Care Package Event at Joint Base Andrews,"무역/관세, 안보/군사, 경제/세금, 규제완화, 미디어",2026-01-14,"[조치] ADJUSTING IMPORTS OF SEMICONDUCTORS, SEMICONDUCTOR MANUFACTURING EQUIPMENT, AND THEIR DERIVATIVE PRODUCTS INTO THE UNITED STATES",policy,White House Presidential Actions,https://www.whitehouse.gov/presidential-actions/2026/01/adjusting-imports-of-semiconductors-semiconductor-manufacturing-equipment-and-their-derivative-products-into-the-united-states/,44,0.4,N,,
20251201_br0109,2025-12-01,First Lady Melania Trump Joins Military Spouses for American Red Cross Holiday Care Package Event at Joint Base Andrews,"무역/관세, 안보/군사, 경제/세금, 규제완화, 미디어",2026-01-14,[조치] Adjusting Imports of Processed Critical Minerals and Their Derivative Products into the United States,policy,White House Presidential Actions,https://www.whitehouse.gov/presidential-actions/2026/01/adjusting-imports-of-processed-critical-minerals-and-their-derivative-products-into-the-united-states/,44,0.4,N,,
20251201_br0109,2025-12-01,First Lady Melania Trump Joins Military Spouses for American Red Cross Holiday Care Package Event at Joint Base Andrews,"무역/관세, 안보/군사, 경제/세금, 규제완화, 미디어",2025-12-31,"[조치] Amendments to Adjusting Imports of Timber, Lumber, and their Derivative Products into the United States",policy,White House Presidential Actions,https://www.whitehouse.gov/presidential-actions/2025/12/amendments-to-adjusting-imports-of-timber-lumber-and-their-derivative-products-into-the-united-states/,30,0.4,N,,
20251201_br0109,2025-12-01,First Lady Melania Trump Joins Military Spouses for American Red Cross Holiday Care Package Event at Joint Base Andrews,"무역/관세, 안보/군사, 경제/세금, 규제완화, 미디어",2026-01-29,[조치] Addressing Addiction through the Great American Recovery Initiative,policy,White House Presidential Actions,https://www.whitehouse.gov/presidential-actions/2026/01/addressing-addiction-through-the-great-american-recovery-initiative/,59,0.3,N,,
20251126_br0110,2025-11-26,Congressional Bills S. 2392 Signed into Law,"경제/세금, 사법/법무, 선거/정치",2026-03-31,[조치] Ensuring Citizenship Verification and Integrity in Federal Elections,policy,White House Presidential Actions,https://www.whitehouse.gov/presidential-actions/2026/03/ensuring-citizenship-verification-and-integrity-in-federal-elections/,125,0.3,N,,
20251126_br0110,2025-11-26,Congressional Bills S. 2392 Signed into Law,"경제/세금, 사법/법무, 선거/정치",2026-03-06,"[조치] Combating Cybercrime, Fraud, and Predatory Schemes Against American Citizens",policy,White House Presidential Actions,https://www.whitehouse.gov/presidential-actions/2026/03/combating-cybercrime-fraud-and-predatory-schemes-against-american-citizens/,100,0.3,N,,
20251126_br0111,2025-11-26,"Congressional Bills S.260, H.R. 998 and H.R. 2316 Signed into Law","경제/세금, 사법/법무, 선거/정치",2026-03-27,[조치] Paying Our Great Transportation Security Administration Officers and Employees,policy,White House Presidential Actions,https://www.whitehouse.gov/presidential-actions/2026/03/memorandum-for-the-secretary-of-homeland-security-and-the-director-of-the-office-of-management-and-budget/,121,0.3,N,,
20251126_br0111,2025-11-26,"Congressional Bills S.260, H.R. 998 and H.R. 2316 Signed into Law","경제/세금, 사법/법무, 선거/정치",2026-03-31,[조치] Ensuring Citizenship Verification and Integrity in Federal Elections,policy,White House Presidential Actions,https://www.whitehouse.gov/presidential-actions/2026/03/ensuring-citizenship-verification-and-integrity-in-federal-elections/,125,0.3,N,,
20251126_br0111,2025-11-26,"Congressional Bills S.260, H.R. 998 and H.R. 2316 Signed into Law","경제/세금, 사법/법무, 선거/정치",2026-03-06,"[조치] Combating Cybercrime, Fraud, and Predatory Schemes Against American Citizens",policy,White House Presidential Actions,https://www.whitehouse.gov/presidential-actions/2026/03/combating-cybercrime-fraud-and-predatory-schemes-against-american-citizens/,100,0.3,N,,
20251124_br0112,2025-11-24,Readout of Peace Talks in Geneva,"외교/동맹, 안보/군사, 경제/세금, 에너지, 미디어",2026-02-18,[조치] Promoting the National Defense by Ensuring an Adequate Supply of Elemental Phosphorus and Glyphosate-Based Herbicides,policy,White House Presidential Actions,https://www.whitehouse.gov/presidential-actions/2026/02/promoting-the-national-defense-by-ensuring-an-adequate-supply-of-elemental-phosphorus-and-glyphosate-based-herbicides/,86,0.5,N,,
20251124_br0112,2025-11-24,Readout of Peace Talks in Geneva,"외교/동맹, 안보/군사, 경제/세금, 에너지, 미디어",2026-02-11,[조치] Strengthening United States National Defense with America’s Beautiful Clean Coal Power Generation Fleet,policy,White House Presidential Actions,https://www.whitehouse.gov/presidential-actions/2026/02/strengthening-united-states-national-defense-with-americas-beautiful-clean-coal-power-generation-fleet/,79,0.5,N,,
20251124_br0112,2025-11-24,Readout of Peace Talks in Geneva,"외교/동맹, 안보/군사, 경제/세금, 에너지, 미디어",2026-03-13,[조치] Adjusting Certain Delegations Under the Defense Production Act,policy,White House Presidential Actions,https://www.whitehouse.gov/presidential-actions/2026/03/adjusting-certain-delegations-under-the-defense-production-act/,109,0.4,N,,
20251124_br0112,2025-11-24,Readout of Peace Talks in Geneva,"외교/동맹, 안보/군사, 경제/세금, 에너지, 미디어",2026-01-10,[조치] Safeguarding Venezuelan Oil Revenue for the Good of the American and Venezuelan People,policy,White House Presidential Actions,https://www.whitehouse.gov/presidential-actions/2026/01/safeguarding-venezuelan-oil-revenue-for-the-good-of-the-american-and-venezuelan-people/,47,0.4,N,,
20251124_br0112,2025-11-24,Readout of Peace Talks in Geneva,"외교/동맹, 안보/군사, 경제/세금, 에너지, 미디어",2026-02-06,[조치] Protecting the National Security and Welfare of the United States and its Citizens from Criminal Actors and Other Public Safety Threats,policy,White House Presidential Actions,https://www.whitehouse.gov/presidential-actions/2026/02/protecting-the-national-security-and-welfare-of-the-united-states-and-its-citizens-from-criminal-actors-and-other-public-safety-threats/,74,0.3,N,,
20251123_br0113,2025-11-23,Joint Statement on United States-Ukraine Meeting,"외교/동맹, 안보/군사, 경제/세금",2026-02-11,[조치] Strengthening United States National Defense with America’s Beautiful Clean Coal Power Generation Fleet,policy,White House Presidential Actions,https://www.whitehouse.gov/presidential-actions/2026/02/strengthening-united-states-national-defense-with-americas-beautiful-clean-coal-power-generation-fleet/,80,0.5,N,,
20251123_br0113,2025-11-23,Joint Statement on United States-Ukraine Meeting,"외교/동맹, 안보/군사, 경제/세금",2026-03-13,[조치] Adjusting Certain Delegations Under the Defense Production Act,policy,White House Presidential Actions,https://www.whitehouse.gov/presidential-actions/2026/03/adjusting-certain-delegations-under-the-defense-production-act/,110,0.4,N,,
20251123_br0113,2025-11-23,Joint Statement on United States-Ukraine Meeting,"외교/동맹, 안보/군사, 경제/세금",2026-01-14,"[조치] ADJUSTING IMPORTS OF SEMICONDUCTORS, SEMICONDUCTOR MANUFACTURING EQUIPMENT, AND THEIR DERIVATIVE PRODUCTS INTO THE UNITED STATES",policy,White House Presidential Actions,https://www.whitehouse.gov/presidential-actions/2026/01/adjusting-imports-of-semiconductors-semiconductor-manufacturing-equipment-and-their-derivative-products-into-the-united-states/,52,0.3,N,,
20251123_br0113,2025-11-23,Joint Statement on United States-Ukraine Meeting,"외교/동맹, 안보/군사, 경제/세금",2026-01-14,[조치] Adjusting Imports of Processed Critical Minerals and Their Derivative Products into the United States,policy,White House Presidential Actions,https://www.whitehouse.gov/presidential-actions/2026/01/adjusting-imports-of-processed-critical-minerals-and-their-derivative-products-into-the-united-states/,52,0.3,N,,
20251123_br0113,2025-11-23,Joint Statement on United States-Ukraine Meeting,"외교/동맹, 안보/군사, 경제/세금",2025-12-31,"[조치] Amendments to Adjusting Imports of Timber, Lumber, and their Derivative Products into the United States",policy,White House Presidential Actions,https://www.whitehouse.gov/presidential-actions/2025/12/amendments-to-adjusting-imports-of-timber-lumber-and-their-derivative-products-into-the-united-states/,38,0.3,N,,
20251121_br0114,2025-11-21,First Lady Melania Trump and Second Lady Usha Vance Visit Camp Lejeune and Marine Corps Air Station New River in North Carolina,"안보/군사, 경제/세금, 규제완화, 미디어",2026-02-11,[조치] Strengthening United States National Defense with America’s Beautiful Clean Coal Power Generation Fleet,policy,White House Presidential Actions,https://www.whitehouse.gov/presidential-actions/2026/02/strengthening-united-states-national-defense-with-americas-beautiful-clean-coal-power-generation-fleet/,82,0.5,N,,
20251121_br0114,2025-11-21,First Lady Melania Trump and Second Lady Usha Vance Visit Camp Lejeune and Marine Corps Air Station New River in North Carolina,"안보/군사, 경제/세금, 규제완화, 미디어",2026-03-13,[조치] Adjusting Certain Delegations Under the Defense Production Act,policy,White House Presidential Actions,https://www.whitehouse.gov/presidential-actions/2026/03/adjusting-certain-delegations-under-the-defense-production-act/,112,0.4,N,,
20251121_br0114,2025-11-21,First Lady Melania Trump and Second Lady Usha Vance Visit Camp Lejeune and Marine Corps Air Station New River in North Carolina,"안보/군사, 경제/세금, 규제완화, 미디어",2026-02-18,[조치] Promoting the National Defense by Ensuring an Adequate Supply of Elemental Phosphorus and Glyphosate-Based Herbicides,policy,White House Presidential Actions,https://www.whitehouse.gov/presidential-actions/2026/02/promoting-the-national-defense-by-ensuring-an-adequate-supply-of-elemental-phosphorus-and-glyphosate-based-herbicides/,89,0.4,N,,
20251121_br0114,2025-11-21,First Lady Melania Trump and Second Lady Usha Vance Visit Camp Lejeune and Marine Corps Air Station New River in North Carolina,"안보/군사, 경제/세금, 규제완화, 미디어",2026-01-07,[조치] Prioritizing the Warfighter in Defense Contracting,policy,White House Presidential Actions,https://www.whitehouse.gov/presidential-actions/2026/01/prioritizing-the-warfighter-in-defense-contracting/,47,0.4,N,,
20251120_br0115,2025-11-20,Congressional Bill H.R. 4405 Signed into Law,"규제완화, 사법/법무, 선거/정치",2026-03-31,[조치] Ensuring Citizenship Verification and Integrity in Federal Elections,policy,White House Presidential Actions,https://www.whitehouse.gov/presidential-actions/2026/03/ensuring-citizenship-verification-and-integrity-in-federal-elections/,131,0.3,N,,
20251120_br0115,2025-11-20,Congressional Bill H.R. 4405 Signed into Law,"규제완화, 사법/법무, 선거/정치",2026-03-06,"[조치] Combating Cybercrime, Fraud, and Predatory Schemes Against American Citizens",policy,White House Presidential Actions,https://www.whitehouse.gov/presidential-actions/2026/03/combating-cybercrime-fraud-and-predatory-schemes-against-american-citizens/,106,0.3,N,,
20251119_br0116,2025-11-19,America 250: Presidential Message on the Anniversary of the Gettysburg Address,"안보/군사, 경제/세금, 규제완화",2026-02-11,[조치] Strengthening United States National Defense with America’s Beautiful Clean Coal Power Generation Fleet,policy,White House Presidential Actions,https://www.whitehouse.gov/presidential-actions/2026/02/strengthening-united-states-national-defense-with-americas-beautiful-clean-coal-power-generation-fleet/,84,0.4,N,,
20251119_br0116,2025-11-19,America 250: Presidential Message on the Anniversary of the Gettysburg Address,"안보/군사, 경제/세금, 규제완화",2026-02-06,[조치] Modifying Duties to Address Threats to the United States by the Government of the Russian Federation,policy,White House Presidential Actions,https://www.whitehouse.gov/presidential-actions/2026/02/modifying-duties-to-address-threats-to-the-united-states-by-the-government-of-the-russian-federation-04b2/,79,0.4,N,,
20251119_br0116,2025-11-19,America 250: Presidential Message on the Anniversary of the Gettysburg Address,"안보/군사, 경제/세금, 규제완화",2025-12-02,[조치] America 250: Presidential Message on the Anniversary of the Monroe Doctrine,policy,White House Presidential Actions,https://www.whitehouse.gov/presidential-actions/2025/12/america-250-presidential-message-on-the-anniversary-of-the-monroe-doctrine/,13,0.4,Y,Y,
20251119_br0116,2025-11-19,America 250: Presidential Message on the Anniversary of the Gettysburg Address,"안보/군사, 경제/세금, 규제완화",2026-01-29,[조치] Addressing Addiction through the Great American Recovery Initiative,policy,White House Presidential Actions,https://www.whitehouse.gov/presidential-actions/2026/01/addressing-addiction-through-the-great-american-recovery-initiative/,71,0.3,N,,
20251119_br0116,2025-11-19,America 250: Presidential Message on the Anniversary of the Gettysburg Address,"안보/군사, 경제/세금, 규제완화",2025-11-30,[조치] America 250: Presidential Message on Mark Twain’s 190th Birthday,policy,White House Presidential Actions,https://www.whitehouse.gov/presidential-actions/2025/11/america-250-presidential-message-on-mark-twains-190th-birthday/,11,0.3,N,,
20251117_br0117,2025-11-17,Presidential Message on American Education Week,"안보/군사, 경제/세금, 규제완화",2026-02-11,[조치] Strengthening United States National Defense with America’s Beautiful Clean Coal Power Generation Fleet,policy,White House Presidential Actions,https://www.whitehouse.gov/presidential-actions/2026/02/strengthening-united-states-national-defense-with-americas-beautiful-clean-coal-power-generation-fleet/,86,0.6,N,,
20251117_br0117,2025-11-17,Presidential Message on American Education Week,"안보/군사, 경제/세금, 규제완화",2026-02-18,[조치] Promoting the National Defense by Ensuring an Adequate Supply of Elemental Phosphorus and Glyphosate-Based Herbicides,policy,White House Presidential Actions,https://www.whitehouse.gov/presidential-actions/2026/02/promoting-the-national-defense-by-ensuring-an-adequate-supply-of-elemental-phosphorus-and-glyphosate-based-herbicides/,93,0.4,N,,
20251117_br0117,2025-11-17,Presidential Message on American Education Week,"안보/군사, 경제/세금, 규제완화",2026-01-29,[조치] Addressing Addiction through the Great American Recovery Initiative,policy,White House Presidential Actions,https://www.whitehouse.gov/presidential-actions/2026/01/addressing-addiction-through-the-great-american-recovery-initiative/,73,0.3,N,,
20251117_br0117,2025-11-17,Presidential Message on American Education Week,"안보/군사, 경제/세금, 규제완화",2025-12-11,[조치] Ensuring a National Policy Framework for Artificial Intelligence,policy,White House Presidential Actions,https://www.whitehouse.gov/presidential-actions/2025/12/eliminating-state-law-obstruction-of-national-artificial-intelligence-policy/,24,0.3,N,,
20251117_br0117,2025-11-17,Presidential Message on American Education Week,"안보/군사, 경제/세금, 규제완화",2026-03-13,[조치] Adjusting Certain Delegations Under the Defense Production Act,policy,White House Presidential Actions,https://www.whitehouse.gov/presidential-actions/2026/03/adjusting-certain-delegations-under-the-defense-production-act/,116,0.3,N,,
20251114_br0118,2025-11-14,"Joint Statement on a Framework for a United States – Switzerland – Liechtenstein Agreement on Fair, Balanced, and Reciprocal Trade","무역/관세, 이민/국경, 안보/군사, 경제/세금, 미디어",2025-12-30,[조치] To Implement the United States-Israel Agreement on Trade in Agricultural Products and for Other Purposes,policy,White House Presidential Actions,https://www.whitehouse.gov/presidential-actions/2025/12/to-implement-the-united-states-israel-agreement-on-trade-in-agricultural-products-and-for-other-purposes/,46,0.8,Y,Y,
20251114_br0118,2025-11-14,"Joint Statement on a Framework for a United States – Switzerland – Liechtenstein Agreement on Fair, Balanced, and Reciprocal Trade","무역/관세, 이민/국경, 안보/군사, 경제/세금, 미디어",2026-01-14,"[조치] ADJUSTING IMPORTS OF SEMICONDUCTORS, SEMICONDUCTOR MANUFACTURING EQUIPMENT, AND THEIR DERIVATIVE PRODUCTS INTO THE UNITED STATES",policy,White House Presidential Actions,https://www.whitehouse.gov/presidential-actions/2026/01/adjusting-imports-of-semiconductors-semiconductor-manufacturing-equipment-and-their-derivative-products-into-the-united-states/,61,0.7,N,,
20251114_br0118,2025-11-14,"Joint Statement on a Framework for a United States – Switzerland – Liechtenstein Agreement on Fair, Balanced, and Reciprocal Trade","무역/관세, 이민/국경, 안보/군사, 경제/세금, 미디어",2025-11-14,[조치] Modifying the Scope of the Reciprocal Tariff with Respect to Certain Agricultural Products,policy,White House Presidential Actions,https://www.whitehouse.gov/presidential-actions/2025/11/modifying-the-scope-of-the-reciprocal-tariff-with-respect-to-certain-agricultural-products/,0,0.7,Y,Y,
20251114_br0118,2025-11-14,"Joint Statement on a Framework for a United States – Switzerland – Liechtenstein Agreement on Fair, Balanced, and Reciprocal Trade","무역/관세, 이민/국경, 안보/군사, 경제/세금, 미디어",2026-02-21,[조치] Ending Certain Tariff Actions,policy,White House Presidential Actions,https://www.whitehouse.gov/presidential-actions/2026/02/ending-certain-tariff-actions/,99,0.6,N,,
20251114_br0118,2025-11-14,"Joint Statement on a Framework for a United States – Switzerland – Liechtenstein Agreement on Fair, Balanced, and Reciprocal Trade","무역/관세, 이민/국경, 안보/군사, 경제/세금, 미디어",2026-01-14,[조치] Adjusting Imports of Processed Critical Minerals and Their Derivative Products into the United States,policy,White House Presidential Actions,https://www.whitehouse.gov/presidential-actions/2026/01/adjusting-imports-of-processed-critical-minerals-and-their-derivative-products-into-the-united-states/,61,0.6,N,,
20251113_br0119,2025-11-13,Joint Statement on Framework for United States-El Salvador Agreement on Reciprocal Trade,"무역/관세, 이민/국경, 외교/동맹, 안보/군사, 경제/세금, 규제완화, 사법/법무",2025-12-30,[조치] To Implement the United States-Israel Agreement on Trade in Agricultural Products and for Other Purposes,policy,White House Presidential Actions,https://www.whitehouse.gov/presidential-actions/2025/12/to-implement-the-united-states-israel-agreement-on-trade-in-agricultural-products-and-for-other-purposes/,47,0.9,Y,Y,
20251113_br0119,2025-11-13,Joint Statement on Framework for United States-El Salvador Agreement on Reciprocal Trade,"무역/관세, 이민/국경, 외교/동맹, 안보/군사, 경제/세금, 규제완화, 사법/법무",2026-02-21,[조치] Imposing a Temporary Import Surcharge to Address Fundamental International Payments Problems,policy,White House Presidential Actions,https://www.whitehouse.gov/presidential-actions/2026/02/imposing-a-temporary-import-surcharge-to-address-fundamental-international-payments-problems/,100,0.7,N,,
20251113_br0119,2025-11-13,Joint Statement on Framework for United States-El Salvador Agreement on Reciprocal Trade,"무역/관세, 이민/국경, 외교/동맹, 안보/군사, 경제/세금, 규제완화, 사법/법무",2025-11-14,[조치] Modifying the Scope of the Reciprocal Tariff with Respect to Certain Agricultural Products,policy,White House Presidential Actions,https://www.whitehouse.gov/presidential-actions/2025/11/modifying-the-scope-of-the-reciprocal-tariff-with-respect-to-certain-agricultural-products/,1,0.7,Y,Y,
20251113_br0119,2025-11-13,Joint Statement on Framework for United States-El Salvador Agreement on Reciprocal Trade,"무역/관세, 이민/국경, 외교/동맹, 안보/군사, 경제/세금, 규제완화, 사법/법무",2026-02-18,[조치] Promoting the National Defense by Ensuring an Adequate Supply of Elemental Phosphorus and Glyphosate-Based Herbicides,policy,White House Presidential Actions,https://www.whitehouse.gov/presidential-actions/2026/02/promoting-the-national-defense-by-ensuring-an-adequate-supply-of-elemental-phosphorus-and-glyphosate-based-herbicides/,97,0.6,N,,
20251113_br0119,2025-11-13,Joint Statement on Framework for United States-El Salvador Agreement on Reciprocal Trade,"무역/관세, 이민/국경, 외교/동맹, 안보/군사, 경제/세금, 규제완화, 사법/법무",2026-02-11,[조치] Strengthening United States National Defense with America’s Beautiful Clean Coal Power Generation Fleet,policy,White House Presidential Actions,https://www.whitehouse.gov/presidential-actions/2026/02/strengthening-united-states-national-defense-with-americas-beautiful-clean-coal-power-generation-fleet/,90,0.6,N,,
20251113_br0120,2025-11-13,Joint Statement on Framework for United States-Ecuador Agreement on Reciprocal Trade,"무역/관세, 이민/국경, 외교/동맹, 경제/세금, 사법/법무, 선거/정치, 미디어, 보건",2025-12-30,[조치] To Implement the United States-Israel Agreement on Trade in Agricultural Products and for Other Purposes,policy,White House Presidential Actions,https://www.whitehouse.gov/presidential-actions/2025/12/to-implement-the-united-states-israel-agreement-on-trade-in-agricultural-products-and-for-other-purposes/,47,1.0,Y,Y,
20251113_br0120,2025-11-13,Joint Statement on Framework for United States-Ecuador Agreement on Reciprocal Trade,"무역/관세, 이민/국경, 외교/동맹, 경제/세금, 사법/법무, 선거/정치, 미디어, 보건",2025-11-14,[조치] Modifying the Scope of the Reciprocal Tariff with Respect to Certain Agricultural Products,policy,White House Presidential Actions,https://www.whitehouse.gov/presidential-actions/2025/11/modifying-the-scope-of-the-reciprocal-tariff-with-respect-to-certain-agricultural-products/,1,0.7,Y,Y,
20251113_br0120,2025-11-13,Joint Statement on Framework for United States-Ecuador Agreement on Reciprocal Trade,"무역/관세, 이민/국경, 외교/동맹, 경제/세금, 사법/법무, 선거/정치, 미디어, 보건",2026-02-21,[조치] Imposing a Temporary Import Surcharge to Address Fundamental International Payments Problems,policy,White House Presidential Actions,https://www.whitehouse.gov/presidential-actions/2026/02/imposing-a-temporary-import-surcharge-to-address-fundamental-international-payments-problems/,100,0.6,N,,
20251113_br0120,2025-11-13,Joint Statement on Framework for United States-Ecuador Agreement on Reciprocal Trade,"무역/관세, 이민/국경, 외교/동맹, 경제/세금, 사법/법무, 선거/정치, 미디어, 보건",2026-01-14,"[조치] ADJUSTING IMPORTS OF SEMICONDUCTORS, SEMICONDUCTOR MANUFACTURING EQUIPMENT, AND THEIR DERIVATIVE PRODUCTS INTO THE UNITED STATES",policy,White House Presidential Actions,https://www.whitehouse.gov/presidential-actions/2026/01/adjusting-imports-of-semiconductors-semiconductor-manufacturing-equipment-and-their-derivative-products-into-the-united-states/,62,0.6,N,,
20251113_br0120,2025-11-13,Joint Statement on Framework for United States-Ecuador Agreement on Reciprocal Trade,"무역/관세, 이민/국경, 외교/동맹, 경제/세금, 사법/법무, 선거/정치, 미디어, 보건",2026-01-14,[조치] Adjusting Imports of Processed Critical Minerals and Their Derivative Products into the United States,policy,White House Presidential Actions,https://www.whitehouse.gov/presidential-actions/2026/01/adjusting-imports-of-processed-critical-minerals-and-their-derivative-products-into-the-united-states/,62,0.6,N,,
20251113_br0121,2025-11-13,Joint Statement on Framework for United States-Guatemala Agreement on Reciprocal Trade,"무역/관세, 이민/국경, 경제/세금, 규제완화, 사법/법무",2025-12-30,[조치] To Implement the United States-Israel Agreement on Trade in Agricultural Products and for Other Purposes,policy,White House Presidential Actions,https://www.whitehouse.gov/presidential-actions/2025/12/to-implement-the-united-states-israel-agreement-on-trade-in-agricultural-products-and-for-other-purposes/,47,1.0,Y,Y,
20251113_br0121,2025-11-13,Joint Statement on Framework for United States-Guatemala Agreement on Reciprocal Trade,"무역/관세, 이민/국경, 경제/세금, 규제완화, 사법/법무",2026-02-21,[조치] Imposing a Temporary Import Surcharge to Address Fundamental International Payments Problems,policy,White House Presidential Actions,https://www.whitehouse.gov/presidential-actions/2026/02/imposing-a-temporary-import-surcharge-to-address-fundamental-international-payments-problems/,100,0.7,N,,
20251113_br0121,2025-11-13,Joint Statement on Framework for United States-Guatemala Agreement on Reciprocal Trade,"무역/관세, 이민/국경, 경제/세금, 규제완화, 사법/법무",2026-01-14,"[조치] ADJUSTING IMPORTS OF SEMICONDUCTORS, SEMICONDUCTOR MANUFACTURING EQUIPMENT, AND THEIR DERIVATIVE PRODUCTS INTO THE UNITED STATES",policy,White House Presidential Actions,https://www.whitehouse.gov/presidential-actions/2026/01/adjusting-imports-of-semiconductors-semiconductor-manufacturing-equipment-and-their-derivative-products-into-the-united-states/,62,0.7,N,,
20251113_br0121,2025-11-13,Joint Statement on Framework for United States-Guatemala Agreement on Reciprocal Trade,"무역/관세, 이민/국경, 경제/세금, 규제완화, 사법/법무",2026-01-14,[조치] Adjusting Imports of Processed Critical Minerals and Their Derivative Products into the United States,policy,White House Presidential Actions,https://www.whitehouse.gov/presidential-actions/2026/01/adjusting-imports-of-processed-critical-minerals-and-their-derivative-products-into-the-united-states/,62,0.7,N,,
20251113_br0121,2025-11-13,Joint Statement on Framework for United States-Guatemala Agreement on Reciprocal Trade,"무역/관세, 이민/국경, 경제/세금, 규제완화, 사법/법무",2025-12-31,"[조치] Amendments to Adjusting Imports of Timber, Lumber, and their Derivative Products into the United States",policy,White House Presidential Actions,https://www.whitehouse.gov/presidential-actions/2025/12/amendments-to-adjusting-imports-of-timber-lumber-and-their-derivative-products-into-the-united-states/,48,0.7,Y,Y,
20251113_br0122,2025-11-13,Joint Statement on Framework for a United States-Argentina Agreement on Reciprocal Trade and Investment,"무역/관세, 안보/군사, 경제/세금, 규제완화, 선거/정치, 보건",2025-12-30,[조치] To Implement the United States-Israel Agreement on Trade in Agricultural Products and for Other Purposes,policy,White House Presidential Actions,https://www.whitehouse.gov/presidential-actions/2025/12/to-implement-the-united-states-israel-agreement-on-trade-in-agricultural-products-and-for-other-purposes/,47,0.8,Y,Y,
20251113_br0122,2025-11-13,Joint Statement on Framework for a United States-Argentina Agreement on Reciprocal Trade and Investment,"무역/관세, 안보/군사, 경제/세금, 규제완화, 선거/정치, 보건",2025-12-06,"[조치] Aligning United States Core Childhood Vaccine Recommendations with Best Practices from Peer, Developed Countries",policy,White House Presidential Actions,https://www.whitehouse.gov/presidential-actions/2025/12/aligning-united-states-core-childhood-vaccine-recommendations-with-best-practices-from-peer-developed-countries/,23,0.7,Y,Y,
20251113_br0122,2025-11-13,Joint Statement on Framework for a United States-Argentina Agreement on Reciprocal Trade and Investment,"무역/관세, 안보/군사, 경제/세금, 규제완화, 선거/정치, 보건",2026-02-21,[조치] Imposing a Temporary Import Surcharge to Address Fundamental International Payments Problems,policy,White House Presidential Actions,https://www.whitehouse.gov/presidential-actions/2026/02/imposing-a-temporary-import-surcharge-to-address-fundamental-international-payments-problems/,100,0.6,N,,
20251113_br0122,2025-11-13,Joint Statement on Framework for a United States-Argentina Agreement on Reciprocal Trade and Investment,"무역/관세, 안보/군사, 경제/세금, 규제완화, 선거/정치, 보건",2026-02-18,[조치] Promoting the National Defense by Ensuring an Adequate Supply of Elemental Phosphorus and Glyphosate-Based Herbicides,policy,White House Presidential Actions,https://www.whitehouse.gov/presidential-actions/2026/02/promoting-the-national-defense-by-ensuring-an-adequate-supply-of-elemental-phosphorus-and-glyphosate-based-herbicides/,97,0.6,N,,
20251113_br0122,2025-11-13,Joint Statement on Framework for a United States-Argentina Agreement on Reciprocal Trade and Investment,"무역/관세, 안보/군사, 경제/세금, 규제완화, 선거/정치, 보건",2026-02-11,[조치] Strengthening United States National Defense with America’s Beautiful Clean Coal Power Generation Fleet,policy,White House Presidential Actions,https://www.whitehouse.gov/presidential-actions/2026/02/strengthening-united-states-national-defense-with-americas-beautiful-clean-coal-power-generation-fleet/,90,0.6,N,,
20251113_br0123,2025-11-13,"First Lady Melania Trump Announces Executive Order on Fostering the Future, Opens New Opportunities for Public-Private Partnerships","안보/군사, 경제/세금, 규제완화, 선거/정치, 보건",2025-11-13,[조치] Fostering the Future for American Children and Families,policy,White House Presidential Actions,https://www.whitehouse.gov/presidential-actions/2025/11/fostering-the-future-for-american-children-and-families/,0,0.5,Y,Y,
20251113_br0123,2025-11-13,"First Lady Melania Trump Announces Executive Order on Fostering the Future, Opens New Opportunities for Public-Private Partnerships","안보/군사, 경제/세금, 규제완화, 선거/정치, 보건",2026-03-31,[조치] Ensuring Citizenship Verification and Integrity in Federal Elections,policy,White House Presidential Actions,https://www.whitehouse.gov/presidential-actions/2026/03/ensuring-citizenship-verification-and-integrity-in-federal-elections/,138,0.4,N,,
20251113_br0123,2025-11-13,"First Lady Melania Trump Announces Executive Order on Fostering the Future, Opens New Opportunities for Public-Private Partnerships","안보/군사, 경제/세금, 규제완화, 선거/정치, 보건",2026-03-13,[조치] Adjusting Certain Delegations Under the Defense Production Act,policy,White House Presidential Actions,https://www.whitehouse.gov/presidential-actions/2026/03/adjusting-certain-delegations-under-the-defense-production-act/,120,0.4,N,,
20251113_br0123,2025-11-13,"First Lady Melania Trump Announces Executive Order on Fostering the Future, Opens New Opportunities for Public-Private Partnerships","안보/군사, 경제/세금, 규제완화, 선거/정치, 보건",2026-02-18,[조치] Promoting the National Defense by Ensuring an Adequate Supply of Elemental Phosphorus and Glyphosate-Based Herbicides,policy,White House Presidential Actions,https://www.whitehouse.gov/presidential-actions/2026/02/promoting-the-national-defense-by-ensuring-an-adequate-supply-of-elemental-phosphorus-and-glyphosate-based-herbicides/,97,0.4,N,,
20251113_br0123,2025-11-13,"First Lady Melania Trump Announces Executive Order on Fostering the Future, Opens New Opportunities for Public-Private Partnerships","안보/군사, 경제/세금, 규제완화, 선거/정치, 보건",2026-02-11,[조치] Strengthening United States National Defense with America’s Beautiful Clean Coal Power Generation Fleet,policy,White House Presidential Actions,https://www.whitehouse.gov/presidential-actions/2026/02/strengthening-united-states-national-defense-with-americas-beautiful-clean-coal-power-generation-fleet/,90,0.4,N,,
20251113_br0124,2025-11-13,Congressional Bill H.R. 5371 Signed into Law,"안보/군사, 사법/법무, 선거/정치",2026-03-31,[조치] Ensuring Citizenship Verification and Integrity in Federal Elections,policy,White House Presidential Actions,https://www.whitehouse.gov/presidential-actions/2026/03/ensuring-citizenship-verification-and-integrity-in-federal-elections/,138,0.3,N,,
20251113_br0124,2025-11-13,Congressional Bill H.R. 5371 Signed into Law,"안보/군사, 사법/법무, 선거/정치",2026-03-13,[조치] Adjusting Certain Delegations Under the Defense Production Act,policy,White House Presidential Actions,https://www.whitehouse.gov/presidential-actions/2026/03/adjusting-certain-delegations-under-the-defense-production-act/,120,0.3,N,,
20251113_br0124,2025-11-13,Congressional Bill H.R. 5371 Signed into Law,"안보/군사, 사법/법무, 선거/정치",2026-03-06,"[조치] Combating Cybercrime, Fraud, and Predatory Schemes Against American Citizens",policy,White House Presidential Actions,https://www.whitehouse.gov/presidential-actions/2026/03/combating-cybercrime-fraud-and-predatory-schemes-against-american-citizens/,113,0.3,N,,
20251113_br0124,2025-11-13,Congressional Bill H.R. 5371 Signed into Law,"안보/군사, 사법/법무, 선거/정치",2026-02-18,[조치] Promoting the National Defense by Ensuring an Adequate Supply of Elemental Phosphorus and Glyphosate-Based Herbicides,policy,White House Presidential Actions,https://www.whitehouse.gov/presidential-actions/2026/02/promoting-the-national-defense-by-ensuring-an-adequate-supply-of-elemental-phosphorus-and-glyphosate-based-herbicides/,97,0.3,N,,
20251113_br0124,2025-11-13,Congressional Bill H.R. 5371 Signed into Law,"안보/군사, 사법/법무, 선거/정치",2026-02-11,[조치] Strengthening United States National Defense with America’s Beautiful Clean Coal Power Generation Fleet,policy,White House Presidential Actions,https://www.whitehouse.gov/presidential-actions/2026/02/strengthening-united-states-national-defense-with-americas-beautiful-clean-coal-power-generation-fleet/,90,0.3,N,,
20251111_br0125,2025-11-11,Presidential Message on Victory Day for World War I,"외교/동맹, 안보/군사, 규제완화, 미디어",2026-02-11,[조치] Strengthening United States National Defense with America’s Beautiful Clean Coal Power Generation Fleet,policy,White House Presidential Actions,https://www.whitehouse.gov/presidential-actions/2026/02/strengthening-united-states-national-defense-with-americas-beautiful-clean-coal-power-generation-fleet/,92,0.5,N,,
20251111_br0125,2025-11-11,Presidential Message on Victory Day for World War I,"외교/동맹, 안보/군사, 규제완화, 미디어",2026-01-29,[조치] Addressing Addiction through the Great American Recovery Initiative,policy,White House Presidential Actions,https://www.whitehouse.gov/presidential-actions/2026/01/addressing-addiction-through-the-great-american-recovery-initiative/,79,0.3,N,,
20251111_br0125,2025-11-11,Presidential Message on Victory Day for World War I,"외교/동맹, 안보/군사, 규제완화, 미디어",2026-01-14,[조치] Adjusting Imports of Processed Critical Minerals and Their Derivative Products into the United States,policy,White House Presidential Actions,https://www.whitehouse.gov/presidential-actions/2026/01/adjusting-imports-of-processed-critical-minerals-and-their-derivative-products-into-the-united-states/,64,0.3,N,,
20251111_br0125,2025-11-11,Presidential Message on Victory Day for World War I,"외교/동맹, 안보/군사, 규제완화, 미디어",2025-12-02,[조치] America 250: Presidential Message on the Anniversary of the Monroe Doctrine,policy,White House Presidential Actions,https://www.whitehouse.gov/presidential-actions/2025/12/america-250-presidential-message-on-the-anniversary-of-the-monroe-doctrine/,21,0.3,N,,
20251111_br0125,2025-11-11,Presidential Message on Victory Day for World War I,"외교/동맹, 안보/군사, 규제완화, 미디어",2025-11-30,[조치] America 250: Presidential Message on Mark Twain’s 190th Birthday,policy,White House Presidential Actions,https://www.whitehouse.gov/presidential-actions/2025/11/america-250-presidential-message-on-mark-twains-190th-birthday/,19,0.3,N,,
20251107_br0126,2025-11-07,First Lady Melania Trump Named “Patriot of the Year”,"외교/동맹, 안보/군사, 경제/세금, 에너지, 규제완화, 사법/법무, 선거/정치",2026-02-11,[조치] Strengthening United States National Defense with America’s Beautiful Clean Coal Power Generation Fleet,policy,White House Presidential Actions,https://www.whitehouse.gov/presidential-actions/2026/02/strengthening-united-states-national-defense-with-americas-beautiful-clean-coal-power-generation-fleet/,96,0.7,N,,
20251107_br0126,2025-11-07,First Lady Melania Trump Named “Patriot of the Year”,"외교/동맹, 안보/군사, 경제/세금, 에너지, 규제완화, 사법/법무, 선거/정치",2026-03-06,"[조치] Combating Cybercrime, Fraud, and Predatory Schemes Against American Citizens",policy,White House Presidential Actions,https://www.whitehouse.gov/presidential-actions/2026/03/combating-cybercrime-fraud-and-predatory-schemes-against-american-citizens/,119,0.5,N,,
20251107_br0126,2025-11-07,First Lady Melania Trump Named “Patriot of the Year”,"외교/동맹, 안보/군사, 경제/세금, 에너지, 규제완화, 사법/법무, 선거/정치",2025-11-13,[조치] Fostering the Future for American Children and Families,policy,White House Presidential Actions,https://www.whitehouse.gov/presidential-actions/2025/11/fostering-the-future-for-american-children-and-families/,6,0.5,Y,Y,
20251107_br0126,2025-11-07,First Lady Melania Trump Named “Patriot of the Year”,"외교/동맹, 안보/군사, 경제/세금, 에너지, 규제완화, 사법/법무, 선거/정치",2026-01-10,[조치] Safeguarding Venezuelan Oil Revenue for the Good of the American and Venezuelan People,policy,White House Presidential Actions,https://www.whitehouse.gov/presidential-actions/2026/01/safeguarding-venezuelan-oil-revenue-for-the-good-of-the-american-and-venezuelan-people/,64,0.4,N,,
20251107_br0126,2025-11-07,First Lady Melania Trump Named “Patriot of the Year”,"외교/동맹, 안보/군사, 경제/세금, 에너지, 규제완화, 사법/법무, 선거/정치",2025-11-10,[조치] 250th Anniversary of the Founding of the United States Marine Corps,policy,White House Presidential Actions,https://www.whitehouse.gov/presidential-actions/2025/11/250th-anniversary-of-the-founding-of-the-united-states-marine-corps/,3,0.4,Y,Y,
20251105_br0127,2025-11-05,Presidential Message on National Lung Cancer Awareness Month,"안보/군사, 경제/세금, 보건",2026-02-18,[조치] Promoting the National Defense by Ensuring an Adequate Supply of Elemental Phosphorus and Glyphosate-Based Herbicides,policy,White House Presidential Actions,https://www.whitehouse.gov/presidential-actions/2026/02/promoting-the-national-defense-by-ensuring-an-adequate-supply-of-elemental-phosphorus-and-glyphosate-based-herbicides/,105,0.5,N,,
20251105_br0127,2025-11-05,Presidential Message on National Lung Cancer Awareness Month,"안보/군사, 경제/세금, 보건",2026-02-11,[조치] Strengthening United States National Defense with America’s Beautiful Clean Coal Power Generation Fleet,policy,White House Presidential Actions,https://www.whitehouse.gov/presidential-actions/2026/02/strengthening-united-states-national-defense-with-americas-beautiful-clean-coal-power-generation-fleet/,98,0.5,N,,
20251105_br0127,2025-11-05,Presidential Message on National Lung Cancer Awareness Month,"안보/군사, 경제/세금, 보건",2026-03-13,[조치] Adjusting Certain Delegations Under the Defense Production Act,policy,White House Presidential Actions,https://www.whitehouse.gov/presidential-actions/2026/03/adjusting-certain-delegations-under-the-defense-production-act/,128,0.3,N,,
20251105_br0127,2025-11-05,Presidential Message on National Lung Cancer Awareness Month,"안보/군사, 경제/세금, 보건",2026-01-07,[조치] Prioritizing the Warfighter in Defense Contracting,policy,White House Presidential Actions,https://www.whitehouse.gov/presidential-actions/2026/01/prioritizing-the-warfighter-in-defense-contracting/,63,0.3,N,,
20251105_br0127,2025-11-05,Presidential Message on National Lung Cancer Awareness Month,"안보/군사, 경제/세금, 보건",2025-12-06,"[조치] Aligning United States Core Childhood Vaccine Recommendations with Best Practices from Peer, Developed Countries",policy,White House Presidential Actions,https://www.whitehouse.gov/presidential-actions/2025/12/aligning-united-states-core-childhood-vaccine-recommendations-with-best-practices-from-peer-developed-countries/,31,0.3,N,,
20251104_br0128,2025-11-04,Presidential Message on National Alzheimer’s Disease Awareness Month,"안보/군사, 경제/세금, 규제완화, 보건",2026-02-11,[조치] Strengthening United States National Defense with America’s Beautiful Clean Coal Power Generation Fleet,policy,White House Presidential Actions,https://www.whitehouse.gov/presidential-actions/2026/02/strengthening-united-states-national-defense-with-americas-beautiful-clean-coal-power-generation-fleet/,99,0.5,N,,
20251104_br0128,2025-11-04,Presidential Message on National Alzheimer’s Disease Awareness Month,"안보/군사, 경제/세금, 규제완화, 보건",2026-02-18,[조치] Promoting the National Defense by Ensuring an Adequate Supply of Elemental Phosphorus and Glyphosate-Based Herbicides,policy,White House Presidential Actions,https://www.whitehouse.gov/presidential-actions/2026/02/promoting-the-national-defense-by-ensuring-an-adequate-supply-of-elemental-phosphorus-and-glyphosate-based-herbicides/,106,0.4,N,,
20251104_br0128,2025-11-04,Presidential Message on National Alzheimer’s Disease Awareness Month,"안보/군사, 경제/세금, 규제완화, 보건",2025-12-02,[조치] America 250: Presidential Message on the Anniversary of the Monroe Doctrine,policy,White House Presidential Actions,https://www.whitehouse.gov/presidential-actions/2025/12/america-250-presidential-message-on-the-anniversary-of-the-monroe-doctrine/,28,0.3,N,,
20251104_br0128,2025-11-04,Presidential Message on National Alzheimer’s Disease Awareness Month,"안보/군사, 경제/세금, 규제완화, 보건",2025-11-30,[조치] America 250: Presidential Message on Mark Twain’s 190th Birthday,policy,White House Presidential Actions,https://www.whitehouse.gov/presidential-actions/2025/11/america-250-presidential-message-on-mark-twains-190th-birthday/,26,0.3,N,,
20251104_br0128,2025-11-04,Presidential Message on National Alzheimer’s Disease Awareness Month,"안보/군사, 경제/세금, 규제완화, 보건",2026-03-13,[조치] Adjusting Certain Delegations Under the Defense Production Act,policy,White House Presidential Actions,https://www.whitehouse.gov/presidential-actions/2026/03/adjusting-certain-delegations-under-the-defense-production-act/,129,0.3,N,,
20251104_br0129,2025-11-04,Presidential Message on National Native American Heritage Month,"이민/국경, 경제/세금, 규제완화, 사법/법무",2026-03-06,"[조치] Combating Cybercrime, Fraud, and Predatory Schemes Against American Citizens",policy,White House Presidential Actions,https://www.whitehouse.gov/presidential-actions/2026/03/combating-cybercrime-fraud-and-predatory-schemes-against-american-citizens/,122,0.4,N,,
20251104_br0129,2025-11-04,Presidential Message on National Native American Heritage Month,"이민/국경, 경제/세금, 규제완화, 사법/법무",2026-02-06,[조치] Protecting the National Security and Welfare of the United States and its Citizens from Criminal Actors and Other Public Safety Threats,policy,White House Presidential Actions,https://www.whitehouse.gov/presidential-actions/2026/02/protecting-the-national-security-and-welfare-of-the-united-states-and-its-citizens-from-criminal-actors-and-other-public-safety-threats/,94,0.4,N,,
20251104_br0129,2025-11-04,Presidential Message on National Native American Heritage Month,"이민/국경, 경제/세금, 규제완화, 사법/법무",2026-02-11,[조치] Strengthening United States National Defense with America’s Beautiful Clean Coal Power Generation Fleet,policy,White House Presidential Actions,https://www.whitehouse.gov/presidential-actions/2026/02/strengthening-united-states-national-defense-with-americas-beautiful-clean-coal-power-generation-fleet/,99,0.3,N,,
20251104_br0129,2025-11-04,Presidential Message on National Native American Heritage Month,"이민/국경, 경제/세금, 규제완화, 사법/법무",2026-01-14,"[조치] ADJUSTING IMPORTS OF SEMICONDUCTORS, SEMICONDUCTOR MANUFACTURING EQUIPMENT, AND THEIR DERIVATIVE PRODUCTS INTO THE UNITED STATES",policy,White House Presidential Actions,https://www.whitehouse.gov/presidential-actions/2026/01/adjusting-imports-of-semiconductors-semiconductor-manufacturing-equipment-and-their-derivative-products-into-the-united-states/,71,0.3,N,,
20251104_br0129,2025-11-04,Presidential Message on National Native American Heritage Month,"이민/국경, 경제/세금, 규제완화, 사법/법무",2026-01-14,[조치] Adjusting Imports of Processed Critical Minerals and Their Derivative Products into the United States,policy,White House Presidential Actions,https://www.whitehouse.gov/presidential-actions/2026/01/adjusting-imports-of-processed-critical-minerals-and-their-derivative-products-into-the-united-states/,71,0.3,N,,
20251104_br0130,2025-11-04,Presidential Message on National Entrepreneurship Month,"무역/관세, 안보/군사, 경제/세금, 에너지, 규제완화, 미디어",2025-11-04,[조치] Modifying Reciprocal Tariff Rates Consistent with the Economic and Trade Arrangement Between the United States and the People’s Republic of China,policy,White House Presidential Actions,https://www.whitehouse.gov/presidential-actions/2025/11/modifying-reciprocal-tariff-rates-consistent-with-the-economic-and-trade-arrangement-between-the-united-states-and-the-peoples-republic-of-china/,0,0.8,Y,Y,
20251104_br0130,2025-11-04,Presidential Message on National Entrepreneurship Month,"무역/관세, 안보/군사, 경제/세금, 에너지, 규제완화, 미디어",2026-02-11,[조치] Strengthening United States National Defense with America’s Beautiful Clean Coal Power Generation Fleet,policy,White House Presidential Actions,https://www.whitehouse.gov/presidential-actions/2026/02/strengthening-united-states-national-defense-with-americas-beautiful-clean-coal-power-generation-fleet/,99,0.7,N,,
20251104_br0130,2025-11-04,Presidential Message on National Entrepreneurship Month,"무역/관세, 안보/군사, 경제/세금, 에너지, 규제완화, 미디어",2026-01-14,"[조치] ADJUSTING IMPORTS OF SEMICONDUCTORS, SEMICONDUCTOR MANUFACTURING EQUIPMENT, AND THEIR DERIVATIVE PRODUCTS INTO THE UNITED STATES",policy,White House Presidential Actions,https://www.whitehouse.gov/presidential-actions/2026/01/adjusting-imports-of-semiconductors-semiconductor-manufacturing-equipment-and-their-derivative-products-into-the-united-states/,71,0.5,N,,
20251104_br0130,2025-11-04,Presidential Message on National Entrepreneurship Month,"무역/관세, 안보/군사, 경제/세금, 에너지, 규제완화, 미디어",2026-03-13,[조치] Adjusting Certain Delegations Under the Defense Production Act,policy,White House Presidential Actions,https://www.whitehouse.gov/presidential-actions/2026/03/adjusting-certain-delegations-under-the-defense-production-act/,129,0.4,N,,
20251104_br0130,2025-11-04,Presidential Message on National Entrepreneurship Month,"무역/관세, 안보/군사, 경제/세금, 에너지, 규제완화, 미디어",2026-02-18,[조치] Promoting the National Defense by Ensuring an Adequate Supply of Elemental Phosphorus and Glyphosate-Based Herbicides,policy,White House Presidential Actions,https://www.whitehouse.gov/presidential-actions/2026/02/promoting-the-national-defense-by-ensuring-an-adequate-supply-of-elemental-phosphorus-and-glyphosate-based-herbicides/,106,0.4,N,,
20251104_br0131,2025-11-04,Presidential Message on Critical Infrastructure Security and Resilience Month,"외교/동맹, 안보/군사, 경제/세금, 에너지, 규제완화, 선거/정치, 미디어",2026-02-11,[조치] Strengthening United States National Defense with America’s Beautiful Clean Coal Power Generation Fleet,policy,White House Presidential Actions,https://www.whitehouse.gov/presidential-actions/2026/02/strengthening-united-states-national-defense-with-americas-beautiful-clean-coal-power-generation-fleet/,99,0.9,N,,
20251104_br0131,2025-11-04,Presidential Message on Critical Infrastructure Security and Resilience Month,"외교/동맹, 안보/군사, 경제/세금, 에너지, 규제완화, 선거/정치, 미디어",2026-02-18,[조치] Promoting the National Defense by Ensuring an Adequate Supply of Elemental Phosphorus and Glyphosate-Based Herbicides,policy,White House Presidential Actions,https://www.whitehouse.gov/presidential-actions/2026/02/promoting-the-national-defense-by-ensuring-an-adequate-supply-of-elemental-phosphorus-and-glyphosate-based-herbicides/,106,0.6,N,,
20251104_br0131,2025-11-04,Presidential Message on Critical Infrastructure Security and Resilience Month,"외교/동맹, 안보/군사, 경제/세금, 에너지, 규제완화, 선거/정치, 미디어",2026-02-06,[조치] Protecting the National Security and Welfare of the United States and its Citizens from Criminal Actors and Other Public Safety Threats,policy,White House Presidential Actions,https://www.whitehouse.gov/presidential-actions/2026/02/protecting-the-national-security-and-welfare-of-the-united-states-and-its-citizens-from-criminal-actors-and-other-public-safety-threats/,94,0.5,N,,
20251104_br0131,2025-11-04,Presidential Message on Critical Infrastructure Security and Resilience Month,"외교/동맹, 안보/군사, 경제/세금, 에너지, 규제완화, 선거/정치, 미디어",2026-03-31,[조치] Ensuring Citizenship Verification and Integrity in Federal Elections,policy,White House Presidential Actions,https://www.whitehouse.gov/presidential-actions/2026/03/ensuring-citizenship-verification-and-integrity-in-federal-elections/,147,0.4,N,,
20251104_br0131,2025-11-04,Presidential Message on Critical Infrastructure Security and Resilience Month,"외교/동맹, 안보/군사, 경제/세금, 에너지, 규제완화, 선거/정치, 미디어",2026-01-10,[조치] Safeguarding Venezuelan Oil Revenue for the Good of the American and Venezuelan People,policy,White House Presidential Actions,https://www.whitehouse.gov/presidential-actions/2026/01/safeguarding-venezuelan-oil-revenue-for-the-good-of-the-american-and-venezuelan-people/,67,0.4,N,,
20251104_br0132,2025-11-04,Presidential Message on National Diabetes Month,"안보/군사, 경제/세금, 보건",2026-02-11,[조치] Strengthening United States National Defense with America’s Beautiful Clean Coal Power Generation Fleet,policy,White House Presidential Actions,https://www.whitehouse.gov/presidential-actions/2026/02/strengthening-united-states-national-defense-with-americas-beautiful-clean-coal-power-generation-fleet/,99,0.5,N,,
20251104_br0132,2025-11-04,Presidential Message on National Diabetes Month,"안보/군사, 경제/세금, 보건",2026-02-18,[조치] Promoting the National Defense by Ensuring an Adequate Supply of Elemental Phosphorus and Glyphosate-Based Herbicides,policy,White House Presidential Actions,https://www.whitehouse.gov/presidential-actions/2026/02/promoting-the-national-defense-by-ensuring-an-adequate-supply-of-elemental-phosphorus-and-glyphosate-based-herbicides/,106,0.4,N,,
20251104_br0132,2025-11-04,Presidential Message on National Diabetes Month,"안보/군사, 경제/세금, 보건",2025-12-06,"[조치] Aligning United States Core Childhood Vaccine Recommendations with Best Practices from Peer, Developed Countries",policy,White House Presidential Actions,https://www.whitehouse.gov/presidential-actions/2025/12/aligning-united-states-core-childhood-vaccine-recommendations-with-best-practices-from-peer-developed-countries/,32,0.4,N,,
20251104_br0132,2025-11-04,Presidential Message on National Diabetes Month,"안보/군사, 경제/세금, 보건",2026-01-29,[조치] Addressing Addiction through the Great American Recovery Initiative,policy,White House Presidential Actions,https://www.whitehouse.gov/presidential-actions/2026/01/addressing-addiction-through-the-great-american-recovery-initiative/,86,0.3,N,,
20251104_br0132,2025-11-04,Presidential Message on National Diabetes Month,"안보/군사, 경제/세금, 보건",2025-12-02,[조치] America 250: Presidential Message on the Anniversary of the Monroe Doctrine,policy,White House Presidential Actions,https://www.whitehouse.gov/presidential-actions/2025/12/america-250-presidential-message-on-the-anniversary-of-the-monroe-doctrine/,28,0.3,N,,
20251101_br0133,2025-11-01,Presidential Message on All Saints’ Day,"안보/군사, 경제/세금, 사법/법무",2026-03-06,"[조치] Combating Cybercrime, Fraud, and Predatory Schemes Against American Citizens",policy,White House Presidential Actions,https://www.whitehouse.gov/presidential-actions/2026/03/combating-cybercrime-fraud-and-predatory-schemes-against-american-citizens/,125,0.5,N,,
20251101_br0133,2025-11-01,Presidential Message on All Saints’ Day,"안보/군사, 경제/세금, 사법/법무",2026-02-11,[조치] Strengthening United States National Defense with America’s Beautiful Clean Coal Power Generation Fleet,policy,White House Presidential Actions,https://www.whitehouse.gov/presidential-actions/2026/02/strengthening-united-states-national-defense-with-americas-beautiful-clean-coal-power-generation-fleet/,102,0.5,N,,
20251101_br0133,2025-11-01,Presidential Message on All Saints’ Day,"안보/군사, 경제/세금, 사법/법무",2026-03-13,[조치] Adjusting Certain Delegations Under the Defense Production Act,policy,White House Presidential Actions,https://www.whitehouse.gov/presidential-actions/2026/03/adjusting-certain-delegations-under-the-defense-production-act/,132,0.4,N,,
20251101_br0133,2025-11-01,Presidential Message on All Saints’ Day,"안보/군사, 경제/세금, 사법/법무",2026-02-18,[조치] Promoting the National Defense by Ensuring an Adequate Supply of Elemental Phosphorus and Glyphosate-Based Herbicides,policy,White House Presidential Actions,https://www.whitehouse.gov/presidential-actions/2026/02/promoting-the-national-defense-by-ensuring-an-adequate-supply-of-elemental-phosphorus-and-glyphosate-based-herbicides/,109,0.4,N,,
20251101_br0133,2025-11-01,Presidential Message on All Saints’ Day,"안보/군사, 경제/세금, 사법/법무",2026-02-06,[조치] Protecting the National Security and Welfare of the United States and its Citizens from Criminal Actors and Other Public Safety Threats,policy,White House Presidential Actions,https://www.whitehouse.gov/presidential-actions/2026/02/protecting-the-national-security-and-welfare-of-the-united-states-and-its-citizens-from-criminal-actors-and-other-public-safety-threats/,97,0.3,N,,
20251031_br0134,2025-10-31,White House Public Tours to Reopen in December 2025,"안보/군사, 경제/세금, 선거/정치",2026-03-13,[조치] Adjusting Certain Delegations Under the Defense Production Act,policy,White House Presidential Actions,https://www.whitehouse.gov/presidential-actions/2026/03/adjusting-certain-delegations-under-the-defense-production-act/,133,0.4,N,,
20251031_br0134,2025-10-31,White House Public Tours to Reopen in December 2025,"안보/군사, 경제/세금, 선거/정치",2026-03-31,[조치] Ensuring Citizenship Verification and Integrity in Federal Elections,policy,White House Presidential Actions,https://www.whitehouse.gov/presidential-actions/2026/03/ensuring-citizenship-verification-and-integrity-in-federal-elections/,151,0.3,N,,
20251031_br0134,2025-10-31,White House Public Tours to Reopen in December 2025,"안보/군사, 경제/세금, 선거/정치",2026-02-18,[조치] Promoting the National Defense by Ensuring an Adequate Supply of Elemental Phosphorus and Glyphosate-Based Herbicides,policy,White House Presidential Actions,https://www.whitehouse.gov/presidential-actions/2026/02/promoting-the-national-defense-by-ensuring-an-adequate-supply-of-elemental-phosphorus-and-glyphosate-based-herbicides/,110,0.3,N,,
20251031_br0134,2025-10-31,White House Public Tours to Reopen in December 2025,"안보/군사, 경제/세금, 선거/정치",2026-02-11,[조치] Strengthening United States National Defense with America’s Beautiful Clean Coal Power Generation Fleet,policy,White House Presidential Actions,https://www.whitehouse.gov/presidential-actions/2026/02/strengthening-united-states-national-defense-with-americas-beautiful-clean-coal-power-generation-fleet/,103,0.3,N,,
20251031_br0134,2025-10-31,White House Public Tours to Reopen in December 2025,"안보/군사, 경제/세금, 선거/정치",2026-01-07,[조치] Prioritizing the Warfighter in Defense Contracting,policy,White House Presidential Actions,https://www.whitehouse.gov/presidential-actions/2026/01/prioritizing-the-warfighter-in-defense-contracting/,68,0.3,N,,
20251030_br0135,2025-10-30,The Republic of Korea Joins First Lady Melania Trump’s Fostering the Future Together,"무역/관세, 외교/동맹, 에너지, 선거/정치",2025-11-04,[조치] Modifying Reciprocal Tariff Rates Consistent with the Economic and Trade Arrangement Between the United States and the People’s Republic of China,policy,White House Presidential Actions,https://www.whitehouse.gov/presidential-actions/2025/11/modifying-reciprocal-tariff-rates-consistent-with-the-economic-and-trade-arrangement-between-the-united-states-and-the-peoples-republic-of-china/,5,0.8,Y,Y,
20251030_br0135,2025-10-30,The Republic of Korea Joins First Lady Melania Trump’s Fostering the Future Together,"무역/관세, 외교/동맹, 에너지, 선거/정치",2025-12-30,[조치] To Implement the United States-Israel Agreement on Trade in Agricultural Products and for Other Purposes,policy,White House Presidential Actions,https://www.whitehouse.gov/presidential-actions/2025/12/to-implement-the-united-states-israel-agreement-on-trade-in-agricultural-products-and-for-other-purposes/,61,0.6,N,,
20251030_br0135,2025-10-30,The Republic of Korea Joins First Lady Melania Trump’s Fostering the Future Together,"무역/관세, 외교/동맹, 에너지, 선거/정치",2026-01-14,"[조치] ADJUSTING IMPORTS OF SEMICONDUCTORS, SEMICONDUCTOR MANUFACTURING EQUIPMENT, AND THEIR DERIVATIVE PRODUCTS INTO THE UNITED STATES",policy,White House Presidential Actions,https://www.whitehouse.gov/presidential-actions/2026/01/adjusting-imports-of-semiconductors-semiconductor-manufacturing-equipment-and-their-derivative-products-into-the-united-states/,76,0.5,N,,
20251030_br0135,2025-10-30,The Republic of Korea Joins First Lady Melania Trump’s Fostering the Future Together,"무역/관세, 외교/동맹, 에너지, 선거/정치",2026-01-14,[조치] Adjusting Imports of Processed Critical Minerals and Their Derivative Products into the United States,policy,White House Presidential Actions,https://www.whitehouse.gov/presidential-actions/2026/01/adjusting-imports-of-processed-critical-minerals-and-their-derivative-products-into-the-united-states/,76,0.5,N,,
20251030_br0135,2025-10-30,The Republic of Korea Joins First Lady Melania Trump’s Fostering the Future Together,"무역/관세, 외교/동맹, 에너지, 선거/정치",2025-12-31,"[조치] Amendments to Adjusting Imports of Timber, Lumber, and their Derivative Products into the United States",policy,White House Presidential Actions,https://www.whitehouse.gov/presidential-actions/2025/12/amendments-to-adjusting-imports-of-timber-lumber-and-their-derivative-products-into-the-united-states/,62,0.5,N,,
20251030_br0136,2025-10-30,Presidential Message on the Birthday of President John Adams,"무역/관세, 외교/동맹, 안보/군사, 경제/세금, 규제완화, 사법/법무, 선거/정치, 미디어",2026-03-13,[조치] Adjusting Certain Delegations Under the Defense Production Act,policy,White House Presidential Actions,https://www.whitehouse.gov/presidential-actions/2026/03/adjusting-certain-delegations-under-the-defense-production-act/,134,0.6,N,,
20251030_br0136,2025-10-30,Presidential Message on the Birthday of President John Adams,"무역/관세, 외교/동맹, 안보/군사, 경제/세금, 규제완화, 사법/법무, 선거/정치, 미디어",2026-02-11,[조치] Strengthening United States National Defense with America’s Beautiful Clean Coal Power Generation Fleet,policy,White House Presidential Actions,https://www.whitehouse.gov/presidential-actions/2026/02/strengthening-united-states-national-defense-with-americas-beautiful-clean-coal-power-generation-fleet/,104,0.6,N,,
20251030_br0136,2025-10-30,Presidential Message on the Birthday of President John Adams,"무역/관세, 외교/동맹, 안보/군사, 경제/세금, 규제완화, 사법/법무, 선거/정치, 미디어",2025-11-04,[조치] Modifying Reciprocal Tariff Rates Consistent with the Economic and Trade Arrangement Between the United States and the People’s Republic of China,policy,White House Presidential Actions,https://www.whitehouse.gov/presidential-actions/2025/11/modifying-reciprocal-tariff-rates-consistent-with-the-economic-and-trade-arrangement-between-the-united-states-and-the-peoples-republic-of-china/,5,0.6,Y,Y,
20251030_br0136,2025-10-30,Presidential Message on the Birthday of President John Adams,"무역/관세, 외교/동맹, 안보/군사, 경제/세금, 규제완화, 사법/법무, 선거/정치, 미디어",2026-02-18,[조치] Promoting the National Defense by Ensuring an Adequate Supply of Elemental Phosphorus and Glyphosate-Based Herbicides,policy,White House Presidential Actions,https://www.whitehouse.gov/presidential-actions/2026/02/promoting-the-national-defense-by-ensuring-an-adequate-supply-of-elemental-phosphorus-and-glyphosate-based-herbicides/,111,0.5,N,,
20251030_br0136,2025-10-30,Presidential Message on the Birthday of President John Adams,"무역/관세, 외교/동맹, 안보/군사, 경제/세금, 규제완화, 사법/법무, 선거/정치, 미디어",2026-03-31,[조치] Ensuring Citizenship Verification and Integrity in Federal Elections,policy,White House Presidential Actions,https://www.whitehouse.gov/presidential-actions/2026/03/ensuring-citizenship-verification-and-integrity-in-federal-elections/,152,0.4,N,,
20251028_br0137,2025-10-28,Implementation of the Agreement Toward a NEW GOLDEN AGE for the U.S. – Japan Alliance,"외교/동맹, 안보/군사, 경제/세금",2026-02-11,[조치] Strengthening United States National Defense with America’s Beautiful Clean Coal Power Generation Fleet,policy,White House Presidential Actions,https://www.whitehouse.gov/presidential-actions/2026/02/strengthening-united-states-national-defense-with-americas-beautiful-clean-coal-power-generation-fleet/,106,0.5,N,,
20251028_br0137,2025-10-28,Implementation of the Agreement Toward a NEW GOLDEN AGE for the U.S. – Japan Alliance,"외교/동맹, 안보/군사, 경제/세금",2025-11-04,[조치] Modifying Reciprocal Tariff Rates Consistent with the Economic and Trade Arrangement Between the United States and the People’s Republic of China,policy,White House Presidential Actions,https://www.whitehouse.gov/presidential-actions/2025/11/modifying-reciprocal-tariff-rates-consistent-with-the-economic-and-trade-arrangement-between-the-united-states-and-the-peoples-republic-of-china/,7,0.4,Y,Y,
20251028_br0137,2025-10-28,Implementation of the Agreement Toward a NEW GOLDEN AGE for the U.S. – Japan Alliance,"외교/동맹, 안보/군사, 경제/세금",2026-02-06,[조치] Modifying Duties to Address Threats to the United States by the Government of the Russian Federation,policy,White House Presidential Actions,https://www.whitehouse.gov/presidential-actions/2026/02/modifying-duties-to-address-threats-to-the-united-states-by-the-government-of-the-russian-federation-04b2/,101,0.3,N,,
20251028_br0137,2025-10-28,Implementation of the Agreement Toward a NEW GOLDEN AGE for the U.S. – Japan Alliance,"외교/동맹, 안보/군사, 경제/세금",2026-02-06,[조치] Addressing Threats to the United States by the Government of Iran,policy,White House Presidential Actions,https://www.whitehouse.gov/presidential-actions/2026/02/addressing-threats-to-the-united-states-by-the-government-of-iran/,101,0.3,N,,
20251028_br0137,2025-10-28,Implementation of the Agreement Toward a NEW GOLDEN AGE for the U.S. – Japan Alliance,"외교/동맹, 안보/군사, 경제/세금",2026-01-29,[조치] Addressing Threats to the United States by the Government of Cuba,policy,White House Presidential Actions,https://www.whitehouse.gov/presidential-actions/2026/01/addressing-threats-to-the-united-states-by-the-government-of-cuba/,93,0.3,N,,
20251028_br0138,2025-10-28,United States – Japan Framework for Securing the Supply of Critical Minerals and Rare Earths through Mining and Processing,"무역/관세, 외교/동맹, 경제/세금, 규제완화, 사법/법무",2026-01-14,[조치] Adjusting Imports of Processed Critical Minerals and Their Derivative Products into the United States,policy,White House Presidential Actions,https://www.whitehouse.gov/presidential-actions/2026/01/adjusting-imports-of-processed-critical-minerals-and-their-derivative-products-into-the-united-states/,78,1.0,N,,
20251028_br0138,2025-10-28,United States – Japan Framework for Securing the Supply of Critical Minerals and Rare Earths through Mining and Processing,"무역/관세, 외교/동맹, 경제/세금, 규제완화, 사법/법무",2025-11-04,[조치] Modifying Reciprocal Tariff Rates Consistent with the Economic and Trade Arrangement Between the United States and the People’s Republic of China,policy,White House Presidential Actions,https://www.whitehouse.gov/presidential-actions/2025/11/modifying-reciprocal-tariff-rates-consistent-with-the-economic-and-trade-arrangement-between-the-united-states-and-the-peoples-republic-of-china/,7,1.0,Y,Y,
20251028_br0138,2025-10-28,United States – Japan Framework for Securing the Supply of Critical Minerals and Rare Earths through Mining and Processing,"무역/관세, 외교/동맹, 경제/세금, 규제완화, 사법/법무",2026-01-14,"[조치] ADJUSTING IMPORTS OF SEMICONDUCTORS, SEMICONDUCTOR MANUFACTURING EQUIPMENT, AND THEIR DERIVATIVE PRODUCTS INTO THE UNITED STATES",policy,White House Presidential Actions,https://www.whitehouse.gov/presidential-actions/2026/01/adjusting-imports-of-semiconductors-semiconductor-manufacturing-equipment-and-their-derivative-products-into-the-united-states/,78,0.8,N,,
20251028_br0138,2025-10-28,United States – Japan Framework for Securing the Supply of Critical Minerals and Rare Earths through Mining and Processing,"무역/관세, 외교/동맹, 경제/세금, 규제완화, 사법/법무",2025-12-31,"[조치] Amendments to Adjusting Imports of Timber, Lumber, and their Derivative Products into the United States",policy,White House Presidential Actions,https://www.whitehouse.gov/presidential-actions/2025/12/amendments-to-adjusting-imports-of-timber-lumber-and-their-derivative-products-into-the-united-states/,64,0.8,N,,
20251028_br0138,2025-10-28,United States – Japan Framework for Securing the Supply of Critical Minerals and Rare Earths through Mining and Processing,"무역/관세, 외교/동맹, 경제/세금, 규제완화, 사법/법무",2025-12-30,[조치] To Implement the United States-Israel Agreement on Trade in Agricultural Products and for Other Purposes,policy,White House Presidential Actions,https://www.whitehouse.gov/presidential-actions/2025/12/to-implement-the-united-states-israel-agreement-on-trade-in-agricultural-products-and-for-other-purposes/,63,0.6,N,,
20251027_br0139,2025-10-27,Presidential Message on the Birthday of President Theodore Roosevelt,"외교/동맹, 안보/군사, 경제/세금, 에너지, 사법/법무, 선거/정치, 보건",2026-02-11,[조치] Strengthening United States National Defense with America’s Beautiful Clean Coal Power Generation Fleet,policy,White House Presidential Actions,https://www.whitehouse.gov/presidential-actions/2026/02/strengthening-united-states-national-defense-with-americas-beautiful-clean-coal-power-generation-fleet/,107,0.6,N,,
20251027_br0139,2025-10-27,Presidential Message on the Birthday of President Theodore Roosevelt,"외교/동맹, 안보/군사, 경제/세금, 에너지, 사법/법무, 선거/정치, 보건",2026-02-06,[조치] Protecting the National Security and Welfare of the United States and its Citizens from Criminal Actors and Other Public Safety Threats,policy,White House Presidential Actions,https://www.whitehouse.gov/presidential-actions/2026/02/protecting-the-national-security-and-welfare-of-the-united-states-and-its-citizens-from-criminal-actors-and-other-public-safety-threats/,102,0.5,N,,
20251027_br0139,2025-10-27,Presidential Message on the Birthday of President Theodore Roosevelt,"외교/동맹, 안보/군사, 경제/세금, 에너지, 사법/법무, 선거/정치, 보건",2026-01-10,[조치] Safeguarding Venezuelan Oil Revenue for the Good of the American and Venezuelan People,policy,White House Presidential Actions,https://www.whitehouse.gov/presidential-actions/2026/01/safeguarding-venezuelan-oil-revenue-for-the-good-of-the-american-and-venezuelan-people/,75,0.5,N,,
20251027_br0139,2025-10-27,Presidential Message on the Birthday of President Theodore Roosevelt,"외교/동맹, 안보/군사, 경제/세금, 에너지, 사법/법무, 선거/정치, 보건",2026-03-06,"[조치] Combating Cybercrime, Fraud, and Predatory Schemes Against American Citizens",policy,White House Presidential Actions,https://www.whitehouse.gov/presidential-actions/2026/03/combating-cybercrime-fraud-and-predatory-schemes-against-american-citizens/,130,0.4,N,,
20251027_br0139,2025-10-27,Presidential Message on the Birthday of President Theodore Roosevelt,"외교/동맹, 안보/군사, 경제/세금, 에너지, 사법/법무, 선거/정치, 보건",2026-02-18,[조치] Promoting the National Defense by Ensuring an Adequate Supply of Elemental Phosphorus and Glyphosate-Based Herbicides,policy,White House Presidential Actions,https://www.whitehouse.gov/presidential-actions/2026/02/promoting-the-national-defense-by-ensuring-an-adequate-supply-of-elemental-phosphorus-and-glyphosate-based-herbicides/,114,0.4,N,,
20251026_br0140,2025-10-26,"Joint Statement on United States-Vietnam Framework for an Agreement on Reciprocal, Fair, and Balanced Trade","무역/관세, 안보/군사, 경제/세금, 에너지, 규제완화",2025-11-04,[조치] Modifying Reciprocal Tariff Rates Consistent with the Economic and Trade Arrangement Between the United States and the People’s Republic of China,policy,White House Presidential Actions,https://www.whitehouse.gov/presidential-actions/2025/11/modifying-reciprocal-tariff-rates-consistent-with-the-economic-and-trade-arrangement-between-the-united-states-and-the-peoples-republic-of-china/,9,1.0,Y,Y,
20251026_br0140,2025-10-26,"Joint Statement on United States-Vietnam Framework for an Agreement on Reciprocal, Fair, and Balanced Trade","무역/관세, 안보/군사, 경제/세금, 에너지, 규제완화",2025-12-30,[조치] To Implement the United States-Israel Agreement on Trade in Agricultural Products and for Other Purposes,policy,White House Presidential Actions,https://www.whitehouse.gov/presidential-actions/2025/12/to-implement-the-united-states-israel-agreement-on-trade-in-agricultural-products-and-for-other-purposes/,65,0.8,N,,
20251026_br0140,2025-10-26,"Joint Statement on United States-Vietnam Framework for an Agreement on Reciprocal, Fair, and Balanced Trade","무역/관세, 안보/군사, 경제/세금, 에너지, 규제완화",2025-11-14,[조치] Modifying the Scope of the Reciprocal Tariff with Respect to Certain Agricultural Products,policy,White House Presidential Actions,https://www.whitehouse.gov/presidential-actions/2025/11/modifying-the-scope-of-the-reciprocal-tariff-with-respect-to-certain-agricultural-products/,19,0.8,Y,Y,
20251026_br0140,2025-10-26,"Joint Statement on United States-Vietnam Framework for an Agreement on Reciprocal, Fair, and Balanced Trade","무역/관세, 안보/군사, 경제/세금, 에너지, 규제완화",2026-02-21,[조치] Imposing a Temporary Import Surcharge to Address Fundamental International Payments Problems,policy,White House Presidential Actions,https://www.whitehouse.gov/presidential-actions/2026/02/imposing-a-temporary-import-surcharge-to-address-fundamental-international-payments-problems/,118,0.6,N,,
20251026_br0140,2025-10-26,"Joint Statement on United States-Vietnam Framework for an Agreement on Reciprocal, Fair, and Balanced Trade","무역/관세, 안보/군사, 경제/세금, 에너지, 규제완화",2026-02-11,[조치] Strengthening United States National Defense with America’s Beautiful Clean Coal Power Generation Fleet,policy,White House Presidential Actions,https://www.whitehouse.gov/presidential-actions/2026/02/strengthening-united-states-national-defense-with-americas-beautiful-clean-coal-power-generation-fleet/,108,0.6,N,,
20251026_br0141,2025-10-26,Agreement Between the United States of America and Malaysia on Reciprocal Trade,"무역/관세, 외교/동맹, 경제/세금, 규제완화",2025-11-04,[조치] Modifying Reciprocal Tariff Rates Consistent with the Economic and Trade Arrangement Between the United States and the People’s Republic of China,policy,White House Presidential Actions,https://www.whitehouse.gov/presidential-actions/2025/11/modifying-reciprocal-tariff-rates-consistent-with-the-economic-and-trade-arrangement-between-the-united-states-and-the-peoples-republic-of-china/,9,1.0,Y,Y,
20251026_br0141,2025-10-26,Agreement Between the United States of America and Malaysia on Reciprocal Trade,"무역/관세, 외교/동맹, 경제/세금, 규제완화",2025-12-30,[조치] To Implement the United States-Israel Agreement on Trade in Agricultural Products and for Other Purposes,policy,White House Presidential Actions,https://www.whitehouse.gov/presidential-actions/2025/12/to-implement-the-united-states-israel-agreement-on-trade-in-agricultural-products-and-for-other-purposes/,65,0.8,N,,
20251026_br0141,2025-10-26,Agreement Between the United States of America and Malaysia on Reciprocal Trade,"무역/관세, 외교/동맹, 경제/세금, 규제완화",2026-01-14,"[조치] ADJUSTING IMPORTS OF SEMICONDUCTORS, SEMICONDUCTOR MANUFACTURING EQUIPMENT, AND THEIR DERIVATIVE PRODUCTS INTO THE UNITED STATES",policy,White House Presidential Actions,https://www.whitehouse.gov/presidential-actions/2026/01/adjusting-imports-of-semiconductors-semiconductor-manufacturing-equipment-and-their-derivative-products-into-the-united-states/,80,0.7,N,,
20251026_br0141,2025-10-26,Agreement Between the United States of America and Malaysia on Reciprocal Trade,"무역/관세, 외교/동맹, 경제/세금, 규제완화",2026-01-14,[조치] Adjusting Imports of Processed Critical Minerals and Their Derivative Products into the United States,policy,White House Presidential Actions,https://www.whitehouse.gov/presidential-actions/2026/01/adjusting-imports-of-processed-critical-minerals-and-their-derivative-products-into-the-united-states/,80,0.7,N,,
20251026_br0141,2025-10-26,Agreement Between the United States of America and Malaysia on Reciprocal Trade,"무역/관세, 외교/동맹, 경제/세금, 규제완화",2025-12-31,"[조치] Amendments to Adjusting Imports of Timber, Lumber, and their Derivative Products into the United States",policy,White House Presidential Actions,https://www.whitehouse.gov/presidential-actions/2025/12/amendments-to-adjusting-imports-of-timber-lumber-and-their-derivative-products-into-the-united-states/,66,0.7,N,,
20251026_br0142,2025-10-26,Memorandum of Understanding Between the Government of the United States of America and the Government of Malaysia Concerning Cooperation to Diversify Global Critical Minerals Supply Chains and Promote,"무역/관세, 경제/세금, 규제완화",2025-11-04,[조치] Modifying Reciprocal Tariff Rates Consistent with the Economic and Trade Arrangement Between the United States and the People’s Republic of China,policy,White House Presidential Actions,https://www.whitehouse.gov/presidential-actions/2025/11/modifying-reciprocal-tariff-rates-consistent-with-the-economic-and-trade-arrangement-between-the-united-states-and-the-peoples-republic-of-china/,9,1.0,Y,Y,
20251026_br0142,2025-10-26,Memorandum of Understanding Between the Government of the United States of America and the Government of Malaysia Concerning Cooperation to Diversify Global Critical Minerals Supply Chains and Promote,"무역/관세, 경제/세금, 규제완화",2026-01-14,[조치] Adjusting Imports of Processed Critical Minerals and Their Derivative Products into the United States,policy,White House Presidential Actions,https://www.whitehouse.gov/presidential-actions/2026/01/adjusting-imports-of-processed-critical-minerals-and-their-derivative-products-into-the-united-states/,80,0.8,N,,
20251026_br0142,2025-10-26,Memorandum of Understanding Between the Government of the United States of America and the Government of Malaysia Concerning Cooperation to Diversify Global Critical Minerals Supply Chains and Promote,"무역/관세, 경제/세금, 규제완화",2026-01-14,"[조치] ADJUSTING IMPORTS OF SEMICONDUCTORS, SEMICONDUCTOR MANUFACTURING EQUIPMENT, AND THEIR DERIVATIVE PRODUCTS INTO THE UNITED STATES",policy,White House Presidential Actions,https://www.whitehouse.gov/presidential-actions/2026/01/adjusting-imports-of-semiconductors-semiconductor-manufacturing-equipment-and-their-derivative-products-into-the-united-states/,80,0.6,N,,
20251026_br0142,2025-10-26,Memorandum of Understanding Between the Government of the United States of America and the Government of Malaysia Concerning Cooperation to Diversify Global Critical Minerals Supply Chains and Promote,"무역/관세, 경제/세금, 규제완화",2025-12-31,"[조치] Amendments to Adjusting Imports of Timber, Lumber, and their Derivative Products into the United States",policy,White House Presidential Actions,https://www.whitehouse.gov/presidential-actions/2025/12/amendments-to-adjusting-imports-of-timber-lumber-and-their-derivative-products-into-the-united-states/,66,0.6,N,,
20251026_br0142,2025-10-26,Memorandum of Understanding Between the Government of the United States of America and the Government of Malaysia Concerning Cooperation to Diversify Global Critical Minerals Supply Chains and Promote,"무역/관세, 경제/세금, 규제완화",2025-12-30,[조치] To Implement the United States-Israel Agreement on Trade in Agricultural Products and for Other Purposes,policy,White House Presidential Actions,https://www.whitehouse.gov/presidential-actions/2025/12/to-implement-the-united-states-israel-agreement-on-trade-in-agricultural-products-and-for-other-purposes/,65,0.6,N,,
20251026_br0143,2025-10-26,Joint Statement on United States-Malaysia Agreement on Reciprocal Trade,"무역/관세, 이민/국경, 경제/세금, 사법/법무, 미디어",2025-11-04,[조치] Modifying Reciprocal Tariff Rates Consistent with the Economic and Trade Arrangement Between the United States and the People’s Republic of China,policy,White House Presidential Actions,https://www.whitehouse.gov/presidential-actions/2025/11/modifying-reciprocal-tariff-rates-consistent-with-the-economic-and-trade-arrangement-between-the-united-states-and-the-peoples-republic-of-china/,9,1.0,Y,Y,
20251026_br0143,2025-10-26,Joint Statement on United States-Malaysia Agreement on Reciprocal Trade,"무역/관세, 이민/국경, 경제/세금, 사법/법무, 미디어",2026-01-14,"[조치] ADJUSTING IMPORTS OF SEMICONDUCTORS, SEMICONDUCTOR MANUFACTURING EQUIPMENT, AND THEIR DERIVATIVE PRODUCTS INTO THE UNITED STATES",policy,White House Presidential Actions,https://www.whitehouse.gov/presidential-actions/2026/01/adjusting-imports-of-semiconductors-semiconductor-manufacturing-equipment-and-their-derivative-products-into-the-united-states/,80,0.8,N,,
20251026_br0143,2025-10-26,Joint Statement on United States-Malaysia Agreement on Reciprocal Trade,"무역/관세, 이민/국경, 경제/세금, 사법/법무, 미디어",2026-01-14,[조치] Adjusting Imports of Processed Critical Minerals and Their Derivative Products into the United States,policy,White House Presidential Actions,https://www.whitehouse.gov/presidential-actions/2026/01/adjusting-imports-of-processed-critical-minerals-and-their-derivative-products-into-the-united-states/,80,0.8,N,,
20251026_br0143,2025-10-26,Joint Statement on United States-Malaysia Agreement on Reciprocal Trade,"무역/관세, 이민/국경, 경제/세금, 사법/법무, 미디어",2025-12-30,[조치] To Implement the United States-Israel Agreement on Trade in Agricultural Products and for Other Purposes,policy,White House Presidential Actions,https://www.whitehouse.gov/presidential-actions/2025/12/to-implement-the-united-states-israel-agreement-on-trade-in-agricultural-products-and-for-other-purposes/,65,0.8,N,,
20251026_br0143,2025-10-26,Joint Statement on United States-Malaysia Agreement on Reciprocal Trade,"무역/관세, 이민/국경, 경제/세금, 사법/법무, 미디어",2025-12-31,"[조치] Amendments to Adjusting Imports of Timber, Lumber, and their Derivative Products into the United States",policy,White House Presidential Actions,https://www.whitehouse.gov/presidential-actions/2025/12/amendments-to-adjusting-imports-of-timber-lumber-and-their-derivative-products-into-the-united-states/,66,0.7,N,,
20251026_br0144,2025-10-26,Agreement Between the United States of America and the Kingdom of Cambodia on Reciprocal Trade,"무역/관세, 외교/동맹, 경제/세금, 규제완화",2025-11-04,[조치] Modifying Reciprocal Tariff Rates Consistent with the Economic and Trade Arrangement Between the United States and the People’s Republic of China,policy,White House Presidential Actions,https://www.whitehouse.gov/presidential-actions/2025/11/modifying-reciprocal-tariff-rates-consistent-with-the-economic-and-trade-arrangement-between-the-united-states-and-the-peoples-republic-of-china/,9,1.0,Y,Y,
20251026_br0144,2025-10-26,Agreement Between the United States of America and the Kingdom of Cambodia on Reciprocal Trade,"무역/관세, 외교/동맹, 경제/세금, 규제완화",2026-01-14,"[조치] ADJUSTING IMPORTS OF SEMICONDUCTORS, SEMICONDUCTOR MANUFACTURING EQUIPMENT, AND THEIR DERIVATIVE PRODUCTS INTO THE UNITED STATES",policy,White House Presidential Actions,https://www.whitehouse.gov/presidential-actions/2026/01/adjusting-imports-of-semiconductors-semiconductor-manufacturing-equipment-and-their-derivative-products-into-the-united-states/,80,0.7,N,,
20251026_br0144,2025-10-26,Agreement Between the United States of America and the Kingdom of Cambodia on Reciprocal Trade,"무역/관세, 외교/동맹, 경제/세금, 규제완화",2026-01-14,[조치] Adjusting Imports of Processed Critical Minerals and Their Derivative Products into the United States,policy,White House Presidential Actions,https://www.whitehouse.gov/presidential-actions/2026/01/adjusting-imports-of-processed-critical-minerals-and-their-derivative-products-into-the-united-states/,80,0.7,N,,
20251026_br0144,2025-10-26,Agreement Between the United States of America and the Kingdom of Cambodia on Reciprocal Trade,"무역/관세, 외교/동맹, 경제/세금, 규제완화",2025-12-31,"[조치] Amendments to Adjusting Imports of Timber, Lumber, and their Derivative Products into the United States",policy,White House Presidential Actions,https://www.whitehouse.gov/presidential-actions/2025/12/amendments-to-adjusting-imports-of-timber-lumber-and-their-derivative-products-into-the-united-states/,66,0.7,N,,
20251026_br0144,2025-10-26,Agreement Between the United States of America and the Kingdom of Cambodia on Reciprocal Trade,"무역/관세, 외교/동맹, 경제/세금, 규제완화",2025-12-30,[조치] To Implement the United States-Israel Agreement on Trade in Agricultural Products and for Other Purposes,policy,White House Presidential Actions,https://www.whitehouse.gov/presidential-actions/2025/12/to-implement-the-united-states-israel-agreement-on-trade-in-agricultural-products-and-for-other-purposes/,65,0.7,N,,
20251026_br0145,2025-10-26,Joint Statement on United States-Cambodia Agreement on Reciprocal Trade,"무역/관세, 이민/국경, 경제/세금, 사법/법무",2025-12-30,[조치] To Implement the United States-Israel Agreement on Trade in Agricultural Products and for Other Purposes,policy,White House Presidential Actions,https://www.whitehouse.gov/presidential-actions/2025/12/to-implement-the-united-states-israel-agreement-on-trade-in-agricultural-products-and-for-other-purposes/,65,1.0,N,,
20251026_br0145,2025-10-26,Joint Statement on United States-Cambodia Agreement on Reciprocal Trade,"무역/관세, 이민/국경, 경제/세금, 사법/법무",2025-11-04,[조치] Modifying Reciprocal Tariff Rates Consistent with the Economic and Trade Arrangement Between the United States and the People’s Republic of China,policy,White House Presidential Actions,https://www.whitehouse.gov/presidential-actions/2025/11/modifying-reciprocal-tariff-rates-consistent-with-the-economic-and-trade-arrangement-between-the-united-states-and-the-peoples-republic-of-china/,9,1.0,Y,Y,
20251026_br0145,2025-10-26,Joint Statement on United States-Cambodia Agreement on Reciprocal Trade,"무역/관세, 이민/국경, 경제/세금, 사법/법무",2025-11-14,[조치] Modifying the Scope of the Reciprocal Tariff with Respect to Certain Agricultural Products,policy,White House Presidential Actions,https://www.whitehouse.gov/presidential-actions/2025/11/modifying-the-scope-of-the-reciprocal-tariff-with-respect-to-certain-agricultural-products/,19,0.7,Y,Y,
20251026_br0145,2025-10-26,Joint Statement on United States-Cambodia Agreement on Reciprocal Trade,"무역/관세, 이민/국경, 경제/세금, 사법/법무",2026-02-06,[조치] Protecting the National Security and Welfare of the United States and its Citizens from Criminal Actors and Other Public Safety Threats,policy,White House Presidential Actions,https://www.whitehouse.gov/presidential-actions/2026/02/protecting-the-national-security-and-welfare-of-the-united-states-and-its-citizens-from-criminal-actors-and-other-public-safety-threats/,103,0.6,N,,
20251026_br0145,2025-10-26,Joint Statement on United States-Cambodia Agreement on Reciprocal Trade,"무역/관세, 이민/국경, 경제/세금, 사법/법무",2026-01-14,"[조치] ADJUSTING IMPORTS OF SEMICONDUCTORS, SEMICONDUCTOR MANUFACTURING EQUIPMENT, AND THEIR DERIVATIVE PRODUCTS INTO THE UNITED STATES",policy,White House Presidential Actions,https://www.whitehouse.gov/presidential-actions/2026/01/adjusting-imports-of-semiconductors-semiconductor-manufacturing-equipment-and-their-derivative-products-into-the-united-states/,80,0.6,N,,
20251026_br0146,2025-10-26,Joint Statement on a Framework for a United States-Thailand Agreement on Reciprocal Trade,"무역/관세, 이민/국경, 안보/군사, 경제/세금, 규제완화, 사법/법무, 보건",2025-11-04,[조치] Modifying Reciprocal Tariff Rates Consistent with the Economic and Trade Arrangement Between the United States and the People’s Republic of China,policy,White House Presidential Actions,https://www.whitehouse.gov/presidential-actions/2025/11/modifying-reciprocal-tariff-rates-consistent-with-the-economic-and-trade-arrangement-between-the-united-states-and-the-peoples-republic-of-china/,9,1.0,Y,Y,
20251026_br0146,2025-10-26,Joint Statement on a Framework for a United States-Thailand Agreement on Reciprocal Trade,"무역/관세, 이민/국경, 안보/군사, 경제/세금, 규제완화, 사법/법무, 보건",2025-12-30,[조치] To Implement the United States-Israel Agreement on Trade in Agricultural Products and for Other Purposes,policy,White House Presidential Actions,https://www.whitehouse.gov/presidential-actions/2025/12/to-implement-the-united-states-israel-agreement-on-trade-in-agricultural-products-and-for-other-purposes/,65,0.8,N,,
20251026_br0146,2025-10-26,Joint Statement on a Framework for a United States-Thailand Agreement on Reciprocal Trade,"무역/관세, 이민/국경, 안보/군사, 경제/세금, 규제완화, 사법/법무, 보건",2025-11-14,[조치] Modifying the Scope of the Reciprocal Tariff with Respect to Certain Agricultural Products,policy,White House Presidential Actions,https://www.whitehouse.gov/presidential-actions/2025/11/modifying-the-scope-of-the-reciprocal-tariff-with-respect-to-certain-agricultural-products/,19,0.7,Y,Y,
20251026_br0146,2025-10-26,Joint Statement on a Framework for a United States-Thailand Agreement on Reciprocal Trade,"무역/관세, 이민/국경, 안보/군사, 경제/세금, 규제완화, 사법/법무, 보건",2026-02-21,[조치] Imposing a Temporary Import Surcharge to Address Fundamental International Payments Problems,policy,White House Presidential Actions,https://www.whitehouse.gov/presidential-actions/2026/02/imposing-a-temporary-import-surcharge-to-address-fundamental-international-payments-problems/,118,0.6,N,,
20251026_br0146,2025-10-26,Joint Statement on a Framework for a United States-Thailand Agreement on Reciprocal Trade,"무역/관세, 이민/국경, 안보/군사, 경제/세금, 규제완화, 사법/법무, 보건",2026-01-14,"[조치] ADJUSTING IMPORTS OF SEMICONDUCTORS, SEMICONDUCTOR MANUFACTURING EQUIPMENT, AND THEIR DERIVATIVE PRODUCTS INTO THE UNITED STATES",policy,White House Presidential Actions,https://www.whitehouse.gov/presidential-actions/2026/01/adjusting-imports-of-semiconductors-semiconductor-manufacturing-equipment-and-their-derivative-products-into-the-united-states/,80,0.6,N,,
20251026_br0147,2025-10-26,Memorandum of Understanding Between the Government of the United States of America and the Government of the Kingdom of Thailand Concerning Cooperation to Diversify Global Critical Minerals Supply Cha,"무역/관세, 경제/세금, 사법/법무",2025-11-04,[조치] Modifying Reciprocal Tariff Rates Consistent with the Economic and Trade Arrangement Between the United States and the People’s Republic of China,policy,White House Presidential Actions,https://www.whitehouse.gov/presidential-actions/2025/11/modifying-reciprocal-tariff-rates-consistent-with-the-economic-and-trade-arrangement-between-the-united-states-and-the-peoples-republic-of-china/,9,1.0,Y,Y,
20251026_br0147,2025-10-26,Memorandum of Understanding Between the Government of the United States of America and the Government of the Kingdom of Thailand Concerning Cooperation to Diversify Global Critical Minerals Supply Cha,"무역/관세, 경제/세금, 사법/법무",2026-01-14,[조치] Adjusting Imports of Processed Critical Minerals and Their Derivative Products into the United States,policy,White House Presidential Actions,https://www.whitehouse.gov/presidential-actions/2026/01/adjusting-imports-of-processed-critical-minerals-and-their-derivative-products-into-the-united-states/,80,0.8,N,,
20251026_br0147,2025-10-26,Memorandum of Understanding Between the Government of the United States of America and the Government of the Kingdom of Thailand Concerning Cooperation to Diversify Global Critical Minerals Supply Cha,"무역/관세, 경제/세금, 사법/법무",2026-01-14,"[조치] ADJUSTING IMPORTS OF SEMICONDUCTORS, SEMICONDUCTOR MANUFACTURING EQUIPMENT, AND THEIR DERIVATIVE PRODUCTS INTO THE UNITED STATES",policy,White House Presidential Actions,https://www.whitehouse.gov/presidential-actions/2026/01/adjusting-imports-of-semiconductors-semiconductor-manufacturing-equipment-and-their-derivative-products-into-the-united-states/,80,0.6,N,,
20251026_br0147,2025-10-26,Memorandum of Understanding Between the Government of the United States of America and the Government of the Kingdom of Thailand Concerning Cooperation to Diversify Global Critical Minerals Supply Cha,"무역/관세, 경제/세금, 사법/법무",2025-12-31,"[조치] Amendments to Adjusting Imports of Timber, Lumber, and their Derivative Products into the United States",policy,White House Presidential Actions,https://www.whitehouse.gov/presidential-actions/2025/12/amendments-to-adjusting-imports-of-timber-lumber-and-their-derivative-products-into-the-united-states/,66,0.6,N,,
20251026_br0147,2025-10-26,Memorandum of Understanding Between the Government of the United States of America and the Government of the Kingdom of Thailand Concerning Cooperation to Diversify Global Critical Minerals Supply Cha,"무역/관세, 경제/세금, 사법/법무",2025-12-30,[조치] To Implement the United States-Israel Agreement on Trade in Agricultural Products and for Other Purposes,policy,White House Presidential Actions,https://www.whitehouse.gov/presidential-actions/2025/12/to-implement-the-united-states-israel-agreement-on-trade-in-agricultural-products-and-for-other-purposes/,65,0.5,N,,
20251026_br0148,2025-10-26,"Joint Declaration by the Prime Minister of the Kingdom of Cambodia and the Prime Minister of the Kingdom of Thailand on the outcomes of their meeting in Kuala Lampur, Malaysia","이민/국경, 안보/군사, 경제/세금, 사법/법무, 미디어",2026-02-18,[조치] Promoting the National Defense by Ensuring an Adequate Supply of Elemental Phosphorus and Glyphosate-Based Herbicides,policy,White House Presidential Actions,https://www.whitehouse.gov/presidential-actions/2026/02/promoting-the-national-defense-by-ensuring-an-adequate-supply-of-elemental-phosphorus-and-glyphosate-based-herbicides/,115,0.6,N,,
20251026_br0148,2025-10-26,"Joint Declaration by the Prime Minister of the Kingdom of Cambodia and the Prime Minister of the Kingdom of Thailand on the outcomes of their meeting in Kuala Lampur, Malaysia","이민/국경, 안보/군사, 경제/세금, 사법/법무, 미디어",2026-02-11,[조치] Strengthening United States National Defense with America’s Beautiful Clean Coal Power Generation Fleet,policy,White House Presidential Actions,https://www.whitehouse.gov/presidential-actions/2026/02/strengthening-united-states-national-defense-with-americas-beautiful-clean-coal-power-generation-fleet/,108,0.6,N,,
20251026_br0148,2025-10-26,"Joint Declaration by the Prime Minister of the Kingdom of Cambodia and the Prime Minister of the Kingdom of Thailand on the outcomes of their meeting in Kuala Lampur, Malaysia","이민/국경, 안보/군사, 경제/세금, 사법/법무, 미디어",2026-02-06,[조치] Protecting the National Security and Welfare of the United States and its Citizens from Criminal Actors and Other Public Safety Threats,policy,White House Presidential Actions,https://www.whitehouse.gov/presidential-actions/2026/02/protecting-the-national-security-and-welfare-of-the-united-states-and-its-citizens-from-criminal-actors-and-other-public-safety-threats/,103,0.5,N,,
20251026_br0148,2025-10-26,"Joint Declaration by the Prime Minister of the Kingdom of Cambodia and the Prime Minister of the Kingdom of Thailand on the outcomes of their meeting in Kuala Lampur, Malaysia","이민/국경, 안보/군사, 경제/세금, 사법/법무, 미디어",2026-03-13,[조치] Adjusting Certain Delegations Under the Defense Production Act,policy,White House Presidential Actions,https://www.whitehouse.gov/presidential-actions/2026/03/adjusting-certain-delegations-under-the-defense-production-act/,138,0.4,N,,
20251026_br0148,2025-10-26,"Joint Declaration by the Prime Minister of the Kingdom of Cambodia and the Prime Minister of the Kingdom of Thailand on the outcomes of their meeting in Kuala Lampur, Malaysia","이민/국경, 안보/군사, 경제/세금, 사법/법무, 미디어",2025-12-16,[조치] Restricting and Limiting the Entry of Foreign Nationals to Protect the Security of the United States,policy,White House Presidential Actions,https://www.whitehouse.gov/presidential-actions/2025/12/restricting-and-limiting-the-entry-of-foreign-nationals-to-protect-the-security-of-the-united-states/,51,0.4,N,,
20251026_br0149,2025-10-26,Presidential Message on the 2025 World Series,"안보/군사, 경제/세금, 규제완화, 미디어",2026-02-11,[조치] Strengthening United States National Defense with America’s Beautiful Clean Coal Power Generation Fleet,policy,White House Presidential Actions,https://www.whitehouse.gov/presidential-actions/2026/02/strengthening-united-states-national-defense-with-americas-beautiful-clean-coal-power-generation-fleet/,108,0.6,N,,
20251026_br0149,2025-10-26,Presidential Message on the 2025 World Series,"안보/군사, 경제/세금, 규제완화, 미디어",2026-02-18,[조치] Promoting the National Defense by Ensuring an Adequate Supply of Elemental Phosphorus and Glyphosate-Based Herbicides,policy,White House Presidential Actions,https://www.whitehouse.gov/presidential-actions/2026/02/promoting-the-national-defense-by-ensuring-an-adequate-supply-of-elemental-phosphorus-and-glyphosate-based-herbicides/,115,0.4,N,,
20251026_br0149,2025-10-26,Presidential Message on the 2025 World Series,"안보/군사, 경제/세금, 규제완화, 미디어",2026-02-06,[조치] Protecting the National Security and Welfare of the United States and its Citizens from Criminal Actors and Other Public Safety Threats,policy,White House Presidential Actions,https://www.whitehouse.gov/presidential-actions/2026/02/protecting-the-national-security-and-welfare-of-the-united-states-and-its-citizens-from-criminal-actors-and-other-public-safety-threats/,103,0.3,N,,
20251026_br0149,2025-10-26,Presidential Message on the 2025 World Series,"안보/군사, 경제/세금, 규제완화, 미디어",2026-01-29,[조치] Addressing Addiction through the Great American Recovery Initiative,policy,White House Presidential Actions,https://www.whitehouse.gov/presidential-actions/2026/01/addressing-addiction-through-the-great-american-recovery-initiative/,95,0.3,N,,
20251026_br0149,2025-10-26,Presidential Message on the 2025 World Series,"안보/군사, 경제/세금, 규제완화, 미디어",2026-01-14,"[조치] ADJUSTING IMPORTS OF SEMICONDUCTORS, SEMICONDUCTOR MANUFACTURING EQUIPMENT, AND THEIR DERIVATIVE PRODUCTS INTO THE UNITED STATES",policy,White House Presidential Actions,https://www.whitehouse.gov/presidential-actions/2026/01/adjusting-imports-of-semiconductors-semiconductor-manufacturing-equipment-and-their-derivative-products-into-the-united-states/,80,0.3,N,,
20251024_br0150,2025-10-24,First Lady Melania Trump Announces Halloween at the White House 2025,"안보/군사, 규제완화, 사법/법무, 선거/정치",2026-02-11,[조치] Strengthening United States National Defense with America’s Beautiful Clean Coal Power Generation Fleet,policy,White House Presidential Actions,https://www.whitehouse.gov/presidential-actions/2026/02/strengthening-united-states-national-defense-with-americas-beautiful-clean-coal-power-generation-fleet/,110,0.6,N,,
20251024_br0150,2025-10-24,First Lady Melania Trump Announces Halloween at the White House 2025,"안보/군사, 규제완화, 사법/법무, 선거/정치",2026-03-06,"[조치] Combating Cybercrime, Fraud, and Predatory Schemes Against American Citizens",policy,White House Presidential Actions,https://www.whitehouse.gov/presidential-actions/2026/03/combating-cybercrime-fraud-and-predatory-schemes-against-american-citizens/,133,0.4,N,,
20251024_br0150,2025-10-24,First Lady Melania Trump Announces Halloween at the White House 2025,"안보/군사, 규제완화, 사법/법무, 선거/정치",2026-02-18,[조치] Promoting the National Defense by Ensuring an Adequate Supply of Elemental Phosphorus and Glyphosate-Based Herbicides,policy,White House Presidential Actions,https://www.whitehouse.gov/presidential-actions/2026/02/promoting-the-national-defense-by-ensuring-an-adequate-supply-of-elemental-phosphorus-and-glyphosate-based-herbicides/,117,0.4,N,,
20251024_br0150,2025-10-24,First Lady Melania Trump Announces Halloween at the White House 2025,"안보/군사, 규제완화, 사법/법무, 선거/정치",2026-02-06,[조치] Protecting the National Security and Welfare of the United States and its Citizens from Criminal Actors and Other Public Safety Threats,policy,White House Presidential Actions,https://www.whitehouse.gov/presidential-actions/2026/02/protecting-the-national-security-and-welfare-of-the-united-states-and-its-citizens-from-criminal-actors-and-other-public-safety-threats/,105,0.4,N,,
20251024_br0150,2025-10-24,First Lady Melania Trump Announces Halloween at the White House 2025,"안보/군사, 규제완화, 사법/법무, 선거/정치",2026-01-14,"[조치] ADJUSTING IMPORTS OF SEMICONDUCTORS, SEMICONDUCTOR MANUFACTURING EQUIPMENT, AND THEIR DERIVATIVE PRODUCTS INTO THE UNITED STATES",policy,White House Presidential Actions,https://www.whitehouse.gov/presidential-actions/2026/01/adjusting-imports-of-semiconductors-semiconductor-manufacturing-equipment-and-their-derivative-products-into-the-united-states/,82,0.3,N,,
20251020_br0151,2025-10-20,United States-Australia Framework For Securing of Supply in the Mining and Processing of Critical Minerals and Rare Earths,"무역/관세, 안보/군사, 경제/세금, 규제완화, 사법/법무",2025-11-04,[조치] Modifying Reciprocal Tariff Rates Consistent with the Economic and Trade Arrangement Between the United States and the People’s Republic of China,policy,White House Presidential Actions,https://www.whitehouse.gov/presidential-actions/2025/11/modifying-reciprocal-tariff-rates-consistent-with-the-economic-and-trade-arrangement-between-the-united-states-and-the-peoples-republic-of-china/,15,1.0,Y,Y,
20251020_br0151,2025-10-20,United States-Australia Framework For Securing of Supply in the Mining and Processing of Critical Minerals and Rare Earths,"무역/관세, 안보/군사, 경제/세금, 규제완화, 사법/법무",2026-01-14,[조치] Adjusting Imports of Processed Critical Minerals and Their Derivative Products into the United States,policy,White House Presidential Actions,https://www.whitehouse.gov/presidential-actions/2026/01/adjusting-imports-of-processed-critical-minerals-and-their-derivative-products-into-the-united-states/,86,0.9,N,,
20251020_br0151,2025-10-20,United States-Australia Framework For Securing of Supply in the Mining and Processing of Critical Minerals and Rare Earths,"무역/관세, 안보/군사, 경제/세금, 규제완화, 사법/법무",2026-02-11,[조치] Strengthening United States National Defense with America’s Beautiful Clean Coal Power Generation Fleet,policy,White House Presidential Actions,https://www.whitehouse.gov/presidential-actions/2026/02/strengthening-united-states-national-defense-with-americas-beautiful-clean-coal-power-generation-fleet/,114,0.7,N,,
20251020_br0151,2025-10-20,United States-Australia Framework For Securing of Supply in the Mining and Processing of Critical Minerals and Rare Earths,"무역/관세, 안보/군사, 경제/세금, 규제완화, 사법/법무",2026-01-14,"[조치] ADJUSTING IMPORTS OF SEMICONDUCTORS, SEMICONDUCTOR MANUFACTURING EQUIPMENT, AND THEIR DERIVATIVE PRODUCTS INTO THE UNITED STATES",policy,White House Presidential Actions,https://www.whitehouse.gov/presidential-actions/2026/01/adjusting-imports-of-semiconductors-semiconductor-manufacturing-equipment-and-their-derivative-products-into-the-united-states/,86,0.7,N,,
20251020_br0151,2025-10-20,United States-Australia Framework For Securing of Supply in the Mining and Processing of Critical Minerals and Rare Earths,"무역/관세, 안보/군사, 경제/세금, 규제완화, 사법/법무",2026-02-18,[조치] Promoting the National Defense by Ensuring an Adequate Supply of Elemental Phosphorus and Glyphosate-Based Herbicides,policy,White House Presidential Actions,https://www.whitehouse.gov/presidential-actions/2026/02/promoting-the-national-defense-by-ensuring-an-adequate-supply-of-elemental-phosphorus-and-glyphosate-based-herbicides/,121,0.6,N,,
20251020_br0153,2025-10-20,Presidential Message on National Forest Products Week,"무역/관세, 안보/군사, 경제/세금, 규제완화, 보건",2026-02-11,[조치] Strengthening United States National Defense with America’s Beautiful Clean Coal Power Generation Fleet,policy,White House Presidential Actions,https://www.whitehouse.gov/presidential-actions/2026/02/strengthening-united-states-national-defense-with-americas-beautiful-clean-coal-power-generation-fleet/,114,0.7,N,,
20251020_br0153,2025-10-20,Presidential Message on National Forest Products Week,"무역/관세, 안보/군사, 경제/세금, 규제완화, 보건",2025-11-04,[조치] Modifying Reciprocal Tariff Rates Consistent with the Economic and Trade Arrangement Between the United States and the People’s Republic of China,policy,White House Presidential Actions,https://www.whitehouse.gov/presidential-actions/2025/11/modifying-reciprocal-tariff-rates-consistent-with-the-economic-and-trade-arrangement-between-the-united-states-and-the-peoples-republic-of-china/,15,0.6,Y,Y,
20251020_br0153,2025-10-20,Presidential Message on National Forest Products Week,"무역/관세, 안보/군사, 경제/세금, 규제완화, 보건",2026-02-18,[조치] Promoting the National Defense by Ensuring an Adequate Supply of Elemental Phosphorus and Glyphosate-Based Herbicides,policy,White House Presidential Actions,https://www.whitehouse.gov/presidential-actions/2026/02/promoting-the-national-defense-by-ensuring-an-adequate-supply-of-elemental-phosphorus-and-glyphosate-based-herbicides/,121,0.5,N,,
20251020_br0153,2025-10-20,Presidential Message on National Forest Products Week,"무역/관세, 안보/군사, 경제/세금, 규제완화, 보건",2026-01-14,"[조치] ADJUSTING IMPORTS OF SEMICONDUCTORS, SEMICONDUCTOR MANUFACTURING EQUIPMENT, AND THEIR DERIVATIVE PRODUCTS INTO THE UNITED STATES",policy,White House Presidential Actions,https://www.whitehouse.gov/presidential-actions/2026/01/adjusting-imports-of-semiconductors-semiconductor-manufacturing-equipment-and-their-derivative-products-into-the-united-states/,86,0.5,N,,
20251020_br0153,2025-10-20,Presidential Message on National Forest Products Week,"무역/관세, 안보/군사, 경제/세금, 규제완화, 보건",2026-01-14,[조치] Adjusting Imports of Processed Critical Minerals and Their Derivative Products into the United States,policy,White House Presidential Actions,https://www.whitehouse.gov/presidential-actions/2026/01/adjusting-imports-of-processed-critical-minerals-and-their-derivative-products-into-the-united-states/,86,0.5,N,,
20251019_br0154,2025-10-19,America 250: Presidential Message on the 244th Anniversary of General Cornwallis’s Surrender at Yorktown,"무역/관세, 이민/국경, 안보/군사, 경제/세금",2025-11-04,[조치] Modifying Reciprocal Tariff Rates Consistent with the Economic and Trade Arrangement Between the United States and the People’s Republic of China,policy,White House Presidential Actions,https://www.whitehouse.gov/presidential-actions/2025/11/modifying-reciprocal-tariff-rates-consistent-with-the-economic-and-trade-arrangement-between-the-united-states-and-the-peoples-republic-of-china/,16,0.6,Y,Y,
20251019_br0154,2025-10-19,America 250: Presidential Message on the 244th Anniversary of General Cornwallis’s Surrender at Yorktown,"무역/관세, 이민/국경, 안보/군사, 경제/세금",2026-02-18,[조치] Promoting the National Defense by Ensuring an Adequate Supply of Elemental Phosphorus and Glyphosate-Based Herbicides,policy,White House Presidential Actions,https://www.whitehouse.gov/presidential-actions/2026/02/promoting-the-national-defense-by-ensuring-an-adequate-supply-of-elemental-phosphorus-and-glyphosate-based-herbicides/,122,0.5,N,,
20251019_br0154,2025-10-19,America 250: Presidential Message on the 244th Anniversary of General Cornwallis’s Surrender at Yorktown,"무역/관세, 이민/국경, 안보/군사, 경제/세금",2026-02-11,[조치] Strengthening United States National Defense with America’s Beautiful Clean Coal Power Generation Fleet,policy,White House Presidential Actions,https://www.whitehouse.gov/presidential-actions/2026/02/strengthening-united-states-national-defense-with-americas-beautiful-clean-coal-power-generation-fleet/,115,0.5,N,,
20251019_br0154,2025-10-19,America 250: Presidential Message on the 244th Anniversary of General Cornwallis’s Surrender at Yorktown,"무역/관세, 이민/국경, 안보/군사, 경제/세금",2026-01-14,"[조치] ADJUSTING IMPORTS OF SEMICONDUCTORS, SEMICONDUCTOR MANUFACTURING EQUIPMENT, AND THEIR DERIVATIVE PRODUCTS INTO THE UNITED STATES",policy,White House Presidential Actions,https://www.whitehouse.gov/presidential-actions/2026/01/adjusting-imports-of-semiconductors-semiconductor-manufacturing-equipment-and-their-derivative-products-into-the-united-states/,87,0.4,N,,
20251019_br0154,2025-10-19,America 250: Presidential Message on the 244th Anniversary of General Cornwallis’s Surrender at Yorktown,"무역/관세, 이민/국경, 안보/군사, 경제/세금",2026-01-14,[조치] Adjusting Imports of Processed Critical Minerals and Their Derivative Products into the United States,policy,White House Presidential Actions,https://www.whitehouse.gov/presidential-actions/2026/01/adjusting-imports-of-processed-critical-minerals-and-their-derivative-products-into-the-united-states/,87,0.4,N,,
20251014_br0155,2025-10-14,Presidential Message on the Birthday of President Dwight D. Eisenhower,"무역/관세, 이민/국경, 외교/동맹, 안보/군사, 경제/세금, 사법/법무, 선거/정치",2025-11-04,[조치] Modifying Reciprocal Tariff Rates Consistent with the Economic and Trade Arrangement Between the United States and the People’s Republic of China,policy,White House Presidential Actions,https://www.whitehouse.gov/presidential-actions/2025/11/modifying-reciprocal-tariff-rates-consistent-with-the-economic-and-trade-arrangement-between-the-united-states-and-the-peoples-republic-of-china/,21,0.7,Y,Y,
20251014_br0155,2025-10-14,Presidential Message on the Birthday of President Dwight D. Eisenhower,"무역/관세, 이민/국경, 외교/동맹, 안보/군사, 경제/세금, 사법/법무, 선거/정치",2025-10-17,"[조치] Adjusting Imports Of Medium- And Heavy-Duty Vehicles, Medium- And Heavy-Duty Vehicle Parts, And Buses Into The United States",policy,White House Presidential Actions,https://www.whitehouse.gov/presidential-actions/2025/10/adjusting-imports-of-medium-and-heavy-duty-vehicles-medium-and-heavy-duty-vehicle-parts-and-buses-into-the-united-states/,3,0.6,Y,Y,
20251014_br0155,2025-10-14,Presidential Message on the Birthday of President Dwight D. Eisenhower,"무역/관세, 이민/국경, 외교/동맹, 안보/군사, 경제/세금, 사법/법무, 선거/정치",2026-03-13,[조치] Adjusting Certain Delegations Under the Defense Production Act,policy,White House Presidential Actions,https://www.whitehouse.gov/presidential-actions/2026/03/adjusting-certain-delegations-under-the-defense-production-act/,150,0.4,N,,
20251014_br0155,2025-10-14,Presidential Message on the Birthday of President Dwight D. Eisenhower,"무역/관세, 이민/국경, 외교/동맹, 안보/군사, 경제/세금, 사법/법무, 선거/정치",2026-03-06,"[조치] Combating Cybercrime, Fraud, and Predatory Schemes Against American Citizens",policy,White House Presidential Actions,https://www.whitehouse.gov/presidential-actions/2026/03/combating-cybercrime-fraud-and-predatory-schemes-against-american-citizens/,143,0.4,N,,
20251014_br0155,2025-10-14,Presidential Message on the Birthday of President Dwight D. Eisenhower,"무역/관세, 이민/국경, 외교/동맹, 안보/군사, 경제/세금, 사법/법무, 선거/정치",2026-02-21,[조치] Ending Certain Tariff Actions,policy,White House Presidential Actions,https://www.whitehouse.gov/presidential-actions/2026/02/ending-certain-tariff-actions/,130,0.4,N,,
20251010_br0156,2025-10-10,Presidential Message on Down Syndrome Awareness Month,"안보/군사, 경제/세금, 보건",2026-02-11,[조치] Strengthening United States National Defense with America’s Beautiful Clean Coal Power Generation Fleet,policy,White House Presidential Actions,https://www.whitehouse.gov/presidential-actions/2026/02/strengthening-united-states-national-defense-with-americas-beautiful-clean-coal-power-generation-fleet/,124,0.5,N,,
20251010_br0156,2025-10-10,Presidential Message on Down Syndrome Awareness Month,"안보/군사, 경제/세금, 보건",2025-12-06,"[조치] Aligning United States Core Childhood Vaccine Recommendations with Best Practices from Peer, Developed Countries",policy,White House Presidential Actions,https://www.whitehouse.gov/presidential-actions/2025/12/aligning-united-states-core-childhood-vaccine-recommendations-with-best-practices-from-peer-developed-countries/,57,0.5,N,,
20251010_br0156,2025-10-10,Presidential Message on Down Syndrome Awareness Month,"안보/군사, 경제/세금, 보건",2025-10-10,[조치] Presidential Message on National Breast Cancer Awareness Month,policy,White House Presidential Actions,https://www.whitehouse.gov/presidential-actions/2025/10/presidential-message-on-national-breast-cancer-awareness-month/,0,0.4,Y,Y,
20251010_br0156,2025-10-10,Presidential Message on Down Syndrome Awareness Month,"안보/군사, 경제/세금, 보건",2026-02-06,[조치] Protecting the National Security and Welfare of the United States and its Citizens from Criminal Actors and Other Public Safety Threats,policy,White House Presidential Actions,https://www.whitehouse.gov/presidential-actions/2026/02/protecting-the-national-security-and-welfare-of-the-united-states-and-its-citizens-from-criminal-actors-and-other-public-safety-threats/,119,0.3,N,,
20251010_br0156,2025-10-10,Presidential Message on Down Syndrome Awareness Month,"안보/군사, 경제/세금, 보건",2025-12-02,[조치] America 250: Presidential Message on the Anniversary of the Monroe Doctrine,policy,White House Presidential Actions,https://www.whitehouse.gov/presidential-actions/2025/12/america-250-presidential-message-on-the-anniversary-of-the-monroe-doctrine/,53,0.3,N,,
20251010_br0157,2025-10-10,Presidential Message on National Domestic Violence Awareness Month,"이민/국경, 안보/군사, 경제/세금, 사법/법무, 선거/정치, 미디어",2026-03-06,"[조치] Combating Cybercrime, Fraud, and Predatory Schemes Against American Citizens",policy,White House Presidential Actions,https://www.whitehouse.gov/presidential-actions/2026/03/combating-cybercrime-fraud-and-predatory-schemes-against-american-citizens/,147,0.6,N,,
20251010_br0157,2025-10-10,Presidential Message on National Domestic Violence Awareness Month,"이민/국경, 안보/군사, 경제/세금, 사법/법무, 선거/정치, 미디어",2026-02-18,[조치] Promoting the National Defense by Ensuring an Adequate Supply of Elemental Phosphorus and Glyphosate-Based Herbicides,policy,White House Presidential Actions,https://www.whitehouse.gov/presidential-actions/2026/02/promoting-the-national-defense-by-ensuring-an-adequate-supply-of-elemental-phosphorus-and-glyphosate-based-herbicides/,131,0.5,N,,
20251010_br0157,2025-10-10,Presidential Message on National Domestic Violence Awareness Month,"이민/국경, 안보/군사, 경제/세금, 사법/법무, 선거/정치, 미디어",2025-10-10,[조치] Presidential Message on National Breast Cancer Awareness Month,policy,White House Presidential Actions,https://www.whitehouse.gov/presidential-actions/2025/10/presidential-message-on-national-breast-cancer-awareness-month/,0,0.5,Y,Y,
20251010_br0157,2025-10-10,Presidential Message on National Domestic Violence Awareness Month,"이민/국경, 안보/군사, 경제/세금, 사법/법무, 선거/정치, 미디어",2026-03-31,[조치] Ensuring Citizenship Verification and Integrity in Federal Elections,policy,White House Presidential Actions,https://www.whitehouse.gov/presidential-actions/2026/03/ensuring-citizenship-verification-and-integrity-in-federal-elections/,172,0.4,N,,
20251010_br0157,2025-10-10,Presidential Message on National Domestic Violence Awareness Month,"이민/국경, 안보/군사, 경제/세금, 사법/법무, 선거/정치, 미디어",2026-03-13,[조치] Adjusting Certain Delegations Under the Defense Production Act,policy,White House Presidential Actions,https://www.whitehouse.gov/presidential-actions/2026/03/adjusting-certain-delegations-under-the-defense-production-act/,154,0.4,N,,
20251006_br0158,2025-10-06,Presidential Message on Child Health Day,"사법/법무, 선거/정치, 보건",2026-03-06,"[조치] Combating Cybercrime, Fraud, and Predatory Schemes Against American Citizens",policy,White House Presidential Actions,https://www.whitehouse.gov/presidential-actions/2026/03/combating-cybercrime-fraud-and-predatory-schemes-against-american-citizens/,151,0.6,N,,
20251006_br0158,2025-10-06,Presidential Message on Child Health Day,"사법/법무, 선거/정치, 보건",2025-12-02,[조치] America 250: Presidential Message on the Anniversary of the Monroe Doctrine,policy,White House Presidential Actions,https://www.whitehouse.gov/presidential-actions/2025/12/america-250-presidential-message-on-the-anniversary-of-the-monroe-doctrine/,57,0.3,N,,
20251006_br0158,2025-10-06,Presidential Message on Child Health Day,"사법/법무, 선거/정치, 보건",2025-11-30,[조치] America 250: Presidential Message on Mark Twain’s 190th Birthday,policy,White House Presidential Actions,https://www.whitehouse.gov/presidential-actions/2025/11/america-250-presidential-message-on-mark-twains-190th-birthday/,55,0.3,N,,
20251006_br0158,2025-10-06,Presidential Message on Child Health Day,"사법/법무, 선거/정치, 보건",2026-03-31,[조치] Ensuring Citizenship Verification and Integrity in Federal Elections,policy,White House Presidential Actions,https://www.whitehouse.gov/presidential-actions/2026/03/ensuring-citizenship-verification-and-integrity-in-federal-elections/,176,0.3,N,,
20251006_br0158,2025-10-06,Presidential Message on Child Health Day,"사법/법무, 선거/정치, 보건",2025-12-06,"[조치] Aligning United States Core Childhood Vaccine Recommendations with Best Practices from Peer, Developed Countries",policy,White House Presidential Actions,https://www.whitehouse.gov/presidential-actions/2025/12/aligning-united-states-core-childhood-vaccine-recommendations-with-best-practices-from-peer-developed-countries/,61,0.3,N,,
20251006_br0159,2025-10-06,"Presidential Message on German-American Day, 2025","외교/동맹, 안보/군사, 경제/세금",2026-02-11,[조치] Strengthening United States National Defense with America’s Beautiful Clean Coal Power Generation Fleet,policy,White House Presidential Actions,https://www.whitehouse.gov/presidential-actions/2026/02/strengthening-united-states-national-defense-with-americas-beautiful-clean-coal-power-generation-fleet/,128,0.7,N,,
20251006_br0159,2025-10-06,"Presidential Message on German-American Day, 2025","외교/동맹, 안보/군사, 경제/세금",2026-02-18,[조치] Promoting the National Defense by Ensuring an Adequate Supply of Elemental Phosphorus and Glyphosate-Based Herbicides,policy,White House Presidential Actions,https://www.whitehouse.gov/presidential-actions/2026/02/promoting-the-national-defense-by-ensuring-an-adequate-supply-of-elemental-phosphorus-and-glyphosate-based-herbicides/,135,0.6,N,,
20251006_br0159,2025-10-06,"Presidential Message on German-American Day, 2025","외교/동맹, 안보/군사, 경제/세금",2026-03-13,[조치] Adjusting Certain Delegations Under the Defense Production Act,policy,White House Presidential Actions,https://www.whitehouse.gov/presidential-actions/2026/03/adjusting-certain-delegations-under-the-defense-production-act/,158,0.5,N,,
20251006_br0159,2025-10-06,"Presidential Message on German-American Day, 2025","외교/동맹, 안보/군사, 경제/세금",2026-02-06,[조치] Protecting the National Security and Welfare of the United States and its Citizens from Criminal Actors and Other Public Safety Threats,policy,White House Presidential Actions,https://www.whitehouse.gov/presidential-actions/2026/02/protecting-the-national-security-and-welfare-of-the-united-states-and-its-citizens-from-criminal-actors-and-other-public-safety-threats/,123,0.5,N,,
20251006_br0159,2025-10-06,"Presidential Message on German-American Day, 2025","외교/동맹, 안보/군사, 경제/세금",2026-01-07,[조치] Prioritizing the Warfighter in Defense Contracting,policy,White House Presidential Actions,https://www.whitehouse.gov/presidential-actions/2026/01/prioritizing-the-warfighter-in-defense-contracting/,93,0.4,N,,
20251001_br0160,2025-10-01,Presidential Message on Yom Kippur,경제/세금,2026-02-11,[조치] Strengthening United States National Defense with America’s Beautiful Clean Coal Power Generation Fleet,policy,White House Presidential Actions,https://www.whitehouse.gov/presidential-actions/2026/02/strengthening-united-states-national-defense-with-americas-beautiful-clean-coal-power-generation-fleet/,133,0.3,N,,
20251001_br0160,2025-10-01,Presidential Message on Yom Kippur,경제/세금,2026-02-06,[조치] Protecting the National Security and Welfare of the United States and its Citizens from Criminal Actors and Other Public Safety Threats,policy,White House Presidential Actions,https://www.whitehouse.gov/presidential-actions/2026/02/protecting-the-national-security-and-welfare-of-the-united-states-and-its-citizens-from-criminal-actors-and-other-public-safety-threats/,128,0.3,N,,
20251001_br0160,2025-10-01,Presidential Message on Yom Kippur,경제/세금,2026-01-14,"[조치] ADJUSTING IMPORTS OF SEMICONDUCTORS, SEMICONDUCTOR MANUFACTURING EQUIPMENT, AND THEIR DERIVATIVE PRODUCTS INTO THE UNITED STATES",policy,White House Presidential Actions,https://www.whitehouse.gov/presidential-actions/2026/01/adjusting-imports-of-semiconductors-semiconductor-manufacturing-equipment-and-their-derivative-products-into-the-united-states/,105,0.3,N,,
20251001_br0160,2025-10-01,Presidential Message on Yom Kippur,경제/세금,2026-01-14,[조치] Adjusting Imports of Processed Critical Minerals and Their Derivative Products into the United States,policy,White House Presidential Actions,https://www.whitehouse.gov/presidential-actions/2026/01/adjusting-imports-of-processed-critical-minerals-and-their-derivative-products-into-the-united-states/,105,0.3,N,,
20251001_br0160,2025-10-01,Presidential Message on Yom Kippur,경제/세금,2025-12-31,"[조치] Amendments to Adjusting Imports of Timber, Lumber, and their Derivative Products into the United States",policy,White House Presidential Actions,https://www.whitehouse.gov/presidential-actions/2025/12/amendments-to-adjusting-imports-of-timber-lumber-and-their-derivative-products-into-the-united-states/,91,0.3,N,,
20250929_br0161,2025-09-29,Presidential Message on the Feast of Saint Michael the Archangel,안보/군사,2026-02-11,[조치] Strengthening United States National Defense with America’s Beautiful Clean Coal Power Generation Fleet,policy,White House Presidential Actions,https://www.whitehouse.gov/presidential-actions/2026/02/strengthening-united-states-national-defense-with-americas-beautiful-clean-coal-power-generation-fleet/,135,0.7,N,,
20250929_br0161,2025-09-29,Presidential Message on the Feast of Saint Michael the Archangel,안보/군사,2026-03-13,[조치] Adjusting Certain Delegations Under the Defense Production Act,policy,White House Presidential Actions,https://www.whitehouse.gov/presidential-actions/2026/03/adjusting-certain-delegations-under-the-defense-production-act/,165,0.4,N,,
20250929_br0161,2025-09-29,Presidential Message on the Feast of Saint Michael the Archangel,안보/군사,2026-02-18,[조치] Promoting the National Defense by Ensuring an Adequate Supply of Elemental Phosphorus and Glyphosate-Based Herbicides,policy,White House Presidential Actions,https://www.whitehouse.gov/presidential-actions/2026/02/promoting-the-national-defense-by-ensuring-an-adequate-supply-of-elemental-phosphorus-and-glyphosate-based-herbicides/,142,0.4,N,,
20250929_br0161,2025-09-29,Presidential Message on the Feast of Saint Michael the Archangel,안보/군사,2026-01-07,[조치] Prioritizing the Warfighter in Defense Contracting,policy,White House Presidential Actions,https://www.whitehouse.gov/presidential-actions/2026/01/prioritizing-the-warfighter-in-defense-contracting/,100,0.4,N,,
20250927_br0162,2025-09-27,National Hunting and Fishing Day,"안보/군사, 경제/세금",2026-02-18,[조치] Promoting the National Defense by Ensuring an Adequate Supply of Elemental Phosphorus and Glyphosate-Based Herbicides,policy,White House Presidential Actions,https://www.whitehouse.gov/presidential-actions/2026/02/promoting-the-national-defense-by-ensuring-an-adequate-supply-of-elemental-phosphorus-and-glyphosate-based-herbicides/,144,0.6,N,,
20250927_br0162,2025-09-27,National Hunting and Fishing Day,"안보/군사, 경제/세금",2026-02-11,[조치] Strengthening United States National Defense with America’s Beautiful Clean Coal Power Generation Fleet,policy,White House Presidential Actions,https://www.whitehouse.gov/presidential-actions/2026/02/strengthening-united-states-national-defense-with-americas-beautiful-clean-coal-power-generation-fleet/,137,0.6,N,,
20250927_br0162,2025-09-27,National Hunting and Fishing Day,"안보/군사, 경제/세금",2026-01-07,[조치] Prioritizing the Warfighter in Defense Contracting,policy,White House Presidential Actions,https://www.whitehouse.gov/presidential-actions/2026/01/prioritizing-the-warfighter-in-defense-contracting/,102,0.4,N,,
20250927_br0162,2025-09-27,National Hunting and Fishing Day,"안보/군사, 경제/세금",2026-02-06,[조치] Establishing an America First Arms Transfer Strategy,policy,White House Presidential Actions,https://www.whitehouse.gov/presidential-actions/2026/02/establishing-an-america-first-arms-transfer-strategy/,132,0.3,N,,
20250927_br0162,2025-09-27,National Hunting and Fishing Day,"안보/군사, 경제/세금",2026-02-06,[조치] Protecting the National Security and Welfare of the United States and its Citizens from Criminal Actors and Other Public Safety Threats,policy,White House Presidential Actions,https://www.whitehouse.gov/presidential-actions/2026/02/protecting-the-national-security-and-welfare-of-the-united-states-and-its-citizens-from-criminal-actors-and-other-public-safety-threats/,132,0.3,N,,
20250926_br0163,2025-09-26,The Office of Federal Procurement Policy and the Small Business Administration Reinforce Small Business Participation in Federal Contracting.,"무역/관세, 안보/군사, 경제/세금, 에너지, 규제완화",2025-11-04,[조치] Modifying Reciprocal Tariff Rates Consistent with the Economic and Trade Arrangement Between the United States and the People’s Republic of China,policy,White House Presidential Actions,https://www.whitehouse.gov/presidential-actions/2025/11/modifying-reciprocal-tariff-rates-consistent-with-the-economic-and-trade-arrangement-between-the-united-states-and-the-peoples-republic-of-china/,39,0.8,Y,Y,
20250926_br0163,2025-09-26,The Office of Federal Procurement Policy and the Small Business Administration Reinforce Small Business Participation in Federal Contracting.,"무역/관세, 안보/군사, 경제/세금, 에너지, 규제완화",2025-10-17,"[조치] Adjusting Imports Of Medium- And Heavy-Duty Vehicles, Medium- And Heavy-Duty Vehicle Parts, And Buses Into The United States",policy,White House Presidential Actions,https://www.whitehouse.gov/presidential-actions/2025/10/adjusting-imports-of-medium-and-heavy-duty-vehicles-medium-and-heavy-duty-vehicle-parts-and-buses-into-the-united-states/,21,0.6,Y,Y,
20250926_br0163,2025-09-26,The Office of Federal Procurement Policy and the Small Business Administration Reinforce Small Business Participation in Federal Contracting.,"무역/관세, 안보/군사, 경제/세금, 에너지, 규제완화",2026-03-24,[조치] Further Continuance of the Federal Emergency Management Agency Review Council,policy,White House Presidential Actions,https://www.whitehouse.gov/presidential-actions/2026/03/further-continuance-of-the-federal-emergency-management-agency-review-council/,179,0.4,N,,
20250926_br0163,2025-09-26,The Office of Federal Procurement Policy and the Small Business Administration Reinforce Small Business Participation in Federal Contracting.,"무역/관세, 안보/군사, 경제/세금, 에너지, 규제완화",2026-02-21,[조치] Ending Certain Tariff Actions,policy,White House Presidential Actions,https://www.whitehouse.gov/presidential-actions/2026/02/ending-certain-tariff-actions/,148,0.4,N,,
20250926_br0163,2025-09-26,The Office of Federal Procurement Policy and the Small Business Administration Reinforce Small Business Participation in Federal Contracting.,"무역/관세, 안보/군사, 경제/세금, 에너지, 규제완화",2026-02-18,[조치] Promoting the National Defense by Ensuring an Adequate Supply of Elemental Phosphorus and Glyphosate-Based Herbicides,policy,White House Presidential Actions,https://www.whitehouse.gov/presidential-actions/2026/02/promoting-the-national-defense-by-ensuring-an-adequate-supply-of-elemental-phosphorus-and-glyphosate-based-herbicides/,145,0.4,N,,
20250926_br0164,2025-09-26,Presidential Message on the 45th Ryder Cup,"외교/동맹, 안보/군사, 경제/세금, 규제완화",2026-02-11,[조치] Strengthening United States National Defense with America’s Beautiful Clean Coal Power Generation Fleet,policy,White House Presidential Actions,https://www.whitehouse.gov/presidential-actions/2026/02/strengthening-united-states-national-defense-with-americas-beautiful-clean-coal-power-generation-fleet/,138,0.5,N,,
20250926_br0164,2025-09-26,Presidential Message on the 45th Ryder Cup,"외교/동맹, 안보/군사, 경제/세금, 규제완화",2026-02-18,[조치] Promoting the National Defense by Ensuring an Adequate Supply of Elemental Phosphorus and Glyphosate-Based Herbicides,policy,White House Presidential Actions,https://www.whitehouse.gov/presidential-actions/2026/02/promoting-the-national-defense-by-ensuring-an-adequate-supply-of-elemental-phosphorus-and-glyphosate-based-herbicides/,145,0.4,N,,
20250926_br0164,2025-09-26,Presidential Message on the 45th Ryder Cup,"외교/동맹, 안보/군사, 경제/세금, 규제완화",2026-02-06,[조치] Protecting the National Security and Welfare of the United States and its Citizens from Criminal Actors and Other Public Safety Threats,policy,White House Presidential Actions,https://www.whitehouse.gov/presidential-actions/2026/02/protecting-the-national-security-and-welfare-of-the-united-states-and-its-citizens-from-criminal-actors-and-other-public-safety-threats/,133,0.3,N,,
20250926_br0164,2025-09-26,Presidential Message on the 45th Ryder Cup,"외교/동맹, 안보/군사, 경제/세금, 규제완화",2026-02-03,"[조치] National Black History Month, 2026",policy,White House Presidential Actions,https://www.whitehouse.gov/presidential-actions/2026/02/national-black-history-month-2026/,130,0.3,N,,
20250926_br0164,2025-09-26,Presidential Message on the 45th Ryder Cup,"외교/동맹, 안보/군사, 경제/세금, 규제완화",2025-12-02,[조치] America 250: Presidential Message on the Anniversary of the Monroe Doctrine,policy,White House Presidential Actions,https://www.whitehouse.gov/presidential-actions/2025/12/america-250-presidential-message-on-the-anniversary-of-the-monroe-doctrine/,67,0.3,N,,
20250923_br0165,2025-09-23,First Lady Melania Trump Launches a Global Coalition for Children Fostering the Future Together,"에너지, 선거/정치",2025-11-13,[조치] Fostering the Future for American Children and Families,policy,White House Presidential Actions,https://www.whitehouse.gov/presidential-actions/2025/11/fostering-the-future-for-american-children-and-families/,51,0.3,N,,
20250923_br0165,2025-09-23,First Lady Melania Trump Launches a Global Coalition for Children Fostering the Future Together,"에너지, 선거/정치",2026-01-10,[조치] Safeguarding Venezuelan Oil Revenue for the Good of the American and Venezuelan People,policy,White House Presidential Actions,https://www.whitehouse.gov/presidential-actions/2026/01/safeguarding-venezuelan-oil-revenue-for-the-good-of-the-american-and-venezuelan-people/,109,0.3,N,,
20250923_br0165,2025-09-23,First Lady Melania Trump Launches a Global Coalition for Children Fostering the Future Together,"에너지, 선거/정치",2025-10-17,"[조치] National Energy Dominance Month, 2025",policy,White House Presidential Actions,https://www.whitehouse.gov/presidential-actions/2025/10/national-energy-dominance-month-2025/,24,0.3,N,,
20250923_br0166,2025-09-23,Presidential Message on National Gang Violence Prevention Week,"무역/관세, 이민/국경, 안보/군사, 사법/법무, 미디어, 보건",2026-02-11,[조치] Strengthening United States National Defense with America’s Beautiful Clean Coal Power Generation Fleet,policy,White House Presidential Actions,https://www.whitehouse.gov/presidential-actions/2026/02/strengthening-united-states-national-defense-with-americas-beautiful-clean-coal-power-generation-fleet/,141,0.6,N,,
20250923_br0166,2025-09-23,Presidential Message on National Gang Violence Prevention Week,"무역/관세, 이민/국경, 안보/군사, 사법/법무, 미디어, 보건",2025-11-04,[조치] Modifying Reciprocal Tariff Rates Consistent with the Economic and Trade Arrangement Between the United States and the People’s Republic of China,policy,White House Presidential Actions,https://www.whitehouse.gov/presidential-actions/2025/11/modifying-reciprocal-tariff-rates-consistent-with-the-economic-and-trade-arrangement-between-the-united-states-and-the-peoples-republic-of-china/,42,0.6,Y,Y,
20250923_br0166,2025-09-23,Presidential Message on National Gang Violence Prevention Week,"무역/관세, 이민/국경, 안보/군사, 사법/법무, 미디어, 보건",2025-10-17,"[조치] Adjusting Imports Of Medium- And Heavy-Duty Vehicles, Medium- And Heavy-Duty Vehicle Parts, And Buses Into The United States",policy,White House Presidential Actions,https://www.whitehouse.gov/presidential-actions/2025/10/adjusting-imports-of-medium-and-heavy-duty-vehicles-medium-and-heavy-duty-vehicle-parts-and-buses-into-the-united-states/,24,0.6,Y,Y,
20250923_br0166,2025-09-23,Presidential Message on National Gang Violence Prevention Week,"무역/관세, 이민/국경, 안보/군사, 사법/법무, 미디어, 보건",2025-09-25,[조치] Enforcing the Death Penalty Laws in the District of Columbia to Deter and Punish the Most Heinous Crimes,policy,White House Presidential Actions,https://www.whitehouse.gov/presidential-actions/2025/09/enforcing-the-death-penalty-laws-in-the-district-of-columbia-to-deter-and-punish-the-most-heinous-crimes/,2,0.6,Y,Y,
20250923_br0166,2025-09-23,Presidential Message on National Gang Violence Prevention Week,"무역/관세, 이민/국경, 안보/군사, 사법/법무, 미디어, 보건",2026-02-18,[조치] Promoting the National Defense by Ensuring an Adequate Supply of Elemental Phosphorus and Glyphosate-Based Herbicides,policy,White House Presidential Actions,https://www.whitehouse.gov/presidential-actions/2026/02/promoting-the-national-defense-by-ensuring-an-adequate-supply-of-elemental-phosphorus-and-glyphosate-based-herbicides/,148,0.5,N,,
20250922_br0167,2025-09-22,"National Historically Black Colleges and Universities Week, 2025","경제/세금, 규제완화, 사법/법무, 선거/정치",2025-09-25,[조치] Enforcing the Death Penalty Laws in the District of Columbia to Deter and Punish the Most Heinous Crimes,policy,White House Presidential Actions,https://www.whitehouse.gov/presidential-actions/2025/09/enforcing-the-death-penalty-laws-in-the-district-of-columbia-to-deter-and-punish-the-most-heinous-crimes/,3,0.6,Y,Y,
20250922_br0167,2025-09-22,"National Historically Black Colleges and Universities Week, 2025","경제/세금, 규제완화, 사법/법무, 선거/정치",2026-03-06,"[조치] Combating Cybercrime, Fraud, and Predatory Schemes Against American Citizens",policy,White House Presidential Actions,https://www.whitehouse.gov/presidential-actions/2026/03/combating-cybercrime-fraud-and-predatory-schemes-against-american-citizens/,165,0.4,N,,
20250922_br0167,2025-09-22,"National Historically Black Colleges and Universities Week, 2025","경제/세금, 규제완화, 사법/법무, 선거/정치",2026-01-29,[조치] Addressing Addiction through the Great American Recovery Initiative,policy,White House Presidential Actions,https://www.whitehouse.gov/presidential-actions/2026/01/addressing-addiction-through-the-great-american-recovery-initiative/,129,0.4,N,,
20250922_br0167,2025-09-22,"National Historically Black Colleges and Universities Week, 2025","경제/세금, 규제완화, 사법/법무, 선거/정치",2026-02-11,[조치] Strengthening United States National Defense with America’s Beautiful Clean Coal Power Generation Fleet,policy,White House Presidential Actions,https://www.whitehouse.gov/presidential-actions/2026/02/strengthening-united-states-national-defense-with-americas-beautiful-clean-coal-power-generation-fleet/,142,0.3,N,,
20250922_br0167,2025-09-22,"National Historically Black Colleges and Universities Week, 2025","경제/세금, 규제완화, 사법/법무, 선거/정치",2026-02-06,[조치] Protecting the National Security and Welfare of the United States and its Citizens from Criminal Actors and Other Public Safety Threats,policy,White House Presidential Actions,https://www.whitehouse.gov/presidential-actions/2026/02/protecting-the-national-security-and-welfare-of-the-united-states-and-its-citizens-from-criminal-actors-and-other-public-safety-threats/,137,0.3,N,,
20250922_br0168,2025-09-22,Presidential Message on Rosh Hashanah,"안보/군사, 경제/세금",2026-03-13,[조치] Adjusting Certain Delegations Under the Defense Production Act,policy,White House Presidential Actions,https://www.whitehouse.gov/presidential-actions/2026/03/adjusting-certain-delegations-under-the-defense-production-act/,172,0.3,N,,
20250922_br0168,2025-09-22,Presidential Message on Rosh Hashanah,"안보/군사, 경제/세금",2026-02-18,[조치] Promoting the National Defense by Ensuring an Adequate Supply of Elemental Phosphorus and Glyphosate-Based Herbicides,policy,White House Presidential Actions,https://www.whitehouse.gov/presidential-actions/2026/02/promoting-the-national-defense-by-ensuring-an-adequate-supply-of-elemental-phosphorus-and-glyphosate-based-herbicides/,149,0.3,N,,
20250922_br0168,2025-09-22,Presidential Message on Rosh Hashanah,"안보/군사, 경제/세금",2026-02-11,[조치] Strengthening United States National Defense with America’s Beautiful Clean Coal Power Generation Fleet,policy,White House Presidential Actions,https://www.whitehouse.gov/presidential-actions/2026/02/strengthening-united-states-national-defense-with-americas-beautiful-clean-coal-power-generation-fleet/,142,0.3,N,,
20250922_br0168,2025-09-22,Presidential Message on Rosh Hashanah,"안보/군사, 경제/세금",2026-01-07,[조치] Prioritizing the Warfighter in Defense Contracting,policy,White House Presidential Actions,https://www.whitehouse.gov/presidential-actions/2026/01/prioritizing-the-warfighter-in-defense-contracting/,107,0.3,N,,
20250922_br0169,2025-09-22,Presidential Message on National Farm Safety and Health Week,"규제완화, 보건",2025-12-06,"[조치] Aligning United States Core Childhood Vaccine Recommendations with Best Practices from Peer, Developed Countries",policy,White House Presidential Actions,https://www.whitehouse.gov/presidential-actions/2025/12/aligning-united-states-core-childhood-vaccine-recommendations-with-best-practices-from-peer-developed-countries/,75,0.4,N,,
20250922_br0169,2025-09-22,Presidential Message on National Farm Safety and Health Week,"규제완화, 보건",2026-02-06,[조치] Protecting the National Security and Welfare of the United States and its Citizens from Criminal Actors and Other Public Safety Threats,policy,White House Presidential Actions,https://www.whitehouse.gov/presidential-actions/2026/02/protecting-the-national-security-and-welfare-of-the-united-states-and-its-citizens-from-criminal-actors-and-other-public-safety-threats/,137,0.3,N,,
20250922_br0169,2025-09-22,Presidential Message on National Farm Safety and Health Week,"규제완화, 보건",2025-10-10,[조치] Presidential Message on National Breast Cancer Awareness Month,policy,White House Presidential Actions,https://www.whitehouse.gov/presidential-actions/2025/10/presidential-message-on-national-breast-cancer-awareness-month/,18,0.3,N,,
20250918_br0170,2025-09-18,"First Lady Melania Trump Concludes Second Day of U.K. State Visit with Focus on Children, Families, and Community","안보/군사, 규제완화, 사법/법무, 선거/정치, 미디어",2025-09-25,[조치] Enforcing the Death Penalty Laws in the District of Columbia to Deter and Punish the Most Heinous Crimes,policy,White House Presidential Actions,https://www.whitehouse.gov/presidential-actions/2025/09/enforcing-the-death-penalty-laws-in-the-district-of-columbia-to-deter-and-punish-the-most-heinous-crimes/,7,0.6,Y,Y,
20250918_br0170,2025-09-18,"First Lady Melania Trump Concludes Second Day of U.K. State Visit with Focus on Children, Families, and Community","안보/군사, 규제완화, 사법/법무, 선거/정치, 미디어",2026-02-11,[조치] Strengthening United States National Defense with America’s Beautiful Clean Coal Power Generation Fleet,policy,White House Presidential Actions,https://www.whitehouse.gov/presidential-actions/2026/02/strengthening-united-states-national-defense-with-americas-beautiful-clean-coal-power-generation-fleet/,146,0.4,N,,
20250918_br0170,2025-09-18,"First Lady Melania Trump Concludes Second Day of U.K. State Visit with Focus on Children, Families, and Community","안보/군사, 규제완화, 사법/법무, 선거/정치, 미디어",2026-03-13,[조치] Adjusting Certain Delegations Under the Defense Production Act,policy,White House Presidential Actions,https://www.whitehouse.gov/presidential-actions/2026/03/adjusting-certain-delegations-under-the-defense-production-act/,176,0.3,N,,
20250918_br0170,2025-09-18,"First Lady Melania Trump Concludes Second Day of U.K. State Visit with Focus on Children, Families, and Community","안보/군사, 규제완화, 사법/법무, 선거/정치, 미디어",2026-03-06,"[조치] Combating Cybercrime, Fraud, and Predatory Schemes Against American Citizens",policy,White House Presidential Actions,https://www.whitehouse.gov/presidential-actions/2026/03/combating-cybercrime-fraud-and-predatory-schemes-against-american-citizens/,169,0.3,N,,
20250918_br0170,2025-09-18,"First Lady Melania Trump Concludes Second Day of U.K. State Visit with Focus on Children, Families, and Community","안보/군사, 규제완화, 사법/법무, 선거/정치, 미디어",2026-02-18,[조치] Promoting the National Defense by Ensuring an Adequate Supply of Elemental Phosphorus and Glyphosate-Based Herbicides,policy,White House Presidential Actions,https://www.whitehouse.gov/presidential-actions/2026/02/promoting-the-national-defense-by-ensuring-an-adequate-supply-of-elemental-phosphorus-and-glyphosate-based-herbicides/,153,0.3,N,,
20250918_br0171,2025-09-18,Presidential Message on the 78th Birthday of the United States Air Force,"안보/군사, 경제/세금, 규제완화",2026-02-11,[조치] Strengthening United States National Defense with America’s Beautiful Clean Coal Power Generation Fleet,policy,White House Presidential Actions,https://www.whitehouse.gov/presidential-actions/2026/02/strengthening-united-states-national-defense-with-americas-beautiful-clean-coal-power-generation-fleet/,146,0.6,N,,
20250918_br0171,2025-09-18,Presidential Message on the 78th Birthday of the United States Air Force,"안보/군사, 경제/세금, 규제완화",2025-11-30,[조치] America 250: Presidential Message on Mark Twain’s 190th Birthday,policy,White House Presidential Actions,https://www.whitehouse.gov/presidential-actions/2025/11/america-250-presidential-message-on-mark-twains-190th-birthday/,73,0.4,N,,
20250918_br0171,2025-09-18,Presidential Message on the 78th Birthday of the United States Air Force,"안보/군사, 경제/세금, 규제완화",2026-01-14,"[조치] ADJUSTING IMPORTS OF SEMICONDUCTORS, SEMICONDUCTOR MANUFACTURING EQUIPMENT, AND THEIR DERIVATIVE PRODUCTS INTO THE UNITED STATES",policy,White House Presidential Actions,https://www.whitehouse.gov/presidential-actions/2026/01/adjusting-imports-of-semiconductors-semiconductor-manufacturing-equipment-and-their-derivative-products-into-the-united-states/,118,0.3,N,,
20250918_br0171,2025-09-18,Presidential Message on the 78th Birthday of the United States Air Force,"안보/군사, 경제/세금, 규제완화",2026-01-14,[조치] Adjusting Imports of Processed Critical Minerals and Their Derivative Products into the United States,policy,White House Presidential Actions,https://www.whitehouse.gov/presidential-actions/2026/01/adjusting-imports-of-processed-critical-minerals-and-their-derivative-products-into-the-united-states/,118,0.3,N,,
20250918_br0171,2025-09-18,Presidential Message on the 78th Birthday of the United States Air Force,"안보/군사, 경제/세금, 규제완화",2025-12-31,"[조치] Amendments to Adjusting Imports of Timber, Lumber, and their Derivative Products into the United States",policy,White House Presidential Actions,https://www.whitehouse.gov/presidential-actions/2025/12/amendments-to-adjusting-imports-of-timber-lumber-and-their-derivative-products-into-the-united-states/,104,0.3,N,,
20250910_br0172,2025-09-10,White House OMB Board Proposes Elimination of Dozens of Unnecessary and Redundant Accounting Requirements on Federal Contractors,"무역/관세, 안보/군사, 경제/세금, 에너지, 규제완화, 선거/정치, 보건",2025-11-04,[조치] Modifying Reciprocal Tariff Rates Consistent with the Economic and Trade Arrangement Between the United States and the People’s Republic of China,policy,White House Presidential Actions,https://www.whitehouse.gov/presidential-actions/2025/11/modifying-reciprocal-tariff-rates-consistent-with-the-economic-and-trade-arrangement-between-the-united-states-and-the-peoples-republic-of-china/,55,0.7,Y,Y,
20250910_br0172,2025-09-10,White House OMB Board Proposes Elimination of Dozens of Unnecessary and Redundant Accounting Requirements on Federal Contractors,"무역/관세, 안보/군사, 경제/세금, 에너지, 규제완화, 선거/정치, 보건",2025-10-17,"[조치] Adjusting Imports Of Medium- And Heavy-Duty Vehicles, Medium- And Heavy-Duty Vehicle Parts, And Buses Into The United States",policy,White House Presidential Actions,https://www.whitehouse.gov/presidential-actions/2025/10/adjusting-imports-of-medium-and-heavy-duty-vehicles-medium-and-heavy-duty-vehicle-parts-and-buses-into-the-united-states/,37,0.6,Y,Y,
20250910_br0172,2025-09-10,White House OMB Board Proposes Elimination of Dozens of Unnecessary and Redundant Accounting Requirements on Federal Contractors,"무역/관세, 안보/군사, 경제/세금, 에너지, 규제완화, 선거/정치, 보건",2026-02-18,[조치] Promoting the National Defense by Ensuring an Adequate Supply of Elemental Phosphorus and Glyphosate-Based Herbicides,policy,White House Presidential Actions,https://www.whitehouse.gov/presidential-actions/2026/02/promoting-the-national-defense-by-ensuring-an-adequate-supply-of-elemental-phosphorus-and-glyphosate-based-herbicides/,161,0.5,N,,
20250910_br0172,2025-09-10,White House OMB Board Proposes Elimination of Dozens of Unnecessary and Redundant Accounting Requirements on Federal Contractors,"무역/관세, 안보/군사, 경제/세금, 에너지, 규제완화, 선거/정치, 보건",2026-02-11,[조치] Strengthening United States National Defense with America’s Beautiful Clean Coal Power Generation Fleet,policy,White House Presidential Actions,https://www.whitehouse.gov/presidential-actions/2026/02/strengthening-united-states-national-defense-with-americas-beautiful-clean-coal-power-generation-fleet/,154,0.5,N,,
20250910_br0172,2025-09-10,White House OMB Board Proposes Elimination of Dozens of Unnecessary and Redundant Accounting Requirements on Federal Contractors,"무역/관세, 안보/군사, 경제/세금, 에너지, 규제완화, 선거/정치, 보건",2025-10-17,"[조치] National Energy Dominance Month, 2025",policy,White House Presidential Actions,https://www.whitehouse.gov/presidential-actions/2025/10/national-energy-dominance-month-2025/,37,0.5,N,,
20250905_br0173,2025-09-05,Congressional Bill H.R. 1316 Signed into Law,"규제완화, 사법/법무, 선거/정치",2025-09-25,[조치] Enforcing the Death Penalty Laws in the District of Columbia to Deter and Punish the Most Heinous Crimes,policy,White House Presidential Actions,https://www.whitehouse.gov/presidential-actions/2025/09/enforcing-the-death-penalty-laws-in-the-district-of-columbia-to-deter-and-punish-the-most-heinous-crimes/,20,0.6,Y,Y,
20250905_br0173,2025-09-05,Congressional Bill H.R. 1316 Signed into Law,"규제완화, 사법/법무, 선거/정치",2025-09-15,[조치] Restoring Law and Order in Memphis,policy,White House Presidential Actions,https://www.whitehouse.gov/presidential-actions/2025/09/restoring-law-and-order-in-memphis/,10,0.3,N,,
20250905_br0174,2025-09-05,First Lady Melania Trump’s Remarks at the White House Task Force on Artificial Intelligence Education,"무역/관세, 안보/군사, 경제/세금, 에너지, 규제완화, 선거/정치",2025-11-04,[조치] Modifying Reciprocal Tariff Rates Consistent with the Economic and Trade Arrangement Between the United States and the People’s Republic of China,policy,White House Presidential Actions,https://www.whitehouse.gov/presidential-actions/2025/11/modifying-reciprocal-tariff-rates-consistent-with-the-economic-and-trade-arrangement-between-the-united-states-and-the-peoples-republic-of-china/,60,0.9,Y,Y,
20250905_br0174,2025-09-05,First Lady Melania Trump’s Remarks at the White House Task Force on Artificial Intelligence Education,"무역/관세, 안보/군사, 경제/세금, 에너지, 규제완화, 선거/정치",2025-10-17,"[조치] Adjusting Imports Of Medium- And Heavy-Duty Vehicles, Medium- And Heavy-Duty Vehicle Parts, And Buses Into The United States",policy,White House Presidential Actions,https://www.whitehouse.gov/presidential-actions/2025/10/adjusting-imports-of-medium-and-heavy-duty-vehicles-medium-and-heavy-duty-vehicle-parts-and-buses-into-the-united-states/,42,0.8,Y,Y,
20250905_br0174,2025-09-05,First Lady Melania Trump’s Remarks at the White House Task Force on Artificial Intelligence Education,"무역/관세, 안보/군사, 경제/세금, 에너지, 규제완화, 선거/정치",2026-02-11,[조치] Strengthening United States National Defense with America’s Beautiful Clean Coal Power Generation Fleet,policy,White House Presidential Actions,https://www.whitehouse.gov/presidential-actions/2026/02/strengthening-united-states-national-defense-with-americas-beautiful-clean-coal-power-generation-fleet/,159,0.7,N,,
20250905_br0174,2025-09-05,First Lady Melania Trump’s Remarks at the White House Task Force on Artificial Intelligence Education,"무역/관세, 안보/군사, 경제/세금, 에너지, 규제완화, 선거/정치",2025-09-05,[조치] Modifying The Scope of Reciprocal Tariffs and Establishing Procedures for Implementing Trade and Security Agreements,policy,White House Presidential Actions,https://www.whitehouse.gov/presidential-actions/2025/09/modifying-the-scope-of-reciprocal-tariffs-and-establishing-procedures-for-implementing-trade-and-security-agreements/,0,0.6,Y,Y,
20250905_br0174,2025-09-05,First Lady Melania Trump’s Remarks at the White House Task Force on Artificial Intelligence Education,"무역/관세, 안보/군사, 경제/세금, 에너지, 규제완화, 선거/정치",2026-01-14,"[조치] ADJUSTING IMPORTS OF SEMICONDUCTORS, SEMICONDUCTOR MANUFACTURING EQUIPMENT, AND THEIR DERIVATIVE PRODUCTS INTO THE UNITED STATES",policy,White House Presidential Actions,https://www.whitehouse.gov/presidential-actions/2026/01/adjusting-imports-of-semiconductors-semiconductor-manufacturing-equipment-and-their-derivative-products-into-the-united-states/,131,0.5,N,,
20250904_br0175,2025-09-04,First Lady Melania Trump Hosts a Meeting of the White House Task Force on Artificial Intelligence Education,"무역/관세, 경제/세금, 규제완화, 사법/법무, 선거/정치",2025-11-04,[조치] Modifying Reciprocal Tariff Rates Consistent with the Economic and Trade Arrangement Between the United States and the People’s Republic of China,policy,White House Presidential Actions,https://www.whitehouse.gov/presidential-actions/2025/11/modifying-reciprocal-tariff-rates-consistent-with-the-economic-and-trade-arrangement-between-the-united-states-and-the-peoples-republic-of-china/,61,0.8,N,,
20250904_br0175,2025-09-04,First Lady Melania Trump Hosts a Meeting of the White House Task Force on Artificial Intelligence Education,"무역/관세, 경제/세금, 규제완화, 사법/법무, 선거/정치",2025-10-17,"[조치] Adjusting Imports Of Medium- And Heavy-Duty Vehicles, Medium- And Heavy-Duty Vehicle Parts, And Buses Into The United States",policy,White House Presidential Actions,https://www.whitehouse.gov/presidential-actions/2025/10/adjusting-imports-of-medium-and-heavy-duty-vehicles-medium-and-heavy-duty-vehicle-parts-and-buses-into-the-united-states/,43,0.8,Y,Y,
20250904_br0175,2025-09-04,First Lady Melania Trump Hosts a Meeting of the White House Task Force on Artificial Intelligence Education,"무역/관세, 경제/세금, 규제완화, 사법/법무, 선거/정치",2026-01-14,"[조치] ADJUSTING IMPORTS OF SEMICONDUCTORS, SEMICONDUCTOR MANUFACTURING EQUIPMENT, AND THEIR DERIVATIVE PRODUCTS INTO THE UNITED STATES",policy,White House Presidential Actions,https://www.whitehouse.gov/presidential-actions/2026/01/adjusting-imports-of-semiconductors-semiconductor-manufacturing-equipment-and-their-derivative-products-into-the-united-states/,132,0.6,N,,
20250904_br0175,2025-09-04,First Lady Melania Trump Hosts a Meeting of the White House Task Force on Artificial Intelligence Education,"무역/관세, 경제/세금, 규제완화, 사법/법무, 선거/정치",2026-01-14,[조치] Adjusting Imports of Processed Critical Minerals and Their Derivative Products into the United States,policy,White House Presidential Actions,https://www.whitehouse.gov/presidential-actions/2026/01/adjusting-imports-of-processed-critical-minerals-and-their-derivative-products-into-the-united-states/,132,0.6,N,,
20250904_br0175,2025-09-04,First Lady Melania Trump Hosts a Meeting of the White House Task Force on Artificial Intelligence Education,"무역/관세, 경제/세금, 규제완화, 사법/법무, 선거/정치",2025-12-31,"[조치] Amendments to Adjusting Imports of Timber, Lumber, and their Derivative Products into the United States",policy,White House Presidential Actions,https://www.whitehouse.gov/presidential-actions/2025/12/amendments-to-adjusting-imports-of-timber-lumber-and-their-derivative-products-into-the-united-states/,118,0.6,N,,
20250902_br0176,2025-09-02,Presidential Message on National Preparedness Month,"무역/관세, 이민/국경, 안보/군사, 경제/세금, 에너지, 규제완화, 미디어, 보건",2026-02-18,[조치] Promoting the National Defense by Ensuring an Adequate Supply of Elemental Phosphorus and Glyphosate-Based Herbicides,policy,White House Presidential Actions,https://www.whitehouse.gov/presidential-actions/2026/02/promoting-the-national-defense-by-ensuring-an-adequate-supply-of-elemental-phosphorus-and-glyphosate-based-herbicides/,169,0.6,N,,
20250902_br0176,2025-09-02,Presidential Message on National Preparedness Month,"무역/관세, 이민/국경, 안보/군사, 경제/세금, 에너지, 규제완화, 미디어, 보건",2025-11-04,[조치] Modifying Reciprocal Tariff Rates Consistent with the Economic and Trade Arrangement Between the United States and the People’s Republic of China,policy,White House Presidential Actions,https://www.whitehouse.gov/presidential-actions/2025/11/modifying-reciprocal-tariff-rates-consistent-with-the-economic-and-trade-arrangement-between-the-united-states-and-the-peoples-republic-of-china/,63,0.6,N,,
20250902_br0176,2025-09-02,Presidential Message on National Preparedness Month,"무역/관세, 이민/국경, 안보/군사, 경제/세금, 에너지, 규제완화, 미디어, 보건",2025-10-17,"[조치] Adjusting Imports Of Medium- And Heavy-Duty Vehicles, Medium- And Heavy-Duty Vehicle Parts, And Buses Into The United States",policy,White House Presidential Actions,https://www.whitehouse.gov/presidential-actions/2025/10/adjusting-imports-of-medium-and-heavy-duty-vehicles-medium-and-heavy-duty-vehicle-parts-and-buses-into-the-united-states/,45,0.6,Y,Y,
20250902_br0176,2025-09-02,Presidential Message on National Preparedness Month,"무역/관세, 이민/국경, 안보/군사, 경제/세금, 에너지, 규제완화, 미디어, 보건",2025-09-09,[각서] Memorandum for the Secretary of Health and Human Services the Commissioner of Food and Drugs,executive_order,White House Presidential Actions,https://www.whitehouse.gov/presidential-actions/2025/09/memorandum-for-the-secretary-of-health-and-human-services-the-commissioner-of-food-and-drugs/,7,0.6,Y,Y,
20250902_br0176,2025-09-02,Presidential Message on National Preparedness Month,"무역/관세, 이민/국경, 안보/군사, 경제/세금, 에너지, 규제완화, 미디어, 보건",2025-09-05,[조치] Modifying The Scope of Reciprocal Tariffs and Establishing Procedures for Implementing Trade and Security Agreements,policy,White House Presidential Actions,https://www.whitehouse.gov/presidential-actions/2025/09/modifying-the-scope-of-reciprocal-tariffs-and-establishing-procedures-for-implementing-trade-and-security-agreements/,3,0.6,Y,Y,
20250902_br0177,2025-09-02,Presidential Message on National Ovarian Cancer Awareness Month,"안보/군사, 경제/세금, 보건",2025-09-09,[각서] Memorandum for the Secretary of Health and Human Services the Commissioner of Food and Drugs,executive_order,White House Presidential Actions,https://www.whitehouse.gov/presidential-actions/2025/09/memorandum-for-the-secretary-of-health-and-human-services-the-commissioner-of-food-and-drugs/,7,0.7,Y,Y,
20250902_br0177,2025-09-02,Presidential Message on National Ovarian Cancer Awareness Month,"안보/군사, 경제/세금, 보건",2025-10-10,[조치] Presidential Message on National Breast Cancer Awareness Month,policy,White House Presidential Actions,https://www.whitehouse.gov/presidential-actions/2025/10/presidential-message-on-national-breast-cancer-awareness-month/,38,0.6,Y,Y,
20250902_br0177,2025-09-02,Presidential Message on National Ovarian Cancer Awareness Month,"안보/군사, 경제/세금, 보건",2026-02-18,[조치] Promoting the National Defense by Ensuring an Adequate Supply of Elemental Phosphorus and Glyphosate-Based Herbicides,policy,White House Presidential Actions,https://www.whitehouse.gov/presidential-actions/2026/02/promoting-the-national-defense-by-ensuring-an-adequate-supply-of-elemental-phosphorus-and-glyphosate-based-herbicides/,169,0.5,N,,
20250902_br0177,2025-09-02,Presidential Message on National Ovarian Cancer Awareness Month,"안보/군사, 경제/세금, 보건",2026-02-11,[조치] Strengthening United States National Defense with America’s Beautiful Clean Coal Power Generation Fleet,policy,White House Presidential Actions,https://www.whitehouse.gov/presidential-actions/2026/02/strengthening-united-states-national-defense-with-americas-beautiful-clean-coal-power-generation-fleet/,162,0.4,N,,
20250902_br0177,2025-09-02,Presidential Message on National Ovarian Cancer Awareness Month,"안보/군사, 경제/세금, 보건",2025-12-02,[조치] America 250: Presidential Message on the Anniversary of the Monroe Doctrine,policy,White House Presidential Actions,https://www.whitehouse.gov/presidential-actions/2025/12/america-250-presidential-message-on-the-anniversary-of-the-monroe-doctrine/,91,0.3,N,,
20250902_br0178,2025-09-02,Presidential Message on National Prostate Cancer Awareness Month,"안보/군사, 경제/세금, 보건",2025-09-09,[각서] Memorandum for the Secretary of Health and Human Services the Commissioner of Food and Drugs,executive_order,White House Presidential Actions,https://www.whitehouse.gov/presidential-actions/2025/09/memorandum-for-the-secretary-of-health-and-human-services-the-commissioner-of-food-and-drugs/,7,0.7,Y,Y,
20250902_br0178,2025-09-02,Presidential Message on National Prostate Cancer Awareness Month,"안보/군사, 경제/세금, 보건",2025-10-10,[조치] Presidential Message on National Breast Cancer Awareness Month,policy,White House Presidential Actions,https://www.whitehouse.gov/presidential-actions/2025/10/presidential-message-on-national-breast-cancer-awareness-month/,38,0.6,Y,Y,
20250902_br0178,2025-09-02,Presidential Message on National Prostate Cancer Awareness Month,"안보/군사, 경제/세금, 보건",2026-02-11,[조치] Strengthening United States National Defense with America’s Beautiful Clean Coal Power Generation Fleet,policy,White House Presidential Actions,https://www.whitehouse.gov/presidential-actions/2026/02/strengthening-united-states-national-defense-with-americas-beautiful-clean-coal-power-generation-fleet/,162,0.5,N,,
20250902_br0178,2025-09-02,Presidential Message on National Prostate Cancer Awareness Month,"안보/군사, 경제/세금, 보건",2026-02-18,[조치] Promoting the National Defense by Ensuring an Adequate Supply of Elemental Phosphorus and Glyphosate-Based Herbicides,policy,White House Presidential Actions,https://www.whitehouse.gov/presidential-actions/2026/02/promoting-the-national-defense-by-ensuring-an-adequate-supply-of-elemental-phosphorus-and-glyphosate-based-herbicides/,169,0.4,N,,
20250902_br0178,2025-09-02,Presidential Message on National Prostate Cancer Awareness Month,"안보/군사, 경제/세금, 보건",2025-11-13,[조치] Fostering the Future for American Children and Families,policy,White House Presidential Actions,https://www.whitehouse.gov/presidential-actions/2025/11/fostering-the-future-for-american-children-and-families/,72,0.3,N,,
20250902_br0179,2025-09-02,Childhood Cancer Awareness Month,"안보/군사, 경제/세금, 보건",2025-09-09,[각서] Memorandum for the Secretary of Health and Human Services the Commissioner of Food and Drugs,executive_order,White House Presidential Actions,https://www.whitehouse.gov/presidential-actions/2025/09/memorandum-for-the-secretary-of-health-and-human-services-the-commissioner-of-food-and-drugs/,7,0.7,Y,Y,
20250902_br0179,2025-09-02,Childhood Cancer Awareness Month,"안보/군사, 경제/세금, 보건",2026-02-18,[조치] Promoting the National Defense by Ensuring an Adequate Supply of Elemental Phosphorus and Glyphosate-Based Herbicides,policy,White House Presidential Actions,https://www.whitehouse.gov/presidential-actions/2026/02/promoting-the-national-defense-by-ensuring-an-adequate-supply-of-elemental-phosphorus-and-glyphosate-based-herbicides/,169,0.4,N,,
20250902_br0179,2025-09-02,Childhood Cancer Awareness Month,"안보/군사, 경제/세금, 보건",2025-12-06,"[조치] Aligning United States Core Childhood Vaccine Recommendations with Best Practices from Peer, Developed Countries",policy,White House Presidential Actions,https://www.whitehouse.gov/presidential-actions/2025/12/aligning-united-states-core-childhood-vaccine-recommendations-with-best-practices-from-peer-developed-countries/,95,0.4,N,,
20250902_br0179,2025-09-02,Childhood Cancer Awareness Month,"안보/군사, 경제/세금, 보건",2026-02-06,[조치] Ensuring Affordable Beef for the American Consumer,policy,White House Presidential Actions,https://www.whitehouse.gov/presidential-actions/2026/02/ensuring-affordable-beef-for-the-american-consumer/,157,0.3,N,,
20250902_br0179,2025-09-02,Childhood Cancer Awareness Month,"안보/군사, 경제/세금, 보건",2026-01-29,[조치] Addressing Addiction through the Great American Recovery Initiative,policy,White House Presidential Actions,https://www.whitehouse.gov/presidential-actions/2026/01/addressing-addiction-through-the-great-american-recovery-initiative/,149,0.3,N,,
20250902_br0180,2025-09-02,Presidential Message on National Alcohol and Drug Addiction Recovery Month,"이민/국경, 안보/군사, 에너지, 사법/법무, 보건",2025-09-09,[각서] Memorandum for the Secretary of Health and Human Services the Commissioner of Food and Drugs,executive_order,White House Presidential Actions,https://www.whitehouse.gov/presidential-actions/2025/09/memorandum-for-the-secretary-of-health-and-human-services-the-commissioner-of-food-and-drugs/,7,0.7,Y,Y,
20250902_br0180,2025-09-02,Presidential Message on National Alcohol and Drug Addiction Recovery Month,"이민/국경, 안보/군사, 에너지, 사법/법무, 보건",2025-09-25,[조치] Enforcing the Death Penalty Laws in the District of Columbia to Deter and Punish the Most Heinous Crimes,policy,White House Presidential Actions,https://www.whitehouse.gov/presidential-actions/2025/09/enforcing-the-death-penalty-laws-in-the-district-of-columbia-to-deter-and-punish-the-most-heinous-crimes/,23,0.6,Y,Y,
20250902_br0180,2025-09-02,Presidential Message on National Alcohol and Drug Addiction Recovery Month,"이민/국경, 안보/군사, 에너지, 사법/법무, 보건",2026-02-11,[조치] Strengthening United States National Defense with America’s Beautiful Clean Coal Power Generation Fleet,policy,White House Presidential Actions,https://www.whitehouse.gov/presidential-actions/2026/02/strengthening-united-states-national-defense-with-americas-beautiful-clean-coal-power-generation-fleet/,162,0.5,N,,
20250902_br0180,2025-09-02,Presidential Message on National Alcohol and Drug Addiction Recovery Month,"이민/국경, 안보/군사, 에너지, 사법/법무, 보건",2025-10-17,"[조치] National Energy Dominance Month, 2025",policy,White House Presidential Actions,https://www.whitehouse.gov/presidential-actions/2025/10/national-energy-dominance-month-2025/,45,0.5,N,,
20250902_br0180,2025-09-02,Presidential Message on National Alcohol and Drug Addiction Recovery Month,"이민/국경, 안보/군사, 에너지, 사법/법무, 보건",2026-02-18,[조치] Promoting the National Defense by Ensuring an Adequate Supply of Elemental Phosphorus and Glyphosate-Based Herbicides,policy,White House Presidential Actions,https://www.whitehouse.gov/presidential-actions/2026/02/promoting-the-national-defense-by-ensuring-an-adequate-supply-of-elemental-phosphorus-and-glyphosate-based-herbicides/,169,0.4,N,,
20250829_br0181,2025-08-29,"Historic Pocket Rescission Package Eliminates Woke, Weaponized, and Wasteful Spending","외교/동맹, 안보/군사, 경제/세금, 에너지, 규제완화, 선거/정치, 미디어",2026-02-11,[조치] Strengthening United States National Defense with America’s Beautiful Clean Coal Power Generation Fleet,policy,White House Presidential Actions,https://www.whitehouse.gov/presidential-actions/2026/02/strengthening-united-states-national-defense-with-americas-beautiful-clean-coal-power-generation-fleet/,166,0.6,N,,
20250829_br0181,2025-08-29,"Historic Pocket Rescission Package Eliminates Woke, Weaponized, and Wasteful Spending","외교/동맹, 안보/군사, 경제/세금, 에너지, 규제완화, 선거/정치, 미디어",2026-02-06,[조치] Modifying Duties to Address Threats to the United States by the Government of the Russian Federation,policy,White House Presidential Actions,https://www.whitehouse.gov/presidential-actions/2026/02/modifying-duties-to-address-threats-to-the-united-states-by-the-government-of-the-russian-federation-04b2/,161,0.4,N,,
20250829_br0181,2025-08-29,"Historic Pocket Rescission Package Eliminates Woke, Weaponized, and Wasteful Spending","외교/동맹, 안보/군사, 경제/세금, 에너지, 규제완화, 선거/정치, 미디어",2026-02-06,[조치] Protecting the National Security and Welfare of the United States and its Citizens from Criminal Actors and Other Public Safety Threats,policy,White House Presidential Actions,https://www.whitehouse.gov/presidential-actions/2026/02/protecting-the-national-security-and-welfare-of-the-united-states-and-its-citizens-from-criminal-actors-and-other-public-safety-threats/,161,0.4,N,,
20250829_br0181,2025-08-29,"Historic Pocket Rescission Package Eliminates Woke, Weaponized, and Wasteful Spending","외교/동맹, 안보/군사, 경제/세금, 에너지, 규제완화, 선거/정치, 미디어",2026-01-10,[조치] Safeguarding Venezuelan Oil Revenue for the Good of the American and Venezuelan People,policy,White House Presidential Actions,https://www.whitehouse.gov/presidential-actions/2026/01/safeguarding-venezuelan-oil-revenue-for-the-good-of-the-american-and-venezuelan-people/,134,0.4,N,,
20250829_br0181,2025-08-29,"Historic Pocket Rescission Package Eliminates Woke, Weaponized, and Wasteful Spending","외교/동맹, 안보/군사, 경제/세금, 에너지, 규제완화, 선거/정치, 미디어",2025-09-18,[각서] Memorandum of Understanding Between the Government of The United States of America and the Government of The United Kingdom of Great Britain and Northern Ireland Regarding the Technology Prosperi,executive_order,White House Presidential Actions,https://www.whitehouse.gov/presidential-actions/2025/09/memorandum-of-understanding-between-the-government-of-the-united-states-of-america-and-the-government-of-the-united-kingdom-of-great-britain-and-northern-ireland-regarding-the-technology-prosperity-de/,20,0.4,N,,
20250826_br0182,2025-08-26,Presidential Message on Women’s Equality Day,"경제/세금, 사법/법무, 선거/정치",2025-09-25,[조치] Enforcing the Death Penalty Laws in the District of Columbia to Deter and Punish the Most Heinous Crimes,policy,White House Presidential Actions,https://www.whitehouse.gov/presidential-actions/2025/09/enforcing-the-death-penalty-laws-in-the-district-of-columbia-to-deter-and-punish-the-most-heinous-crimes/,30,0.6,Y,Y,
20250826_br0182,2025-08-26,Presidential Message on Women’s Equality Day,"경제/세금, 사법/법무, 선거/정치",2026-02-06,[조치] Protecting the National Security and Welfare of the United States and its Citizens from Criminal Actors and Other Public Safety Threats,policy,White House Presidential Actions,https://www.whitehouse.gov/presidential-actions/2026/02/protecting-the-national-security-and-welfare-of-the-united-states-and-its-citizens-from-criminal-actors-and-other-public-safety-threats/,164,0.4,N,,
20250826_br0182,2025-08-26,Presidential Message on Women’s Equality Day,"경제/세금, 사법/법무, 선거/정치",2026-02-11,[조치] Strengthening United States National Defense with America’s Beautiful Clean Coal Power Generation Fleet,policy,White House Presidential Actions,https://www.whitehouse.gov/presidential-actions/2026/02/strengthening-united-states-national-defense-with-americas-beautiful-clean-coal-power-generation-fleet/,169,0.3,N,,
20250826_br0182,2025-08-26,Presidential Message on Women’s Equality Day,"경제/세금, 사법/법무, 선거/정치",2025-11-10,[조치] 250th Anniversary of the Founding of the United States Marine Corps,policy,White House Presidential Actions,https://www.whitehouse.gov/presidential-actions/2025/11/250th-anniversary-of-the-founding-of-the-united-states-marine-corps/,76,0.3,N,,
20250826_br0182,2025-08-26,Presidential Message on Women’s Equality Day,"경제/세금, 사법/법무, 선거/정치",2025-10-11,[조치] 250th Anniversary of the Founding of the United States Navy,policy,White House Presidential Actions,https://www.whitehouse.gov/presidential-actions/2025/10/250th-anniversary-of-the-founding-of-the-united-states-navy/,46,0.3,N,,
20250826_br0183,2025-08-26,First Lady Melania Trump Launches Nationwide Presidential AI Challenge,"무역/관세, 경제/세금, 규제완화",2025-11-04,[조치] Modifying Reciprocal Tariff Rates Consistent with the Economic and Trade Arrangement Between the United States and the People’s Republic of China,policy,White House Presidential Actions,https://www.whitehouse.gov/presidential-actions/2025/11/modifying-reciprocal-tariff-rates-consistent-with-the-economic-and-trade-arrangement-between-the-united-states-and-the-peoples-republic-of-china/,70,0.6,N,,
20250826_br0183,2025-08-26,First Lady Melania Trump Launches Nationwide Presidential AI Challenge,"무역/관세, 경제/세금, 규제완화",2025-10-17,"[조치] Adjusting Imports Of Medium- And Heavy-Duty Vehicles, Medium- And Heavy-Duty Vehicle Parts, And Buses Into The United States",policy,White House Presidential Actions,https://www.whitehouse.gov/presidential-actions/2025/10/adjusting-imports-of-medium-and-heavy-duty-vehicles-medium-and-heavy-duty-vehicle-parts-and-buses-into-the-united-states/,52,0.6,Y,Y,
20250826_br0183,2025-08-26,First Lady Melania Trump Launches Nationwide Presidential AI Challenge,"무역/관세, 경제/세금, 규제완화",2025-09-05,[조치] Modifying The Scope of Reciprocal Tariffs and Establishing Procedures for Implementing Trade and Security Agreements,policy,White House Presidential Actions,https://www.whitehouse.gov/presidential-actions/2025/09/modifying-the-scope-of-reciprocal-tariffs-and-establishing-procedures-for-implementing-trade-and-security-agreements/,10,0.6,Y,Y,
20250826_br0183,2025-08-26,First Lady Melania Trump Launches Nationwide Presidential AI Challenge,"무역/관세, 경제/세금, 규제완화",2026-02-21,[조치] Imposing a Temporary Import Surcharge to Address Fundamental International Payments Problems,policy,White House Presidential Actions,https://www.whitehouse.gov/presidential-actions/2026/02/imposing-a-temporary-import-surcharge-to-address-fundamental-international-payments-problems/,179,0.3,N,,
20250826_br0183,2025-08-26,First Lady Melania Trump Launches Nationwide Presidential AI Challenge,"무역/관세, 경제/세금, 규제완화",2026-02-21,[조치] Continuing the Suspension of Duty-Free De Minimis Treatment for All Countries,policy,White House Presidential Actions,https://www.whitehouse.gov/presidential-actions/2026/02/continuing-the-suspension-of-duty-free-de-minimis-treatment-for-all-countries/,179,0.3,N,,
20250821_br0184,2025-08-21,"Joint Statement on a United States-European Union Framework on an Agreement on Reciprocal, Fair, and Balanced Trade","무역/관세, 외교/동맹, 경제/세금, 에너지, 미디어",2025-11-04,[조치] Modifying Reciprocal Tariff Rates Consistent with the Economic and Trade Arrangement Between the United States and the People’s Republic of China,policy,White House Presidential Actions,https://www.whitehouse.gov/presidential-actions/2025/11/modifying-reciprocal-tariff-rates-consistent-with-the-economic-and-trade-arrangement-between-the-united-states-and-the-peoples-republic-of-china/,75,1.0,N,,
20250821_br0184,2025-08-21,"Joint Statement on a United States-European Union Framework on an Agreement on Reciprocal, Fair, and Balanced Trade","무역/관세, 외교/동맹, 경제/세금, 에너지, 미디어",2025-09-05,[조치] Modifying The Scope of Reciprocal Tariffs and Establishing Procedures for Implementing Trade and Security Agreements,policy,White House Presidential Actions,https://www.whitehouse.gov/presidential-actions/2025/09/modifying-the-scope-of-reciprocal-tariffs-and-establishing-procedures-for-implementing-trade-and-security-agreements/,15,1.0,Y,Y,
20250821_br0184,2025-08-21,"Joint Statement on a United States-European Union Framework on an Agreement on Reciprocal, Fair, and Balanced Trade","무역/관세, 외교/동맹, 경제/세금, 에너지, 미디어",2025-12-30,[조치] To Implement the United States-Israel Agreement on Trade in Agricultural Products and for Other Purposes,policy,White House Presidential Actions,https://www.whitehouse.gov/presidential-actions/2025/12/to-implement-the-united-states-israel-agreement-on-trade-in-agricultural-products-and-for-other-purposes/,131,0.9,N,,
20250821_br0184,2025-08-21,"Joint Statement on a United States-European Union Framework on an Agreement on Reciprocal, Fair, and Balanced Trade","무역/관세, 외교/동맹, 경제/세금, 에너지, 미디어",2025-11-14,[조치] Modifying the Scope of the Reciprocal Tariff with Respect to Certain Agricultural Products,policy,White House Presidential Actions,https://www.whitehouse.gov/presidential-actions/2025/11/modifying-the-scope-of-the-reciprocal-tariff-with-respect-to-certain-agricultural-products/,85,0.9,N,,
20250821_br0184,2025-08-21,"Joint Statement on a United States-European Union Framework on an Agreement on Reciprocal, Fair, and Balanced Trade","무역/관세, 외교/동맹, 경제/세금, 에너지, 미디어",2025-10-17,"[조치] Adjusting Imports Of Medium- And Heavy-Duty Vehicles, Medium- And Heavy-Duty Vehicle Parts, And Buses Into The United States",policy,White House Presidential Actions,https://www.whitehouse.gov/presidential-actions/2025/10/adjusting-imports-of-medium-and-heavy-duty-vehicles-medium-and-heavy-duty-vehicle-parts-and-buses-into-the-united-states/,57,0.9,Y,Y,
20250819_br0185,2025-08-19,Congressional Bill H.R. 1316 Signed into Law,"무역/관세, 사법/법무, 선거/정치",2025-11-04,[조치] Modifying Reciprocal Tariff Rates Consistent with the Economic and Trade Arrangement Between the United States and the People’s Republic of China,policy,White House Presidential Actions,https://www.whitehouse.gov/presidential-actions/2025/11/modifying-reciprocal-tariff-rates-consistent-with-the-economic-and-trade-arrangement-between-the-united-states-and-the-peoples-republic-of-china/,77,0.6,N,,
20250819_br0185,2025-08-19,Congressional Bill H.R. 1316 Signed into Law,"무역/관세, 사법/법무, 선거/정치",2025-10-17,"[조치] Adjusting Imports Of Medium- And Heavy-Duty Vehicles, Medium- And Heavy-Duty Vehicle Parts, And Buses Into The United States",policy,White House Presidential Actions,https://www.whitehouse.gov/presidential-actions/2025/10/adjusting-imports-of-medium-and-heavy-duty-vehicles-medium-and-heavy-duty-vehicle-parts-and-buses-into-the-united-states/,59,0.6,Y,Y,
20250819_br0185,2025-08-19,Congressional Bill H.R. 1316 Signed into Law,"무역/관세, 사법/법무, 선거/정치",2025-09-25,[조치] Enforcing the Death Penalty Laws in the District of Columbia to Deter and Punish the Most Heinous Crimes,policy,White House Presidential Actions,https://www.whitehouse.gov/presidential-actions/2025/09/enforcing-the-death-penalty-laws-in-the-district-of-columbia-to-deter-and-punish-the-most-heinous-crimes/,37,0.6,Y,Y,
20250819_br0185,2025-08-19,Congressional Bill H.R. 1316 Signed into Law,"무역/관세, 사법/법무, 선거/정치",2025-09-05,[조치] Modifying The Scope of Reciprocal Tariffs and Establishing Procedures for Implementing Trade and Security Agreements,policy,White House Presidential Actions,https://www.whitehouse.gov/presidential-actions/2025/09/modifying-the-scope-of-reciprocal-tariffs-and-establishing-procedures-for-implementing-trade-and-security-agreements/,17,0.6,Y,Y,
20250819_br0185,2025-08-19,Congressional Bill H.R. 1316 Signed into Law,"무역/관세, 사법/법무, 선거/정치",2026-01-14,"[조치] ADJUSTING IMPORTS OF SEMICONDUCTORS, SEMICONDUCTOR MANUFACTURING EQUIPMENT, AND THEIR DERIVATIVE PRODUCTS INTO THE UNITED STATES",policy,White House Presidential Actions,https://www.whitehouse.gov/presidential-actions/2026/01/adjusting-imports-of-semiconductors-semiconductor-manufacturing-equipment-and-their-derivative-products-into-the-united-states/,148,0.3,N,,
20250819_br0186,2025-08-19,Presidential Message on National Employer Support of the Guard and Reserve Week,"이민/국경, 안보/군사, 경제/세금, 사법/법무",2025-09-25,[조치] Enforcing the Death Penalty Laws in the District of Columbia to Deter and Punish the Most Heinous Crimes,policy,White House Presidential Actions,https://www.whitehouse.gov/presidential-actions/2025/09/enforcing-the-death-penalty-laws-in-the-district-of-columbia-to-deter-and-punish-the-most-heinous-crimes/,37,0.6,Y,Y,
20250819_br0186,2025-08-19,Presidential Message on National Employer Support of the Guard and Reserve Week,"이민/국경, 안보/군사, 경제/세금, 사법/법무",2026-02-11,[조치] Strengthening United States National Defense with America’s Beautiful Clean Coal Power Generation Fleet,policy,White House Presidential Actions,https://www.whitehouse.gov/presidential-actions/2026/02/strengthening-united-states-national-defense-with-americas-beautiful-clean-coal-power-generation-fleet/,176,0.5,N,,
20250819_br0186,2025-08-19,Presidential Message on National Employer Support of the Guard and Reserve Week,"이민/국경, 안보/군사, 경제/세금, 사법/법무",2025-09-15,[조치] Restoring Law and Order in Memphis,policy,White House Presidential Actions,https://www.whitehouse.gov/presidential-actions/2025/09/restoring-law-and-order-in-memphis/,27,0.5,N,,
20250819_br0186,2025-08-19,Presidential Message on National Employer Support of the Guard and Reserve Week,"이민/국경, 안보/군사, 경제/세금, 사법/법무",2026-01-07,[조치] Prioritizing the Warfighter in Defense Contracting,policy,White House Presidential Actions,https://www.whitehouse.gov/presidential-actions/2026/01/prioritizing-the-warfighter-in-defense-contracting/,141,0.4,N,,
20250819_br0186,2025-08-19,Presidential Message on National Employer Support of the Guard and Reserve Week,"이민/국경, 안보/군사, 경제/세금, 사법/법무",2025-08-25,[조치] Measures To End Cashless Bail And Enforce The Law In The District Of Columbia,policy,White House Presidential Actions,https://www.whitehouse.gov/presidential-actions/2025/08/measures-to-end-cashless-bail-and-enforce-the-law-in-the-district-of-columbia/,6,0.4,Y,Y,
20250815_br0187,2025-08-15,"The Office of Federal Procurement Policy Launches Landmark Update to FAR, Ushering in a New Era for Commercial Buying","안보/군사, 경제/세금, 규제완화, 사법/법무, 선거/정치, 미디어",2025-09-25,[조치] Enforcing the Death Penalty Laws in the District of Columbia to Deter and Punish the Most Heinous Crimes,policy,White House Presidential Actions,https://www.whitehouse.gov/presidential-actions/2025/09/enforcing-the-death-penalty-laws-in-the-district-of-columbia-to-deter-and-punish-the-most-heinous-crimes/,41,0.6,Y,Y,
20250815_br0187,2025-08-15,"The Office of Federal Procurement Policy Launches Landmark Update to FAR, Ushering in a New Era for Commercial Buying","안보/군사, 경제/세금, 규제완화, 사법/법무, 선거/정치, 미디어",2026-01-24,[조치] Continuance of the Federal Emergency Management Agency Review Council,policy,White House Presidential Actions,https://www.whitehouse.gov/presidential-actions/2026/01/continuance-of-the-federal-emergency-management-agency-review-council/,162,0.4,N,,
20250815_br0187,2025-08-15,"The Office of Federal Procurement Policy Launches Landmark Update to FAR, Ushering in a New Era for Commercial Buying","안보/군사, 경제/세금, 규제완화, 사법/법무, 선거/정치, 미디어",2025-12-18,"[조치] Providing for the Closure of Executive Departments and Agencies of the Federal Government on December 24, 2025, and December 26, 2025",policy,White House Presidential Actions,https://www.whitehouse.gov/presidential-actions/2025/12/providing-for-the-closure-of-executive-departments-and-agencies-of-the-federal-government-on-december-24-2025-and-december-26-2025/,125,0.4,N,,
20250815_br0187,2025-08-15,"The Office of Federal Procurement Policy Launches Landmark Update to FAR, Ushering in a New Era for Commercial Buying","안보/군사, 경제/세금, 규제완화, 사법/법무, 선거/정치, 미디어",2025-12-30,[조치] To Implement the United States-Israel Agreement on Trade in Agricultural Products and for Other Purposes,policy,White House Presidential Actions,https://www.whitehouse.gov/presidential-actions/2025/12/to-implement-the-united-states-israel-agreement-on-trade-in-agricultural-products-and-for-other-purposes/,137,0.3,N,,
20250815_br0187,2025-08-15,"The Office of Federal Procurement Policy Launches Landmark Update to FAR, Ushering in a New Era for Commercial Buying","안보/군사, 경제/세금, 규제완화, 사법/법무, 선거/정치, 미디어",2025-12-06,[조치] Addressing Security Risks from Price Fixing and Anti-Competitive Behavior in the Food Supply Chain,policy,White House Presidential Actions,https://www.whitehouse.gov/presidential-actions/2025/12/addressing-security-risks-from-price-fixing-and-anti-competitive-behavior-in-the-food-supply-chain/,113,0.3,N,,
20250814_br0188,2025-08-14,S. 423 and S. 201 Signed into Law,"무역/관세, 경제/세금, 규제완화, 사법/법무",2025-11-04,[조치] Modifying Reciprocal Tariff Rates Consistent with the Economic and Trade Arrangement Between the United States and the People’s Republic of China,policy,White House Presidential Actions,https://www.whitehouse.gov/presidential-actions/2025/11/modifying-reciprocal-tariff-rates-consistent-with-the-economic-and-trade-arrangement-between-the-united-states-and-the-peoples-republic-of-china/,82,0.6,N,,
20250814_br0188,2025-08-14,S. 423 and S. 201 Signed into Law,"무역/관세, 경제/세금, 규제완화, 사법/법무",2025-10-17,"[조치] Adjusting Imports Of Medium- And Heavy-Duty Vehicles, Medium- And Heavy-Duty Vehicle Parts, And Buses Into The United States",policy,White House Presidential Actions,https://www.whitehouse.gov/presidential-actions/2025/10/adjusting-imports-of-medium-and-heavy-duty-vehicles-medium-and-heavy-duty-vehicle-parts-and-buses-into-the-united-states/,64,0.6,N,,
20250814_br0188,2025-08-14,S. 423 and S. 201 Signed into Law,"무역/관세, 경제/세금, 규제완화, 사법/법무",2025-09-25,[조치] Enforcing the Death Penalty Laws in the District of Columbia to Deter and Punish the Most Heinous Crimes,policy,White House Presidential Actions,https://www.whitehouse.gov/presidential-actions/2025/09/enforcing-the-death-penalty-laws-in-the-district-of-columbia-to-deter-and-punish-the-most-heinous-crimes/,42,0.6,Y,Y,
20250814_br0188,2025-08-14,S. 423 and S. 201 Signed into Law,"무역/관세, 경제/세금, 규제완화, 사법/법무",2025-09-05,[조치] Modifying The Scope of Reciprocal Tariffs and Establishing Procedures for Implementing Trade and Security Agreements,policy,White House Presidential Actions,https://www.whitehouse.gov/presidential-actions/2025/09/modifying-the-scope-of-reciprocal-tariffs-and-establishing-procedures-for-implementing-trade-and-security-agreements/,22,0.6,Y,Y,
20250814_br0188,2025-08-14,S. 423 and S. 201 Signed into Law,"무역/관세, 경제/세금, 규제완화, 사법/법무",2026-01-14,[조치] Adjusting Imports of Processed Critical Minerals and Their Derivative Products into the United States,policy,White House Presidential Actions,https://www.whitehouse.gov/presidential-actions/2026/01/adjusting-imports-of-processed-critical-minerals-and-their-derivative-products-into-the-united-states/,153,0.4,N,,
20250814_br0189,2025-08-14,Presidential Message on the 260th Anniversary of the Formation of the Sons of Liberty,"외교/동맹, 안보/군사, 경제/세금, 에너지",2026-01-10,[조치] Safeguarding Venezuelan Oil Revenue for the Good of the American and Venezuelan People,policy,White House Presidential Actions,https://www.whitehouse.gov/presidential-actions/2026/01/safeguarding-venezuelan-oil-revenue-for-the-good-of-the-american-and-venezuelan-people/,149,0.4,N,,
20250814_br0189,2025-08-14,Presidential Message on the 260th Anniversary of the Formation of the Sons of Liberty,"외교/동맹, 안보/군사, 경제/세금, 에너지",2025-12-02,[조치] America 250: Presidential Message on the Anniversary of the Monroe Doctrine,policy,White House Presidential Actions,https://www.whitehouse.gov/presidential-actions/2025/12/america-250-presidential-message-on-the-anniversary-of-the-monroe-doctrine/,110,0.3,N,,
20250814_br0189,2025-08-14,Presidential Message on the 260th Anniversary of the Formation of the Sons of Liberty,"외교/동맹, 안보/군사, 경제/세금, 에너지",2025-09-18,[각서] Memorandum of Understanding Between the Government of The United States of America and the Government of The United Kingdom of Great Britain and Northern Ireland Regarding the Technology Prosperi,executive_order,White House Presidential Actions,https://www.whitehouse.gov/presidential-actions/2025/09/memorandum-of-understanding-between-the-government-of-the-united-states-of-america-and-the-government-of-the-united-kingdom-of-great-britain-and-northern-ireland-regarding-the-technology-prosperity-de/,35,0.3,N,,
20250814_br0189,2025-08-14,Presidential Message on the 260th Anniversary of the Formation of the Sons of Liberty,"외교/동맹, 안보/군사, 경제/세금, 에너지",2026-01-07,[조치] Prioritizing the Warfighter in Defense Contracting,policy,White House Presidential Actions,https://www.whitehouse.gov/presidential-actions/2026/01/prioritizing-the-warfighter-in-defense-contracting/,146,0.3,N,,
20250814_br0189,2025-08-14,Presidential Message on the 260th Anniversary of the Formation of the Sons of Liberty,"외교/동맹, 안보/군사, 경제/세금, 에너지",2025-10-17,"[조치] National Energy Dominance Month, 2025",policy,White House Presidential Actions,https://www.whitehouse.gov/presidential-actions/2025/10/national-energy-dominance-month-2025/,64,0.3,N,,
20250814_br0190,2025-08-14,Presidential Message on the 80th Anniversary of Winning World War II,"무역/관세, 외교/동맹, 안보/군사, 경제/세금, 선거/정치, 미디어",2025-11-04,[조치] Modifying Reciprocal Tariff Rates Consistent with the Economic and Trade Arrangement Between the United States and the People’s Republic of China,policy,White House Presidential Actions,https://www.whitehouse.gov/presidential-actions/2025/11/modifying-reciprocal-tariff-rates-consistent-with-the-economic-and-trade-arrangement-between-the-united-states-and-the-peoples-republic-of-china/,82,0.8,N,,
20250814_br0190,2025-08-14,Presidential Message on the 80th Anniversary of Winning World War II,"무역/관세, 외교/동맹, 안보/군사, 경제/세금, 선거/정치, 미디어",2025-10-17,"[조치] Adjusting Imports Of Medium- And Heavy-Duty Vehicles, Medium- And Heavy-Duty Vehicle Parts, And Buses Into The United States",policy,White House Presidential Actions,https://www.whitehouse.gov/presidential-actions/2025/10/adjusting-imports-of-medium-and-heavy-duty-vehicles-medium-and-heavy-duty-vehicle-parts-and-buses-into-the-united-states/,64,0.8,N,,
20250814_br0190,2025-08-14,Presidential Message on the 80th Anniversary of Winning World War II,"무역/관세, 외교/동맹, 안보/군사, 경제/세금, 선거/정치, 미디어",2026-01-14,"[조치] ADJUSTING IMPORTS OF SEMICONDUCTORS, SEMICONDUCTOR MANUFACTURING EQUIPMENT, AND THEIR DERIVATIVE PRODUCTS INTO THE UNITED STATES",policy,White House Presidential Actions,https://www.whitehouse.gov/presidential-actions/2026/01/adjusting-imports-of-semiconductors-semiconductor-manufacturing-equipment-and-their-derivative-products-into-the-united-states/,153,0.6,N,,
20250814_br0190,2025-08-14,Presidential Message on the 80th Anniversary of Winning World War II,"무역/관세, 외교/동맹, 안보/군사, 경제/세금, 선거/정치, 미디어",2026-01-14,[조치] Adjusting Imports of Processed Critical Minerals and Their Derivative Products into the United States,policy,White House Presidential Actions,https://www.whitehouse.gov/presidential-actions/2026/01/adjusting-imports-of-processed-critical-minerals-and-their-derivative-products-into-the-united-states/,153,0.6,N,,
20250814_br0190,2025-08-14,Presidential Message on the 80th Anniversary of Winning World War II,"무역/관세, 외교/동맹, 안보/군사, 경제/세금, 선거/정치, 미디어",2025-12-31,"[조치] Amendments to Adjusting Imports of Timber, Lumber, and their Derivative Products into the United States",policy,White House Presidential Actions,https://www.whitehouse.gov/presidential-actions/2025/12/amendments-to-adjusting-imports-of-timber-lumber-and-their-derivative-products-into-the-united-states/,139,0.6,N,,
20250812_br0191,2025-08-12,Letter to the Smithsonian: Internal Review of Smithsonian Exhibitions and Materials,"무역/관세, 이민/국경, 경제/세금, 규제완화, 선거/정치, 미디어",2025-11-04,[조치] Modifying Reciprocal Tariff Rates Consistent with the Economic and Trade Arrangement Between the United States and the People’s Republic of China,policy,White House Presidential Actions,https://www.whitehouse.gov/presidential-actions/2025/11/modifying-reciprocal-tariff-rates-consistent-with-the-economic-and-trade-arrangement-between-the-united-states-and-the-peoples-republic-of-china/,84,0.7,N,,
20250812_br0191,2025-08-12,Letter to the Smithsonian: Internal Review of Smithsonian Exhibitions and Materials,"무역/관세, 이민/국경, 경제/세금, 규제완화, 선거/정치, 미디어",2025-10-17,"[조치] Adjusting Imports Of Medium- And Heavy-Duty Vehicles, Medium- And Heavy-Duty Vehicle Parts, And Buses Into The United States",policy,White House Presidential Actions,https://www.whitehouse.gov/presidential-actions/2025/10/adjusting-imports-of-medium-and-heavy-duty-vehicles-medium-and-heavy-duty-vehicle-parts-and-buses-into-the-united-states/,66,0.6,N,,
20250812_br0191,2025-08-12,Letter to the Smithsonian: Internal Review of Smithsonian Exhibitions and Materials,"무역/관세, 이민/국경, 경제/세금, 규제완화, 선거/정치, 미디어",2025-09-05,[조치] Modifying The Scope of Reciprocal Tariffs and Establishing Procedures for Implementing Trade and Security Agreements,policy,White House Presidential Actions,https://www.whitehouse.gov/presidential-actions/2025/09/modifying-the-scope-of-reciprocal-tariffs-and-establishing-procedures-for-implementing-trade-and-security-agreements/,24,0.6,Y,Y,
20250812_br0191,2025-08-12,Letter to the Smithsonian: Internal Review of Smithsonian Exhibitions and Materials,"무역/관세, 이민/국경, 경제/세금, 규제완화, 선거/정치, 미디어",2025-11-14,[조치] Modifying the Scope of the Reciprocal Tariff with Respect to Certain Agricultural Products,policy,White House Presidential Actions,https://www.whitehouse.gov/presidential-actions/2025/11/modifying-the-scope-of-the-reciprocal-tariff-with-respect-to-certain-agricultural-products/,94,0.5,N,,
20250812_br0191,2025-08-12,Letter to the Smithsonian: Internal Review of Smithsonian Exhibitions and Materials,"무역/관세, 이민/국경, 경제/세금, 규제완화, 선거/정치, 미디어",2025-08-12,[조치] Further Modifying Reciprocal Tariff Rates to Reflect Ongoing Discussions with The People’s Republic of China,policy,White House Presidential Actions,https://www.whitehouse.gov/presidential-actions/2025/08/further-modifying-reciprocal-tariff-rates-to-reflect-ongoing-discussions-with-the-peoples-republic-of-china/,0,0.5,Y,Y,
20250812_br0192,2025-08-12,Joint Statement on U.S.-China Economic and Trade Meeting in Stockholm,"무역/관세, 외교/동맹, 경제/세금",2025-11-04,[조치] Modifying Reciprocal Tariff Rates Consistent with the Economic and Trade Arrangement Between the United States and the People’s Republic of China,policy,White House Presidential Actions,https://www.whitehouse.gov/presidential-actions/2025/11/modifying-reciprocal-tariff-rates-consistent-with-the-economic-and-trade-arrangement-between-the-united-states-and-the-peoples-republic-of-china/,84,1.0,N,,
20250812_br0192,2025-08-12,Joint Statement on U.S.-China Economic and Trade Meeting in Stockholm,"무역/관세, 외교/동맹, 경제/세금",2025-10-17,"[조치] Adjusting Imports Of Medium- And Heavy-Duty Vehicles, Medium- And Heavy-Duty Vehicle Parts, And Buses Into The United States",policy,White House Presidential Actions,https://www.whitehouse.gov/presidential-actions/2025/10/adjusting-imports-of-medium-and-heavy-duty-vehicles-medium-and-heavy-duty-vehicle-parts-and-buses-into-the-united-states/,66,0.8,N,,
20250812_br0192,2025-08-12,Joint Statement on U.S.-China Economic and Trade Meeting in Stockholm,"무역/관세, 외교/동맹, 경제/세금",2025-08-12,[조치] Further Modifying Reciprocal Tariff Rates to Reflect Ongoing Discussions with The People’s Republic of China,policy,White House Presidential Actions,https://www.whitehouse.gov/presidential-actions/2025/08/further-modifying-reciprocal-tariff-rates-to-reflect-ongoing-discussions-with-the-peoples-republic-of-china/,0,0.8,Y,Y,
20250812_br0192,2025-08-12,Joint Statement on U.S.-China Economic and Trade Meeting in Stockholm,"무역/관세, 외교/동맹, 경제/세금",2025-09-05,[조치] Modifying The Scope of Reciprocal Tariffs and Establishing Procedures for Implementing Trade and Security Agreements,policy,White House Presidential Actions,https://www.whitehouse.gov/presidential-actions/2025/09/modifying-the-scope-of-reciprocal-tariffs-and-establishing-procedures-for-implementing-trade-and-security-agreements/,24,0.7,Y,Y,
20250812_br0192,2025-08-12,Joint Statement on U.S.-China Economic and Trade Meeting in Stockholm,"무역/관세, 외교/동맹, 경제/세금",2026-01-14,"[조치] ADJUSTING IMPORTS OF SEMICONDUCTORS, SEMICONDUCTOR MANUFACTURING EQUIPMENT, AND THEIR DERIVATIVE PRODUCTS INTO THE UNITED STATES",policy,White House Presidential Actions,https://www.whitehouse.gov/presidential-actions/2026/01/adjusting-imports-of-semiconductors-semiconductor-manufacturing-equipment-and-their-derivative-products-into-the-united-states/,155,0.6,N,,
20250807_br0193,2025-08-07,"National Purple Heart Day, 2025","무역/관세, 안보/군사, 사법/법무",2025-11-04,[조치] Modifying Reciprocal Tariff Rates Consistent with the Economic and Trade Arrangement Between the United States and the People’s Republic of China,policy,White House Presidential Actions,https://www.whitehouse.gov/presidential-actions/2025/11/modifying-reciprocal-tariff-rates-consistent-with-the-economic-and-trade-arrangement-between-the-united-states-and-the-peoples-republic-of-china/,89,0.8,N,,
20250807_br0193,2025-08-07,"National Purple Heart Day, 2025","무역/관세, 안보/군사, 사법/법무",2025-10-17,"[조치] Adjusting Imports Of Medium- And Heavy-Duty Vehicles, Medium- And Heavy-Duty Vehicle Parts, And Buses Into The United States",policy,White House Presidential Actions,https://www.whitehouse.gov/presidential-actions/2025/10/adjusting-imports-of-medium-and-heavy-duty-vehicles-medium-and-heavy-duty-vehicle-parts-and-buses-into-the-united-states/,71,0.8,N,,
20250807_br0193,2025-08-07,"National Purple Heart Day, 2025","무역/관세, 안보/군사, 사법/법무",2026-01-14,"[조치] ADJUSTING IMPORTS OF SEMICONDUCTORS, SEMICONDUCTOR MANUFACTURING EQUIPMENT, AND THEIR DERIVATIVE PRODUCTS INTO THE UNITED STATES",policy,White House Presidential Actions,https://www.whitehouse.gov/presidential-actions/2026/01/adjusting-imports-of-semiconductors-semiconductor-manufacturing-equipment-and-their-derivative-products-into-the-united-states/,160,0.6,N,,
20250807_br0193,2025-08-07,"National Purple Heart Day, 2025","무역/관세, 안보/군사, 사법/법무",2026-01-14,[조치] Adjusting Imports of Processed Critical Minerals and Their Derivative Products into the United States,policy,White House Presidential Actions,https://www.whitehouse.gov/presidential-actions/2026/01/adjusting-imports-of-processed-critical-minerals-and-their-derivative-products-into-the-united-states/,160,0.6,N,,
20250807_br0193,2025-08-07,"National Purple Heart Day, 2025","무역/관세, 안보/군사, 사법/법무",2025-12-31,"[조치] Amendments to Adjusting Imports of Timber, Lumber, and their Derivative Products into the United States",policy,White House Presidential Actions,https://www.whitehouse.gov/presidential-actions/2025/12/amendments-to-adjusting-imports-of-timber-lumber-and-their-derivative-products-into-the-united-states/,146,0.6,N,,
20250805_br0194,2025-08-05,President Trump Announces Presidential Delegation to the Republic of Poland to Attend the Inauguration of President-Elect Karol Nawrocki,"무역/관세, 외교/동맹, 안보/군사, 규제완화, 사법/법무, 선거/정치",2025-11-04,[조치] Modifying Reciprocal Tariff Rates Consistent with the Economic and Trade Arrangement Between the United States and the People’s Republic of China,policy,White House Presidential Actions,https://www.whitehouse.gov/presidential-actions/2025/11/modifying-reciprocal-tariff-rates-consistent-with-the-economic-and-trade-arrangement-between-the-united-states-and-the-peoples-republic-of-china/,91,0.7,N,,
20250805_br0194,2025-08-05,President Trump Announces Presidential Delegation to the Republic of Poland to Attend the Inauguration of President-Elect Karol Nawrocki,"무역/관세, 외교/동맹, 안보/군사, 규제완화, 사법/법무, 선거/정치",2025-10-17,"[조치] Adjusting Imports Of Medium- And Heavy-Duty Vehicles, Medium- And Heavy-Duty Vehicle Parts, And Buses Into The United States",policy,White House Presidential Actions,https://www.whitehouse.gov/presidential-actions/2025/10/adjusting-imports-of-medium-and-heavy-duty-vehicles-medium-and-heavy-duty-vehicle-parts-and-buses-into-the-united-states/,73,0.6,N,,
20250805_br0194,2025-08-05,President Trump Announces Presidential Delegation to the Republic of Poland to Attend the Inauguration of President-Elect Karol Nawrocki,"무역/관세, 외교/동맹, 안보/군사, 규제완화, 사법/법무, 선거/정치",2025-09-25,[조치] Enforcing the Death Penalty Laws in the District of Columbia to Deter and Punish the Most Heinous Crimes,policy,White House Presidential Actions,https://www.whitehouse.gov/presidential-actions/2025/09/enforcing-the-death-penalty-laws-in-the-district-of-columbia-to-deter-and-punish-the-most-heinous-crimes/,51,0.6,Y,Y,
20250805_br0194,2025-08-05,President Trump Announces Presidential Delegation to the Republic of Poland to Attend the Inauguration of President-Elect Karol Nawrocki,"무역/관세, 외교/동맹, 안보/군사, 규제완화, 사법/법무, 선거/정치",2025-09-05,[조치] Modifying The Scope of Reciprocal Tariffs and Establishing Procedures for Implementing Trade and Security Agreements,policy,White House Presidential Actions,https://www.whitehouse.gov/presidential-actions/2025/09/modifying-the-scope-of-reciprocal-tariffs-and-establishing-procedures-for-implementing-trade-and-security-agreements/,31,0.6,Y,Y,
20250805_br0194,2025-08-05,President Trump Announces Presidential Delegation to the Republic of Poland to Attend the Inauguration of President-Elect Karol Nawrocki,"무역/관세, 외교/동맹, 안보/군사, 규제완화, 사법/법무, 선거/정치",2025-08-12,[조치] Further Modifying Reciprocal Tariff Rates to Reflect Ongoing Discussions with The People’s Republic of China,policy,White House Presidential Actions,https://www.whitehouse.gov/presidential-actions/2025/08/further-modifying-reciprocal-tariff-rates-to-reflect-ongoing-discussions-with-the-peoples-republic-of-china/,7,0.4,Y,Y,
20250804_br0196,2025-08-04,Presidential Message on National Shooting Sports Month,안보/군사,2025-10-10,[조치] Presidential Message on National Breast Cancer Awareness Month,policy,White House Presidential Actions,https://www.whitehouse.gov/presidential-actions/2025/10/presidential-message-on-national-breast-cancer-awareness-month/,67,0.4,N,,
20250804_br0196,2025-08-04,Presidential Message on National Shooting Sports Month,안보/군사,2026-01-07,[조치] Prioritizing the Warfighter in Defense Contracting,policy,White House Presidential Actions,https://www.whitehouse.gov/presidential-actions/2026/01/prioritizing-the-warfighter-in-defense-contracting/,156,0.3,N,,
20250804_br0197,2025-08-04,Presidential Message on the 235th Birthday of the United States Coast Guard,"이민/국경, 안보/군사, 경제/세금, 사법/법무, 보건",2025-09-09,[각서] Memorandum for the Secretary of Health and Human Services the Commissioner of Food and Drugs,executive_order,White House Presidential Actions,https://www.whitehouse.gov/presidential-actions/2025/09/memorandum-for-the-secretary-of-health-and-human-services-the-commissioner-of-food-and-drugs/,36,0.7,Y,Y,
20250804_br0197,2025-08-04,Presidential Message on the 235th Birthday of the United States Coast Guard,"이민/국경, 안보/군사, 경제/세금, 사법/법무, 보건",2025-09-25,[조치] Enforcing the Death Penalty Laws in the District of Columbia to Deter and Punish the Most Heinous Crimes,policy,White House Presidential Actions,https://www.whitehouse.gov/presidential-actions/2025/09/enforcing-the-death-penalty-laws-in-the-district-of-columbia-to-deter-and-punish-the-most-heinous-crimes/,52,0.6,Y,Y,
20250804_br0197,2025-08-04,Presidential Message on the 235th Birthday of the United States Coast Guard,"이민/국경, 안보/군사, 경제/세금, 사법/법무, 보건",2025-12-06,"[조치] Aligning United States Core Childhood Vaccine Recommendations with Best Practices from Peer, Developed Countries",policy,White House Presidential Actions,https://www.whitehouse.gov/presidential-actions/2025/12/aligning-united-states-core-childhood-vaccine-recommendations-with-best-practices-from-peer-developed-countries/,124,0.5,N,,
20250804_br0197,2025-08-04,Presidential Message on the 235th Birthday of the United States Coast Guard,"이민/국경, 안보/군사, 경제/세금, 사법/법무, 보건",2025-11-30,[조치] America 250: Presidential Message on Mark Twain’s 190th Birthday,policy,White House Presidential Actions,https://www.whitehouse.gov/presidential-actions/2025/11/america-250-presidential-message-on-mark-twains-190th-birthday/,118,0.4,N,,
20250804_br0197,2025-08-04,Presidential Message on the 235th Birthday of the United States Coast Guard,"이민/국경, 안보/군사, 경제/세금, 사법/법무, 보건",2025-08-21,"[조치] Presidential Permit: Authorizing Cameron County, Texas, to Construct, Maintain, and Operate a Pedestrian Border Crossing at the Gateway International Bridge Land Port of Entry",policy,White House Presidential Actions,https://www.whitehouse.gov/presidential-actions/2025/08/presidential-permit-authorizing-cameron-county-texas-to-construct-maintain-and-operate-a-pedestrian-border-crossing-at-the-gateway-international-bridge-land-port-of-entry/,17,0.4,N,,
20250803_br0198,2025-08-03,U.S. Senate Confirms Sean Cairncross as the National Cyber Director,"경제/세금, 규제완화, 선거/정치",2025-12-16,[조치] Restricting and Limiting the Entry of Foreign Nationals to Protect the Security of the United States,policy,White House Presidential Actions,https://www.whitehouse.gov/presidential-actions/2025/12/restricting-and-limiting-the-entry-of-foreign-nationals-to-protect-the-security-of-the-united-states/,135,0.3,N,,
20250802_br0199,2025-08-02,Presidential Message on 83rd Anniversary of the Battle of Guadalcanal,"외교/동맹, 안보/군사, 경제/세금, 규제완화, 선거/정치",2026-01-07,[조치] Prioritizing the Warfighter in Defense Contracting,policy,White House Presidential Actions,https://www.whitehouse.gov/presidential-actions/2026/01/prioritizing-the-warfighter-in-defense-contracting/,158,0.4,N,,
20250802_br0199,2025-08-02,Presidential Message on 83rd Anniversary of the Battle of Guadalcanal,"외교/동맹, 안보/군사, 경제/세금, 규제완화, 선거/정치",2025-12-16,[조치] Restricting and Limiting the Entry of Foreign Nationals to Protect the Security of the United States,policy,White House Presidential Actions,https://www.whitehouse.gov/presidential-actions/2025/12/restricting-and-limiting-the-entry-of-foreign-nationals-to-protect-the-security-of-the-united-states/,136,0.4,N,,
20250802_br0199,2025-08-02,Presidential Message on 83rd Anniversary of the Battle of Guadalcanal,"외교/동맹, 안보/군사, 경제/세금, 규제완화, 선거/정치",2025-12-02,[조치] America 250: Presidential Message on the Anniversary of the Monroe Doctrine,policy,White House Presidential Actions,https://www.whitehouse.gov/presidential-actions/2025/12/america-250-presidential-message-on-the-anniversary-of-the-monroe-doctrine/,122,0.4,N,,
20250802_br0199,2025-08-02,Presidential Message on 83rd Anniversary of the Battle of Guadalcanal,"외교/동맹, 안보/군사, 경제/세금, 규제완화, 선거/정치",2025-11-10,[조치] 250th Anniversary of the Founding of the United States Marine Corps,policy,White House Presidential Actions,https://www.whitehouse.gov/presidential-actions/2025/11/250th-anniversary-of-the-founding-of-the-united-states-marine-corps/,100,0.4,N,,
20250802_br0199,2025-08-02,Presidential Message on 83rd Anniversary of the Battle of Guadalcanal,"외교/동맹, 안보/군사, 경제/세금, 규제완화, 선거/정치",2026-01-14,"[조치] ADJUSTING IMPORTS OF SEMICONDUCTORS, SEMICONDUCTOR MANUFACTURING EQUIPMENT, AND THEIR DERIVATIVE PRODUCTS INTO THE UNITED STATES",policy,White House Presidential Actions,https://www.whitehouse.gov/presidential-actions/2026/01/adjusting-imports-of-semiconductors-semiconductor-manufacturing-equipment-and-their-derivative-products-into-the-united-states/,165,0.3,N,,
20250731_br0200,2025-07-31,"The White House Announces Restoration of the Presidential Fitness Test and Revitalization of the President’s Council on Sports, Fitness & Nutrition","무역/관세, 안보/군사, 경제/세금, 사법/법무, 선거/정치, 보건",2025-09-09,[각서] Memorandum for the Secretary of Health and Human Services the Commissioner of Food and Drugs,executive_order,White House Presidential Actions,https://www.whitehouse.gov/presidential-actions/2025/09/memorandum-for-the-secretary-of-health-and-human-services-the-commissioner-of-food-and-drugs/,40,1.0,Y,Y,
20250731_br0200,2025-07-31,"The White House Announces Restoration of the Presidential Fitness Test and Revitalization of the President’s Council on Sports, Fitness & Nutrition","무역/관세, 안보/군사, 경제/세금, 사법/법무, 선거/정치, 보건",2025-11-04,[조치] Modifying Reciprocal Tariff Rates Consistent with the Economic and Trade Arrangement Between the United States and the People’s Republic of China,policy,White House Presidential Actions,https://www.whitehouse.gov/presidential-actions/2025/11/modifying-reciprocal-tariff-rates-consistent-with-the-economic-and-trade-arrangement-between-the-united-states-and-the-peoples-republic-of-china/,96,0.8,N,,
20250731_br0200,2025-07-31,"The White House Announces Restoration of the Presidential Fitness Test and Revitalization of the President’s Council on Sports, Fitness & Nutrition","무역/관세, 안보/군사, 경제/세금, 사법/법무, 선거/정치, 보건",2025-10-17,"[조치] Adjusting Imports Of Medium- And Heavy-Duty Vehicles, Medium- And Heavy-Duty Vehicle Parts, And Buses Into The United States",policy,White House Presidential Actions,https://www.whitehouse.gov/presidential-actions/2025/10/adjusting-imports-of-medium-and-heavy-duty-vehicles-medium-and-heavy-duty-vehicle-parts-and-buses-into-the-united-states/,78,0.8,N,,
20250731_br0200,2025-07-31,"The White House Announces Restoration of the Presidential Fitness Test and Revitalization of the President’s Council on Sports, Fitness & Nutrition","무역/관세, 안보/군사, 경제/세금, 사법/법무, 선거/정치, 보건",2026-01-14,"[조치] ADJUSTING IMPORTS OF SEMICONDUCTORS, SEMICONDUCTOR MANUFACTURING EQUIPMENT, AND THEIR DERIVATIVE PRODUCTS INTO THE UNITED STATES",policy,White House Presidential Actions,https://www.whitehouse.gov/presidential-actions/2026/01/adjusting-imports-of-semiconductors-semiconductor-manufacturing-equipment-and-their-derivative-products-into-the-united-states/,167,0.6,N,,
20250731_br0200,2025-07-31,"The White House Announces Restoration of the Presidential Fitness Test and Revitalization of the President’s Council on Sports, Fitness & Nutrition","무역/관세, 안보/군사, 경제/세금, 사법/법무, 선거/정치, 보건",2026-01-14,[조치] Adjusting Imports of Processed Critical Minerals and Their Derivative Products into the United States,policy,White House Presidential Actions,https://www.whitehouse.gov/presidential-actions/2026/01/adjusting-imports-of-processed-critical-minerals-and-their-derivative-products-into-the-united-states/,167,0.6,N,,
20250731_br0201,2025-07-31,The White House Announces White House Ballroom Construction to Begin,"무역/관세, 안보/군사, 경제/세금, 규제완화, 선거/정치, 미디어",2025-11-04,[조치] Modifying Reciprocal Tariff Rates Consistent with the Economic and Trade Arrangement Between the United States and the People’s Republic of China,policy,White House Presidential Actions,https://www.whitehouse.gov/presidential-actions/2025/11/modifying-reciprocal-tariff-rates-consistent-with-the-economic-and-trade-arrangement-between-the-united-states-and-the-peoples-republic-of-china/,96,0.9,N,,
20250731_br0201,2025-07-31,The White House Announces White House Ballroom Construction to Begin,"무역/관세, 안보/군사, 경제/세금, 규제완화, 선거/정치, 미디어",2025-10-17,"[조치] Adjusting Imports Of Medium- And Heavy-Duty Vehicles, Medium- And Heavy-Duty Vehicle Parts, And Buses Into The United States",policy,White House Presidential Actions,https://www.whitehouse.gov/presidential-actions/2025/10/adjusting-imports-of-medium-and-heavy-duty-vehicles-medium-and-heavy-duty-vehicle-parts-and-buses-into-the-united-states/,78,0.8,N,,
20250731_br0201,2025-07-31,The White House Announces White House Ballroom Construction to Begin,"무역/관세, 안보/군사, 경제/세금, 규제완화, 선거/정치, 미디어",2025-09-05,[조치] Modifying The Scope of Reciprocal Tariffs and Establishing Procedures for Implementing Trade and Security Agreements,policy,White House Presidential Actions,https://www.whitehouse.gov/presidential-actions/2025/09/modifying-the-scope-of-reciprocal-tariffs-and-establishing-procedures-for-implementing-trade-and-security-agreements/,36,0.7,Y,Y,
20250731_br0201,2025-07-31,The White House Announces White House Ballroom Construction to Begin,"무역/관세, 안보/군사, 경제/세금, 규제완화, 선거/정치, 미디어",2026-01-14,"[조치] ADJUSTING IMPORTS OF SEMICONDUCTORS, SEMICONDUCTOR MANUFACTURING EQUIPMENT, AND THEIR DERIVATIVE PRODUCTS INTO THE UNITED STATES",policy,White House Presidential Actions,https://www.whitehouse.gov/presidential-actions/2026/01/adjusting-imports-of-semiconductors-semiconductor-manufacturing-equipment-and-their-derivative-products-into-the-united-states/,167,0.6,N,,
20250731_br0201,2025-07-31,The White House Announces White House Ballroom Construction to Begin,"무역/관세, 안보/군사, 경제/세금, 규제완화, 선거/정치, 미디어",2026-01-14,[조치] Adjusting Imports of Processed Critical Minerals and Their Derivative Products into the United States,policy,White House Presidential Actions,https://www.whitehouse.gov/presidential-actions/2026/01/adjusting-imports-of-processed-critical-minerals-and-their-derivative-products-into-the-united-states/,167,0.6,N,,
20250731_br0202,2025-07-31,Presidential Message on the 406th Anniversary of the First Representative Legislative Assembly in America,"무역/관세, 경제/세금, 사법/법무, 선거/정치",2025-11-04,[조치] Modifying Reciprocal Tariff Rates Consistent with the Economic and Trade Arrangement Between the United States and the People’s Republic of China,policy,White House Presidential Actions,https://www.whitehouse.gov/presidential-actions/2025/11/modifying-reciprocal-tariff-rates-consistent-with-the-economic-and-trade-arrangement-between-the-united-states-and-the-peoples-republic-of-china/,96,0.7,N,,
20250731_br0202,2025-07-31,Presidential Message on the 406th Anniversary of the First Representative Legislative Assembly in America,"무역/관세, 경제/세금, 사법/법무, 선거/정치",2025-09-05,[조치] Modifying The Scope of Reciprocal Tariffs and Establishing Procedures for Implementing Trade and Security Agreements,policy,White House Presidential Actions,https://www.whitehouse.gov/presidential-actions/2025/09/modifying-the-scope-of-reciprocal-tariffs-and-establishing-procedures-for-implementing-trade-and-security-agreements/,36,0.7,Y,Y,
20250731_br0202,2025-07-31,Presidential Message on the 406th Anniversary of the First Representative Legislative Assembly in America,"무역/관세, 경제/세금, 사법/법무, 선거/정치",2025-10-17,"[조치] Adjusting Imports Of Medium- And Heavy-Duty Vehicles, Medium- And Heavy-Duty Vehicle Parts, And Buses Into The United States",policy,White House Presidential Actions,https://www.whitehouse.gov/presidential-actions/2025/10/adjusting-imports-of-medium-and-heavy-duty-vehicles-medium-and-heavy-duty-vehicle-parts-and-buses-into-the-united-states/,78,0.6,N,,
20250731_br0202,2025-07-31,Presidential Message on the 406th Anniversary of the First Representative Legislative Assembly in America,"무역/관세, 경제/세금, 사법/법무, 선거/정치",2025-09-25,[조치] Enforcing the Death Penalty Laws in the District of Columbia to Deter and Punish the Most Heinous Crimes,policy,White House Presidential Actions,https://www.whitehouse.gov/presidential-actions/2025/09/enforcing-the-death-penalty-laws-in-the-district-of-columbia-to-deter-and-punish-the-most-heinous-crimes/,56,0.6,Y,Y,
20250731_br0202,2025-07-31,Presidential Message on the 406th Anniversary of the First Representative Legislative Assembly in America,"무역/관세, 경제/세금, 사법/법무, 선거/정치",2026-01-14,"[조치] ADJUSTING IMPORTS OF SEMICONDUCTORS, SEMICONDUCTOR MANUFACTURING EQUIPMENT, AND THEIR DERIVATIVE PRODUCTS INTO THE UNITED STATES",policy,White House Presidential Actions,https://www.whitehouse.gov/presidential-actions/2026/01/adjusting-imports-of-semiconductors-semiconductor-manufacturing-equipment-and-their-derivative-products-into-the-united-states/,167,0.4,N,,
20250730_br0203,2025-07-30,H.R. 1815 Signed into Law,사법/법무,2025-09-25,[조치] Enforcing the Death Penalty Laws in the District of Columbia to Deter and Punish the Most Heinous Crimes,policy,White House Presidential Actions,https://www.whitehouse.gov/presidential-actions/2025/09/enforcing-the-death-penalty-laws-in-the-district-of-columbia-to-deter-and-punish-the-most-heinous-crimes/,57,0.6,Y,Y,
20250730_br0203,2025-07-30,H.R. 1815 Signed into Law,사법/법무,2025-09-15,[조치] Restoring Law and Order in Memphis,policy,White House Presidential Actions,https://www.whitehouse.gov/presidential-actions/2025/09/restoring-law-and-order-in-memphis/,47,0.3,N,,
20250730_br0203,2025-07-30,H.R. 1815 Signed into Law,사법/법무,2025-08-25,[조치] Measures To End Cashless Bail And Enforce The Law In The District Of Columbia,policy,White House Presidential Actions,https://www.whitehouse.gov/presidential-actions/2025/08/measures-to-end-cashless-bail-and-enforce-the-law-in-the-district-of-columbia/,26,0.3,N,,
20250730_br0203,2025-07-30,H.R. 1815 Signed into Law,사법/법무,2025-08-25,[조치] Additional Measures to Address the Crime Emergency in the District of Columbia,policy,White House Presidential Actions,https://www.whitehouse.gov/presidential-actions/2025/08/additional-measures-to-address-the-crime-emergency-in-the-district-of-columbia/,26,0.3,N,,
20250730_br0203,2025-07-30,H.R. 1815 Signed into Law,사법/법무,2025-08-11,[조치] Restoring Law and Order in the District of Columbia,policy,White House Presidential Actions,https://www.whitehouse.gov/presidential-actions/2025/08/restoring-law-and-order-in-the-district-of-columbia/,12,0.3,N,,
20250728_br0204,2025-07-28,Presidential Message on National Korean War Veterans Armistice Day,"외교/동맹, 안보/군사, 규제완화, 선거/정치, 미디어",2025-11-04,[조치] Modifying Reciprocal Tariff Rates Consistent with the Economic and Trade Arrangement Between the United States and the People’s Republic of China,policy,White House Presidential Actions,https://www.whitehouse.gov/presidential-actions/2025/11/modifying-reciprocal-tariff-rates-consistent-with-the-economic-and-trade-arrangement-between-the-united-states-and-the-peoples-republic-of-china/,99,0.4,N,,
20250728_br0204,2025-07-28,Presidential Message on National Korean War Veterans Armistice Day,"외교/동맹, 안보/군사, 규제완화, 선거/정치, 미디어",2026-01-14,"[조치] ADJUSTING IMPORTS OF SEMICONDUCTORS, SEMICONDUCTOR MANUFACTURING EQUIPMENT, AND THEIR DERIVATIVE PRODUCTS INTO THE UNITED STATES",policy,White House Presidential Actions,https://www.whitehouse.gov/presidential-actions/2026/01/adjusting-imports-of-semiconductors-semiconductor-manufacturing-equipment-and-their-derivative-products-into-the-united-states/,170,0.3,N,,
20250728_br0204,2025-07-28,Presidential Message on National Korean War Veterans Armistice Day,"외교/동맹, 안보/군사, 규제완화, 선거/정치, 미디어",2026-01-14,[조치] Adjusting Imports of Processed Critical Minerals and Their Derivative Products into the United States,policy,White House Presidential Actions,https://www.whitehouse.gov/presidential-actions/2026/01/adjusting-imports-of-processed-critical-minerals-and-their-derivative-products-into-the-united-states/,170,0.3,N,,
20250728_br0204,2025-07-28,Presidential Message on National Korean War Veterans Armistice Day,"외교/동맹, 안보/군사, 규제완화, 선거/정치, 미디어",2026-01-10,[조치] Safeguarding Venezuelan Oil Revenue for the Good of the American and Venezuelan People,policy,White House Presidential Actions,https://www.whitehouse.gov/presidential-actions/2026/01/safeguarding-venezuelan-oil-revenue-for-the-good-of-the-american-and-venezuelan-people/,166,0.3,N,,
20250728_br0204,2025-07-28,Presidential Message on National Korean War Veterans Armistice Day,"외교/동맹, 안보/군사, 규제완화, 선거/정치, 미디어",2025-12-31,"[조치] Amendments to Adjusting Imports of Timber, Lumber, and their Derivative Products into the United States",policy,White House Presidential Actions,https://www.whitehouse.gov/presidential-actions/2025/12/amendments-to-adjusting-imports-of-timber-lumber-and-their-derivative-products-into-the-united-states/,156,0.3,N,,
20250724_br0205,2025-07-24,H.R. 4 and H.R. 517 Signed into Law S. 1582,"경제/세금, 사법/법무, 선거/정치",2025-09-25,[조치] Enforcing the Death Penalty Laws in the District of Columbia to Deter and Punish the Most Heinous Crimes,policy,White House Presidential Actions,https://www.whitehouse.gov/presidential-actions/2025/09/enforcing-the-death-penalty-laws-in-the-district-of-columbia-to-deter-and-punish-the-most-heinous-crimes/,63,0.6,N,,
20250724_br0205,2025-07-24,H.R. 4 and H.R. 517 Signed into Law S. 1582,"경제/세금, 사법/법무, 선거/정치",2025-09-15,[조치] Restoring Law and Order in Memphis,policy,White House Presidential Actions,https://www.whitehouse.gov/presidential-actions/2025/09/restoring-law-and-order-in-memphis/,53,0.3,N,,
20250724_br0205,2025-07-24,H.R. 4 and H.R. 517 Signed into Law S. 1582,"경제/세금, 사법/법무, 선거/정치",2025-08-25,[조치] Measures To End Cashless Bail And Enforce The Law In The District Of Columbia,policy,White House Presidential Actions,https://www.whitehouse.gov/presidential-actions/2025/08/measures-to-end-cashless-bail-and-enforce-the-law-in-the-district-of-columbia/,32,0.3,N,,
20250724_br0205,2025-07-24,H.R. 4 and H.R. 517 Signed into Law S. 1582,"경제/세금, 사법/법무, 선거/정치",2025-08-25,[조치] Additional Measures to Address the Crime Emergency in the District of Columbia,policy,White House Presidential Actions,https://www.whitehouse.gov/presidential-actions/2025/08/additional-measures-to-address-the-crime-emergency-in-the-district-of-columbia/,32,0.3,N,,
20250724_br0205,2025-07-24,H.R. 4 and H.R. 517 Signed into Law S. 1582,"경제/세금, 사법/법무, 선거/정치",2025-08-11,[조치] Restoring Law and Order in the District of Columbia,policy,White House Presidential Actions,https://www.whitehouse.gov/presidential-actions/2025/08/restoring-law-and-order-in-the-district-of-columbia/,18,0.3,N,,
20250722_br0206,2025-07-22,Joint Statement on Framework for United States-Indonesia Agreement on Reciprocal Trade,"무역/관세, 경제/세금, 규제완화, 미디어",2025-12-30,[조치] To Implement the United States-Israel Agreement on Trade in Agricultural Products and for Other Purposes,policy,White House Presidential Actions,https://www.whitehouse.gov/presidential-actions/2025/12/to-implement-the-united-states-israel-agreement-on-trade-in-agricultural-products-and-for-other-purposes/,161,1.0,N,,
20250722_br0206,2025-07-22,Joint Statement on Framework for United States-Indonesia Agreement on Reciprocal Trade,"무역/관세, 경제/세금, 규제완화, 미디어",2025-11-04,[조치] Modifying Reciprocal Tariff Rates Consistent with the Economic and Trade Arrangement Between the United States and the People’s Republic of China,policy,White House Presidential Actions,https://www.whitehouse.gov/presidential-actions/2025/11/modifying-reciprocal-tariff-rates-consistent-with-the-economic-and-trade-arrangement-between-the-united-states-and-the-peoples-republic-of-china/,105,1.0,N,,
20250722_br0206,2025-07-22,Joint Statement on Framework for United States-Indonesia Agreement on Reciprocal Trade,"무역/관세, 경제/세금, 규제완화, 미디어",2025-10-17,"[조치] Adjusting Imports Of Medium- And Heavy-Duty Vehicles, Medium- And Heavy-Duty Vehicle Parts, And Buses Into The United States",policy,White House Presidential Actions,https://www.whitehouse.gov/presidential-actions/2025/10/adjusting-imports-of-medium-and-heavy-duty-vehicles-medium-and-heavy-duty-vehicle-parts-and-buses-into-the-united-states/,87,1.0,N,,
20250722_br0206,2025-07-22,Joint Statement on Framework for United States-Indonesia Agreement on Reciprocal Trade,"무역/관세, 경제/세금, 규제완화, 미디어",2025-11-14,[조치] Modifying the Scope of the Reciprocal Tariff with Respect to Certain Agricultural Products,policy,White House Presidential Actions,https://www.whitehouse.gov/presidential-actions/2025/11/modifying-the-scope-of-the-reciprocal-tariff-with-respect-to-certain-agricultural-products/,115,0.9,N,,
20250722_br0206,2025-07-22,Joint Statement on Framework for United States-Indonesia Agreement on Reciprocal Trade,"무역/관세, 경제/세금, 규제완화, 미디어",2026-01-14,"[조치] ADJUSTING IMPORTS OF SEMICONDUCTORS, SEMICONDUCTOR MANUFACTURING EQUIPMENT, AND THEIR DERIVATIVE PRODUCTS INTO THE UNITED STATES",policy,White House Presidential Actions,https://www.whitehouse.gov/presidential-actions/2026/01/adjusting-imports-of-semiconductors-semiconductor-manufacturing-equipment-and-their-derivative-products-into-the-united-states/,176,0.8,N,,
20250721_br0207,2025-07-21,Presidential Message on the 81st Anniversary of the Liberation of Guam,"외교/동맹, 안보/군사, 경제/세금",2025-12-02,[조치] America 250: Presidential Message on the Anniversary of the Monroe Doctrine,policy,White House Presidential Actions,https://www.whitehouse.gov/presidential-actions/2025/12/america-250-presidential-message-on-the-anniversary-of-the-monroe-doctrine/,134,0.4,N,,
20250721_br0207,2025-07-21,Presidential Message on the 81st Anniversary of the Liberation of Guam,"외교/동맹, 안보/군사, 경제/세금",2026-01-14,"[조치] ADJUSTING IMPORTS OF SEMICONDUCTORS, SEMICONDUCTOR MANUFACTURING EQUIPMENT, AND THEIR DERIVATIVE PRODUCTS INTO THE UNITED STATES",policy,White House Presidential Actions,https://www.whitehouse.gov/presidential-actions/2026/01/adjusting-imports-of-semiconductors-semiconductor-manufacturing-equipment-and-their-derivative-products-into-the-united-states/,177,0.3,N,,
20250721_br0207,2025-07-21,Presidential Message on the 81st Anniversary of the Liberation of Guam,"외교/동맹, 안보/군사, 경제/세금",2026-01-14,[조치] Adjusting Imports of Processed Critical Minerals and Their Derivative Products into the United States,policy,White House Presidential Actions,https://www.whitehouse.gov/presidential-actions/2026/01/adjusting-imports-of-processed-critical-minerals-and-their-derivative-products-into-the-united-states/,177,0.3,N,,
20250721_br0207,2025-07-21,Presidential Message on the 81st Anniversary of the Liberation of Guam,"외교/동맹, 안보/군사, 경제/세금",2025-12-31,"[조치] Amendments to Adjusting Imports of Timber, Lumber, and their Derivative Products into the United States",policy,White House Presidential Actions,https://www.whitehouse.gov/presidential-actions/2025/12/amendments-to-adjusting-imports-of-timber-lumber-and-their-derivative-products-into-the-united-states/,163,0.3,N,,
20250721_br0207,2025-07-21,Presidential Message on the 81st Anniversary of the Liberation of Guam,"외교/동맹, 안보/군사, 경제/세금",2025-12-16,[조치] Restricting and Limiting the Entry of Foreign Nationals to Protect the Security of the United States,policy,White House Presidential Actions,https://www.whitehouse.gov/presidential-actions/2025/12/restricting-and-limiting-the-entry-of-foreign-nationals-to-protect-the-security-of-the-united-states/,148,0.3,N,,
20250720_br0208,2025-07-20,Presidential Message on Space Exploration Day,"안보/군사, 에너지, 선거/정치",2026-01-10,[조치] Safeguarding Venezuelan Oil Revenue for the Good of the American and Venezuelan People,policy,White House Presidential Actions,https://www.whitehouse.gov/presidential-actions/2026/01/safeguarding-venezuelan-oil-revenue-for-the-good-of-the-american-and-venezuelan-people/,174,0.4,N,,
20250720_br0208,2025-07-20,Presidential Message on Space Exploration Day,"안보/군사, 에너지, 선거/정치",2025-10-17,"[조치] National Energy Dominance Month, 2025",policy,White House Presidential Actions,https://www.whitehouse.gov/presidential-actions/2025/10/national-energy-dominance-month-2025/,89,0.4,N,,
20250720_br0208,2025-07-20,Presidential Message on Space Exploration Day,"안보/군사, 에너지, 선거/정치",2025-12-18,[조치] ENSURING AMERICAN SPACE SUPERIORITY,policy,White House Presidential Actions,https://www.whitehouse.gov/presidential-actions/2025/12/ensuring-american-space-superiority/,151,0.3,N,,
20250720_br0208,2025-07-20,Presidential Message on Space Exploration Day,"안보/군사, 에너지, 선거/정치",2025-12-11,[조치] Ensuring a National Policy Framework for Artificial Intelligence,policy,White House Presidential Actions,https://www.whitehouse.gov/presidential-actions/2025/12/eliminating-state-law-obstruction-of-national-artificial-intelligence-policy/,144,0.3,N,,
20250720_br0208,2025-07-20,Presidential Message on Space Exploration Day,"안보/군사, 에너지, 선거/정치",2025-10-10,[조치] Presidential Message on National Breast Cancer Awareness Month,policy,White House Presidential Actions,https://www.whitehouse.gov/presidential-actions/2025/10/presidential-message-on-national-breast-cancer-awareness-month/,82,0.3,N,,
20250718_br0209,2025-07-18,The President Signed into Law S. 1582,"규제완화, 사법/법무",2025-09-25,[조치] Enforcing the Death Penalty Laws in the District of Columbia to Deter and Punish the Most Heinous Crimes,policy,White House Presidential Actions,https://www.whitehouse.gov/presidential-actions/2025/09/enforcing-the-death-penalty-laws-in-the-district-of-columbia-to-deter-and-punish-the-most-heinous-crimes/,69,0.6,N,,
20250718_br0209,2025-07-18,The President Signed into Law S. 1582,"규제완화, 사법/법무",2025-09-15,[조치] Restoring Law and Order in Memphis,policy,White House Presidential Actions,https://www.whitehouse.gov/presidential-actions/2025/09/restoring-law-and-order-in-memphis/,59,0.3,N,,
20250718_br0209,2025-07-18,The President Signed into Law S. 1582,"규제완화, 사법/법무",2025-08-25,[조치] Measures To End Cashless Bail And Enforce The Law In The District Of Columbia,policy,White House Presidential Actions,https://www.whitehouse.gov/presidential-actions/2025/08/measures-to-end-cashless-bail-and-enforce-the-law-in-the-district-of-columbia/,38,0.3,N,,
20250718_br0209,2025-07-18,The President Signed into Law S. 1582,"규제완화, 사법/법무",2025-08-25,[조치] Additional Measures to Address the Crime Emergency in the District of Columbia,policy,White House Presidential Actions,https://www.whitehouse.gov/presidential-actions/2025/08/additional-measures-to-address-the-crime-emergency-in-the-district-of-columbia/,38,0.3,N,,
20250718_br0209,2025-07-18,The President Signed into Law S. 1582,"규제완화, 사법/법무",2025-08-11,[조치] Restoring Law and Order in the District of Columbia,policy,White House Presidential Actions,https://www.whitehouse.gov/presidential-actions/2025/08/restoring-law-and-order-in-the-district-of-columbia/,24,0.3,N,,
20250713_br0211,2025-07-13,"Presidential Message on the Anniversary of the Tragedy in Butler, Pennsylvania","안보/군사, 경제/세금, 선거/정치",2025-12-02,[조치] America 250: Presidential Message on the Anniversary of the Monroe Doctrine,policy,White House Presidential Actions,https://www.whitehouse.gov/presidential-actions/2025/12/america-250-presidential-message-on-the-anniversary-of-the-monroe-doctrine/,142,0.3,N,,
20250713_br0211,2025-07-13,"Presidential Message on the Anniversary of the Tragedy in Butler, Pennsylvania","안보/군사, 경제/세금, 선거/정치",2025-10-10,[조치] Presidential Message on National Breast Cancer Awareness Month,policy,White House Presidential Actions,https://www.whitehouse.gov/presidential-actions/2025/10/presidential-message-on-national-breast-cancer-awareness-month/,89,0.3,N,,
20250713_br0211,2025-07-13,"Presidential Message on the Anniversary of the Tragedy in Butler, Pennsylvania","안보/군사, 경제/세금, 선거/정치",2025-08-25,[조치] Taking Steps to End Cashless Bail to Protect Americans,policy,White House Presidential Actions,https://www.whitehouse.gov/presidential-actions/2025/08/taking-steps-to-end-cashless-bail-to-protect-americans/,43,0.3,N,,
20250713_br0211,2025-07-13,"Presidential Message on the Anniversary of the Tragedy in Butler, Pennsylvania","안보/군사, 경제/세금, 선거/정치",2026-01-07,[조치] Prioritizing the Warfighter in Defense Contracting,policy,White House Presidential Actions,https://www.whitehouse.gov/presidential-actions/2026/01/prioritizing-the-warfighter-in-defense-contracting/,178,0.3,N,,
20250712_br0212,2025-07-12,First Lady Melania Trump Visits Flood-Ravaged Texas,안보/군사,2026-01-07,[조치] Prioritizing the Warfighter in Defense Contracting,policy,White House Presidential Actions,https://www.whitehouse.gov/presidential-actions/2026/01/prioritizing-the-warfighter-in-defense-contracting/,179,0.3,N,,
20250709_br0213,2025-07-09,"President Trump Announces Presidential Delegation to Osaka, Japan, to Attend the World Expo","외교/동맹, 규제완화",2025-09-05,[조치] Restoring the United States Department of War,policy,White House Presidential Actions,https://www.whitehouse.gov/presidential-actions/2025/09/restoring-the-united-states-department-of-war/,58,0.3,N,,
20250705_br0214,2025-07-05,Presidential Message on the 211th Anniversary of the Battle of Chippawa,"안보/군사, 경제/세금, 규제완화",2025-12-16,[조치] Restricting and Limiting the Entry of Foreign Nationals to Protect the Security of the United States,policy,White House Presidential Actions,https://www.whitehouse.gov/presidential-actions/2025/12/restricting-and-limiting-the-entry-of-foreign-nationals-to-protect-the-security-of-the-united-states/,164,0.3,N,,
20250705_br0214,2025-07-05,Presidential Message on the 211th Anniversary of the Battle of Chippawa,"안보/군사, 경제/세금, 규제완화",2025-12-02,[조치] America 250: Presidential Message on the Anniversary of the Monroe Doctrine,policy,White House Presidential Actions,https://www.whitehouse.gov/presidential-actions/2025/12/america-250-presidential-message-on-the-anniversary-of-the-monroe-doctrine/,150,0.3,N,,
20250705_br0214,2025-07-05,Presidential Message on the 211th Anniversary of the Battle of Chippawa,"안보/군사, 경제/세금, 규제완화",2025-11-10,[조치] 250th Anniversary of the Founding of the United States Marine Corps,policy,White House Presidential Actions,https://www.whitehouse.gov/presidential-actions/2025/11/250th-anniversary-of-the-founding-of-the-united-states-marine-corps/,128,0.3,N,,
20250705_br0214,2025-07-05,Presidential Message on the 211th Anniversary of the Battle of Chippawa,"안보/군사, 경제/세금, 규제완화",2025-10-11,[조치] 250th Anniversary of the Founding of the United States Navy,policy,White House Presidential Actions,https://www.whitehouse.gov/presidential-actions/2025/10/250th-anniversary-of-the-founding-of-the-united-states-navy/,98,0.3,N,,
20250705_br0214,2025-07-05,Presidential Message on the 211th Anniversary of the Battle of Chippawa,"안보/군사, 경제/세금, 규제완화",2025-09-18,[각서] Memorandum of Understanding Between the Government of The United States of America and the Government of The United Kingdom of Great Britain and Northern Ireland Regarding the Technology Prosperi,executive_order,White House Presidential Actions,https://www.whitehouse.gov/presidential-actions/2025/09/memorandum-of-understanding-between-the-government-of-the-united-states-of-america-and-the-government-of-the-united-kingdom-of-great-britain-and-northern-ireland-regarding-the-technology-prosperity-de/,75,0.3,N,,
20250704_br0215,2025-07-04,Presidential Message on the 249th Anniversary of the Adoption of the Declaration of Independence,"외교/동맹, 안보/군사, 경제/세금, 사법/법무, 선거/정치, 미디어",2025-09-25,[조치] Enforcing the Death Penalty Laws in the District of Columbia to Deter and Punish the Most Heinous Crimes,policy,White House Presidential Actions,https://www.whitehouse.gov/presidential-actions/2025/09/enforcing-the-death-penalty-laws-in-the-district-of-columbia-to-deter-and-punish-the-most-heinous-crimes/,83,0.6,N,,
20250704_br0215,2025-07-04,Presidential Message on the 249th Anniversary of the Adoption of the Declaration of Independence,"외교/동맹, 안보/군사, 경제/세금, 사법/법무, 선거/정치, 미디어",2025-12-02,[조치] America 250: Presidential Message on the Anniversary of the Monroe Doctrine,policy,White House Presidential Actions,https://www.whitehouse.gov/presidential-actions/2025/12/america-250-presidential-message-on-the-anniversary-of-the-monroe-doctrine/,151,0.3,N,,
20250704_br0215,2025-07-04,Presidential Message on the 249th Anniversary of the Adoption of the Declaration of Independence,"외교/동맹, 안보/군사, 경제/세금, 사법/법무, 선거/정치, 미디어",2025-11-10,[조치] 250th Anniversary of the Founding of the United States Marine Corps,policy,White House Presidential Actions,https://www.whitehouse.gov/presidential-actions/2025/11/250th-anniversary-of-the-founding-of-the-united-states-marine-corps/,129,0.3,N,,
20250704_br0215,2025-07-04,Presidential Message on the 249th Anniversary of the Adoption of the Declaration of Independence,"외교/동맹, 안보/군사, 경제/세금, 사법/법무, 선거/정치, 미디어",2025-10-11,[조치] 250th Anniversary of the Founding of the United States Navy,policy,White House Presidential Actions,https://www.whitehouse.gov/presidential-actions/2025/10/250th-anniversary-of-the-founding-of-the-united-states-navy/,99,0.3,N,,
20250704_br0215,2025-07-04,Presidential Message on the 249th Anniversary of the Adoption of the Declaration of Independence,"외교/동맹, 안보/군사, 경제/세금, 사법/법무, 선거/정치, 미디어",2025-09-15,[조치] Restoring Law and Order in Memphis,policy,White House Presidential Actions,https://www.whitehouse.gov/presidential-actions/2025/09/restoring-law-and-order-in-memphis/,73,0.3,N,,
20250703_br0216,2025-07-03,Presidential Message on the 162nd Anniversary of the Battle of Gettysburg,"무역/관세, 안보/군사, 경제/세금, 에너지, 사법/법무, 선거/정치",2025-11-04,[조치] Modifying Reciprocal Tariff Rates Consistent with the Economic and Trade Arrangement Between the United States and the People’s Republic of China,policy,White House Presidential Actions,https://www.whitehouse.gov/presidential-actions/2025/11/modifying-reciprocal-tariff-rates-consistent-with-the-economic-and-trade-arrangement-between-the-united-states-and-the-peoples-republic-of-china/,124,0.9,N,,
20250703_br0216,2025-07-03,Presidential Message on the 162nd Anniversary of the Battle of Gettysburg,"무역/관세, 안보/군사, 경제/세금, 에너지, 사법/법무, 선거/정치",2025-10-17,"[조치] Adjusting Imports Of Medium- And Heavy-Duty Vehicles, Medium- And Heavy-Duty Vehicle Parts, And Buses Into The United States",policy,White House Presidential Actions,https://www.whitehouse.gov/presidential-actions/2025/10/adjusting-imports-of-medium-and-heavy-duty-vehicles-medium-and-heavy-duty-vehicle-parts-and-buses-into-the-united-states/,106,0.8,N,,
20250703_br0216,2025-07-03,Presidential Message on the 162nd Anniversary of the Battle of Gettysburg,"무역/관세, 안보/군사, 경제/세금, 에너지, 사법/법무, 선거/정치",2025-09-30,"[조치] Adjusting Imports of Timber, Lumber, and their Derivative Products into the United States",policy,White House Presidential Actions,https://www.whitehouse.gov/presidential-actions/2025/09/adjusting-imports-of-timber-lumber-and-their-derivative-products-into-the-united-states/,89,0.6,N,,
20250703_br0216,2025-07-03,Presidential Message on the 162nd Anniversary of the Battle of Gettysburg,"무역/관세, 안보/군사, 경제/세금, 에너지, 사법/법무, 선거/정치",2025-09-25,[조치] Enforcing the Death Penalty Laws in the District of Columbia to Deter and Punish the Most Heinous Crimes,policy,White House Presidential Actions,https://www.whitehouse.gov/presidential-actions/2025/09/enforcing-the-death-penalty-laws-in-the-district-of-columbia-to-deter-and-punish-the-most-heinous-crimes/,84,0.6,N,,
20250703_br0216,2025-07-03,Presidential Message on the 162nd Anniversary of the Battle of Gettysburg,"무역/관세, 안보/군사, 경제/세금, 에너지, 사법/법무, 선거/정치",2025-09-05,[조치] Modifying The Scope of Reciprocal Tariffs and Establishing Procedures for Implementing Trade and Security Agreements,policy,White House Presidential Actions,https://www.whitehouse.gov/presidential-actions/2025/09/modifying-the-scope-of-reciprocal-tariffs-and-establishing-procedures-for-implementing-trade-and-security-agreements/,64,0.6,N,,
20250623_br0217,2025-06-23,Presidential Message on the 80th Anniversary of the Battle of Okinawa,"이민/국경, 외교/동맹, 안보/군사, 경제/세금",2025-08-21,"[조치] Presidential Permit: Authorizing Cameron County, Texas, to Construct, Maintain, and Operate a Pedestrian Border Crossing at the Gateway International Bridge Land Port of Entry",policy,White House Presidential Actions,https://www.whitehouse.gov/presidential-actions/2025/08/presidential-permit-authorizing-cameron-county-texas-to-construct-maintain-and-operate-a-pedestrian-border-crossing-at-the-gateway-international-bridge-land-port-of-entry/,59,0.4,N,,
20250623_br0217,2025-06-23,Presidential Message on the 80th Anniversary of the Battle of Okinawa,"이민/국경, 외교/동맹, 안보/군사, 경제/세금",2025-12-02,[조치] America 250: Presidential Message on the Anniversary of the Monroe Doctrine,policy,White House Presidential Actions,https://www.whitehouse.gov/presidential-actions/2025/12/america-250-presidential-message-on-the-anniversary-of-the-monroe-doctrine/,162,0.3,N,,
20250623_br0217,2025-06-23,Presidential Message on the 80th Anniversary of the Battle of Okinawa,"이민/국경, 외교/동맹, 안보/군사, 경제/세금",2025-09-11,"[조치] Patriot Day 2025, The 24th Anniversary of the September 11 Terrorist Attacks",policy,White House Presidential Actions,https://www.whitehouse.gov/presidential-actions/2025/09/patriot-day-2025-the-24th-annivresary-of-the-september-11-terrorist-attacks/,80,0.3,N,,
20250623_br0217,2025-06-23,Presidential Message on the 80th Anniversary of the Battle of Okinawa,"이민/국경, 외교/동맹, 안보/군사, 경제/세금",2025-09-19,[조치] Restriction on Entry of Certain Nonimmigrant Workers,policy,White House Presidential Actions,https://www.whitehouse.gov/presidential-actions/2025/09/restriction-on-entry-of-certain-nonimmigrant-workers/,88,0.3,N,,
20250623_br0217,2025-06-23,Presidential Message on the 80th Anniversary of the Battle of Okinawa,"이민/국경, 외교/동맹, 안보/군사, 경제/세금",2025-08-01,[조치] Amendment to Duties to Address the Flow of Illicit Drugs Across Our Northern Border,policy,White House Presidential Actions,https://www.whitehouse.gov/presidential-actions/2025/07/amendment-to-duties-to-address-the-flow-of-illicit-drugs-across-our-northern-border-9350/,39,0.3,N,,
20250620_br0218,2025-06-20,The President Signed into Law S.J. Res. 13 and S.J. Res 31,"규제완화, 사법/법무, 선거/정치",2025-09-25,[조치] Enforcing the Death Penalty Laws in the District of Columbia to Deter and Punish the Most Heinous Crimes,policy,White House Presidential Actions,https://www.whitehouse.gov/presidential-actions/2025/09/enforcing-the-death-penalty-laws-in-the-district-of-columbia-to-deter-and-punish-the-most-heinous-crimes/,97,0.6,N,,
20250620_br0218,2025-06-20,The President Signed into Law S.J. Res. 13 and S.J. Res 31,"규제완화, 사법/법무, 선거/정치",2025-09-05,[조치] Restoring the United States Department of War,policy,White House Presidential Actions,https://www.whitehouse.gov/presidential-actions/2025/09/restoring-the-united-states-department-of-war/,77,0.3,N,,
20250620_br0218,2025-06-20,The President Signed into Law S.J. Res. 13 and S.J. Res 31,"규제완화, 사법/법무, 선거/정치",2025-09-15,[조치] Restoring Law and Order in Memphis,policy,White House Presidential Actions,https://www.whitehouse.gov/presidential-actions/2025/09/restoring-law-and-order-in-memphis/,87,0.3,N,,
20250620_br0218,2025-06-20,The President Signed into Law S.J. Res. 13 and S.J. Res 31,"규제완화, 사법/법무, 선거/정치",2025-08-25,[조치] Measures To End Cashless Bail And Enforce The Law In The District Of Columbia,policy,White House Presidential Actions,https://www.whitehouse.gov/presidential-actions/2025/08/measures-to-end-cashless-bail-and-enforce-the-law-in-the-district-of-columbia/,66,0.3,N,,
20250620_br0218,2025-06-20,The President Signed into Law S.J. Res. 13 and S.J. Res 31,"규제완화, 사법/법무, 선거/정치",2025-08-25,[조치] Additional Measures to Address the Crime Emergency in the District of Columbia,policy,White House Presidential Actions,https://www.whitehouse.gov/presidential-actions/2025/08/additional-measures-to-address-the-crime-emergency-in-the-district-of-columbia/,66,0.3,N,,
20250613_br0219,2025-06-13,"Presidential Message on National Men’s Health Week, 2025","안보/군사, 경제/세금, 선거/정치, 보건",2025-09-09,[각서] Memorandum for the Secretary of Health and Human Services the Commissioner of Food and Drugs,executive_order,White House Presidential Actions,https://www.whitehouse.gov/presidential-actions/2025/09/memorandum-for-the-secretary-of-health-and-human-services-the-commissioner-of-food-and-drugs/,88,0.7,N,,
20250613_br0219,2025-06-13,"Presidential Message on National Men’s Health Week, 2025","안보/군사, 경제/세금, 선거/정치, 보건",2025-12-06,"[조치] Aligning United States Core Childhood Vaccine Recommendations with Best Practices from Peer, Developed Countries",policy,White House Presidential Actions,https://www.whitehouse.gov/presidential-actions/2025/12/aligning-united-states-core-childhood-vaccine-recommendations-with-best-practices-from-peer-developed-countries/,176,0.5,N,,
20250613_br0219,2025-06-13,"Presidential Message on National Men’s Health Week, 2025","안보/군사, 경제/세금, 선거/정치, 보건",2025-08-01,[조치] Amendment to Duties to Address the Flow of Illicit Drugs Across Our Northern Border,policy,White House Presidential Actions,https://www.whitehouse.gov/presidential-actions/2025/07/amendment-to-duties-to-address-the-flow-of-illicit-drugs-across-our-northern-border-9350/,49,0.4,N,,
20250613_br0219,2025-06-13,"Presidential Message on National Men’s Health Week, 2025","안보/군사, 경제/세금, 선거/정치, 보건",2025-12-02,[조치] America 250: Presidential Message on the Anniversary of the Monroe Doctrine,policy,White House Presidential Actions,https://www.whitehouse.gov/presidential-actions/2025/12/america-250-presidential-message-on-the-anniversary-of-the-monroe-doctrine/,172,0.3,N,,
20250613_br0219,2025-06-13,"Presidential Message on National Men’s Health Week, 2025","안보/군사, 경제/세금, 선거/정치, 보건",2025-11-30,[조치] America 250: Presidential Message on Mark Twain’s 190th Birthday,policy,White House Presidential Actions,https://www.whitehouse.gov/presidential-actions/2025/11/america-250-presidential-message-on-mark-twains-190th-birthday/,170,0.3,N,,
20250613_br0220,2025-06-13,Statement from Secretary of State Marco Rubio,"외교/동맹, 안보/군사",2025-06-30,[조치] Providing for the Revocation of Syria Sanctions,policy,White House Presidential Actions,https://www.whitehouse.gov/presidential-actions/2025/06/providing-for-the-revocation-of-syria-sanctions/,17,0.3,N,,
20250613_br0221,2025-06-13,"Congressional Bills H.J. Res. 87, H.J. Res. 88, H.J. Res. 89 Signed into Law","무역/관세, 안보/군사, 규제완화, 사법/법무, 선거/정치",2025-10-17,"[조치] Adjusting Imports Of Medium- And Heavy-Duty Vehicles, Medium- And Heavy-Duty Vehicle Parts, And Buses Into The United States",policy,White House Presidential Actions,https://www.whitehouse.gov/presidential-actions/2025/10/adjusting-imports-of-medium-and-heavy-duty-vehicles-medium-and-heavy-duty-vehicle-parts-and-buses-into-the-united-states/,126,0.8,N,,
20250613_br0221,2025-06-13,"Congressional Bills H.J. Res. 87, H.J. Res. 88, H.J. Res. 89 Signed into Law","무역/관세, 안보/군사, 규제완화, 사법/법무, 선거/정치",2025-11-04,[조치] Modifying Reciprocal Tariff Rates Consistent with the Economic and Trade Arrangement Between the United States and the People’s Republic of China,policy,White House Presidential Actions,https://www.whitehouse.gov/presidential-actions/2025/11/modifying-reciprocal-tariff-rates-consistent-with-the-economic-and-trade-arrangement-between-the-united-states-and-the-peoples-republic-of-china/,144,0.6,N,,
20250613_br0221,2025-06-13,"Congressional Bills H.J. Res. 87, H.J. Res. 88, H.J. Res. 89 Signed into Law","무역/관세, 안보/군사, 규제완화, 사법/법무, 선거/정치",2025-09-25,[조치] Enforcing the Death Penalty Laws in the District of Columbia to Deter and Punish the Most Heinous Crimes,policy,White House Presidential Actions,https://www.whitehouse.gov/presidential-actions/2025/09/enforcing-the-death-penalty-laws-in-the-district-of-columbia-to-deter-and-punish-the-most-heinous-crimes/,104,0.6,N,,
20250613_br0221,2025-06-13,"Congressional Bills H.J. Res. 87, H.J. Res. 88, H.J. Res. 89 Signed into Law","무역/관세, 안보/군사, 규제완화, 사법/법무, 선거/정치",2025-09-05,[조치] Modifying The Scope of Reciprocal Tariffs and Establishing Procedures for Implementing Trade and Security Agreements,policy,White House Presidential Actions,https://www.whitehouse.gov/presidential-actions/2025/09/modifying-the-scope-of-reciprocal-tariffs-and-establishing-procedures-for-implementing-trade-and-security-agreements/,84,0.6,N,,
20250613_br0221,2025-06-13,"Congressional Bills H.J. Res. 87, H.J. Res. 88, H.J. Res. 89 Signed into Law","무역/관세, 안보/군사, 규제완화, 사법/법무, 선거/정치",2025-11-20,[조치] Modifying the Scope of Tariffs on the Government of Brazil,policy,White House Presidential Actions,https://www.whitehouse.gov/presidential-actions/2025/11/modifying-the-scope-of-tariffs-on-the-government-of-brazil/,160,0.3,N,,
20250612_br0222,2025-06-12,Congressional Bill S.160 Signed into Law,"안보/군사, 규제완화, 사법/법무, 선거/정치, 미디어",2025-09-25,[조치] Enforcing the Death Penalty Laws in the District of Columbia to Deter and Punish the Most Heinous Crimes,policy,White House Presidential Actions,https://www.whitehouse.gov/presidential-actions/2025/09/enforcing-the-death-penalty-laws-in-the-district-of-columbia-to-deter-and-punish-the-most-heinous-crimes/,105,0.6,N,,
20250612_br0222,2025-06-12,Congressional Bill S.160 Signed into Law,"안보/군사, 규제완화, 사법/법무, 선거/정치, 미디어",2025-09-15,[조치] Restoring Law and Order in Memphis,policy,White House Presidential Actions,https://www.whitehouse.gov/presidential-actions/2025/09/restoring-law-and-order-in-memphis/,95,0.3,N,,
20250612_br0222,2025-06-12,Congressional Bill S.160 Signed into Law,"안보/군사, 규제완화, 사법/법무, 선거/정치, 미디어",2025-08-25,[조치] Measures To End Cashless Bail And Enforce The Law In The District Of Columbia,policy,White House Presidential Actions,https://www.whitehouse.gov/presidential-actions/2025/08/measures-to-end-cashless-bail-and-enforce-the-law-in-the-district-of-columbia/,74,0.3,N,,
20250612_br0222,2025-06-12,Congressional Bill S.160 Signed into Law,"안보/군사, 규제완화, 사법/법무, 선거/정치, 미디어",2025-08-25,[조치] Additional Measures to Address the Crime Emergency in the District of Columbia,policy,White House Presidential Actions,https://www.whitehouse.gov/presidential-actions/2025/08/additional-measures-to-address-the-crime-emergency-in-the-district-of-columbia/,74,0.3,N,,
20250612_br0222,2025-06-12,Congressional Bill S.160 Signed into Law,"안보/군사, 규제완화, 사법/법무, 선거/정치, 미디어",2025-08-11,[조치] Restoring Law and Order in the District of Columbia,policy,White House Presidential Actions,https://www.whitehouse.gov/presidential-actions/2025/08/restoring-law-and-order-in-the-district-of-columbia/,60,0.3,N,,
20250612_br0223,2025-06-12,Statement by the President,"무역/관세, 안보/군사, 경제/세금, 에너지, 규제완화, 사법/법무, 선거/정치, 미디어",2025-10-17,"[조치] Adjusting Imports Of Medium- And Heavy-Duty Vehicles, Medium- And Heavy-Duty Vehicle Parts, And Buses Into The United States",policy,White House Presidential Actions,https://www.whitehouse.gov/presidential-actions/2025/10/adjusting-imports-of-medium-and-heavy-duty-vehicles-medium-and-heavy-duty-vehicle-parts-and-buses-into-the-united-states/,127,1.0,N,,
20250612_br0223,2025-06-12,Statement by the President,"무역/관세, 안보/군사, 경제/세금, 에너지, 규제완화, 사법/법무, 선거/정치, 미디어",2025-11-04,[조치] Modifying Reciprocal Tariff Rates Consistent with the Economic and Trade Arrangement Between the United States and the People’s Republic of China,policy,White House Presidential Actions,https://www.whitehouse.gov/presidential-actions/2025/11/modifying-reciprocal-tariff-rates-consistent-with-the-economic-and-trade-arrangement-between-the-united-states-and-the-peoples-republic-of-china/,145,0.9,N,,
20250612_br0223,2025-06-12,Statement by the President,"무역/관세, 안보/군사, 경제/세금, 에너지, 규제완화, 사법/법무, 선거/정치, 미디어",2025-09-30,"[조치] Adjusting Imports of Timber, Lumber, and their Derivative Products into the United States",policy,White House Presidential Actions,https://www.whitehouse.gov/presidential-actions/2025/09/adjusting-imports-of-timber-lumber-and-their-derivative-products-into-the-united-states/,110,0.6,N,,
20250612_br0223,2025-06-12,Statement by the President,"무역/관세, 안보/군사, 경제/세금, 에너지, 규제완화, 사법/법무, 선거/정치, 미디어",2025-06-30,"[조치] Presidential Permit: Authorizing Junction Pipeline Company, LLC to Construct, Connect, Operate, and Maintain Pipeline Facilities at Toole County, Montana, at the International Boundary Between th",policy,White House Presidential Actions,https://www.whitehouse.gov/presidential-actions/2025/06/presidential-permit-authorizing-junction-pipeline-company-llc-to-construct-connect-operate-and-maintain-pipeline-facilities-at-toole-county-montana-at-the-international-boundary-between-the-uni/,18,0.6,Y,Y,
20250612_br0223,2025-06-12,Statement by the President,"무역/관세, 안보/군사, 경제/세금, 에너지, 규제완화, 사법/법무, 선거/정치, 미디어",2025-06-30,"[조치] Presidential Permit Authorizing South Bow (USA) LP to Operate and Maintain Pipeline Facilities at Cavalier County, North Dakota, at the International Boundary Between the United States and Canada",policy,White House Presidential Actions,https://www.whitehouse.gov/presidential-actions/2025/06/text-of-a-letter-from-the-president-to-the-speaker-of-the-house-of-representatives/,18,0.6,Y,Y,
20250608_br0224,2025-06-08,"Presidential Message on Pentecost, 2025","경제/세금, 선거/정치",2025-11-10,[조치] 250th Anniversary of the Founding of the United States Marine Corps,policy,White House Presidential Actions,https://www.whitehouse.gov/presidential-actions/2025/11/250th-anniversary-of-the-founding-of-the-united-states-marine-corps/,155,0.3,N,,
20250608_br0224,2025-06-08,"Presidential Message on Pentecost, 2025","경제/세금, 선거/정치",2025-10-11,[조치] 250th Anniversary of the Founding of the United States Navy,policy,White House Presidential Actions,https://www.whitehouse.gov/presidential-actions/2025/10/250th-anniversary-of-the-founding-of-the-united-states-navy/,125,0.3,N,,
20250608_br0224,2025-06-08,"Presidential Message on Pentecost, 2025","경제/세금, 선거/정치",2025-09-30,"[조치] Adjusting Imports of Timber, Lumber, and their Derivative Products into the United States",policy,White House Presidential Actions,https://www.whitehouse.gov/presidential-actions/2025/09/adjusting-imports-of-timber-lumber-and-their-derivative-products-into-the-united-states/,114,0.3,N,,
20250608_br0224,2025-06-08,"Presidential Message on Pentecost, 2025","경제/세금, 선거/정치",2025-06-30,"[조치] Presidential Permit: Authorizing Junction Pipeline Company, LLC to Construct, Connect, Operate, and Maintain Pipeline Facilities at Toole County, Montana, at the International Boundary Between th",policy,White House Presidential Actions,https://www.whitehouse.gov/presidential-actions/2025/06/presidential-permit-authorizing-junction-pipeline-company-llc-to-construct-connect-operate-and-maintain-pipeline-facilities-at-toole-county-montana-at-the-international-boundary-between-the-uni/,22,0.3,N,,
20250608_br0224,2025-06-08,"Presidential Message on Pentecost, 2025","경제/세금, 선거/정치",2025-06-30,"[조치] Presidential Permit Authorizing South Bow (USA) LP to Operate and Maintain Pipeline Facilities at Cavalier County, North Dakota, at the International Boundary Between the United States and Canada",policy,White House Presidential Actions,https://www.whitehouse.gov/presidential-actions/2025/06/text-of-a-letter-from-the-president-to-the-speaker-of-the-house-of-representatives/,22,0.3,N,,
20250608_br0225,2025-06-08,Statement from the White House,"이민/국경, 경제/세금, 사법/법무, 선거/정치, 미디어",2025-06-09,"[조치] Presidential Permit Authorizing Green Corridors, LLC, to Construct, Maintain, and Operate a Commercial Elevated Guideway Border Crossing Near Laredo, Texas, at the International Boundary Between ",policy,White House Presidential Actions,https://www.whitehouse.gov/presidential-actions/2025/06/presidential-permit-authorizing-green-corridors-llc-to-construct-maintain-and-operate-commercial-elevated-guideway-border-crossing-near-laredo-texas-at-the-international-boundary-between-the-us-mexico/,1,0.6,Y,Y,
20250608_br0225,2025-06-08,Statement from the White House,"이민/국경, 경제/세금, 사법/법무, 선거/정치, 미디어",2025-09-25,[조치] Enforcing the Death Penalty Laws in the District of Columbia to Deter and Punish the Most Heinous Crimes,policy,White House Presidential Actions,https://www.whitehouse.gov/presidential-actions/2025/09/enforcing-the-death-penalty-laws-in-the-district-of-columbia-to-deter-and-punish-the-most-heinous-crimes/,109,0.6,N,,
20250608_br0225,2025-06-08,Statement from the White House,"이민/국경, 경제/세금, 사법/법무, 선거/정치, 미디어",2025-08-25,[조치] Additional Measures to Address the Crime Emergency in the District of Columbia,policy,White House Presidential Actions,https://www.whitehouse.gov/presidential-actions/2025/08/additional-measures-to-address-the-crime-emergency-in-the-district-of-columbia/,78,0.4,N,,
20250608_br0225,2025-06-08,Statement from the White House,"이민/국경, 경제/세금, 사법/법무, 선거/정치, 미디어",2025-08-21,"[조치] Presidential Permit: Authorizing Cameron County, Texas, to Construct, Maintain, and Operate a Pedestrian Border Crossing at the Gateway International Bridge Land Port of Entry",policy,White House Presidential Actions,https://www.whitehouse.gov/presidential-actions/2025/08/presidential-permit-authorizing-cameron-county-texas-to-construct-maintain-and-operate-a-pedestrian-border-crossing-at-the-gateway-international-bridge-land-port-of-entry/,74,0.4,N,,
20250608_br0225,2025-06-08,Statement from the White House,"이민/국경, 경제/세금, 사법/법무, 선거/정치, 미디어",2025-08-01,[조치] Amendment to Duties to Address the Flow of Illicit Drugs Across Our Northern Border,policy,White House Presidential Actions,https://www.whitehouse.gov/presidential-actions/2025/07/amendment-to-duties-to-address-the-flow-of-illicit-drugs-across-our-northern-border-9350/,54,0.4,N,,
20250606_br0226,2025-06-06,"Presidential Message on the 81st Anniversary of D-Day, 2025","외교/동맹, 안보/군사, 경제/세금",2025-12-02,[조치] America 250: Presidential Message on the Anniversary of the Monroe Doctrine,policy,White House Presidential Actions,https://www.whitehouse.gov/presidential-actions/2025/12/america-250-presidential-message-on-the-anniversary-of-the-monroe-doctrine/,179,0.3,N,,
20250606_br0226,2025-06-06,"Presidential Message on the 81st Anniversary of D-Day, 2025","외교/동맹, 안보/군사, 경제/세금",2025-06-30,[조치] Providing for the Revocation of Syria Sanctions,policy,White House Presidential Actions,https://www.whitehouse.gov/presidential-actions/2025/06/providing-for-the-revocation-of-syria-sanctions/,24,0.3,N,,
20250606_br0226,2025-06-06,"Presidential Message on the 81st Anniversary of D-Day, 2025","외교/동맹, 안보/군사, 경제/세금",2025-06-08,[조치] Department of Defense Security for the Protection of Department of Homeland Security Functions,policy,White House Presidential Actions,https://www.whitehouse.gov/presidential-actions/2025/06/department-of-defense-security-for-the-protection-of-department-of-homeland-security-functions/,2,0.3,N,,
20250604_br0227,2025-06-04,First Lady Melania Trump’s Message to Federal Trade Commission Underscores Commitment to Child Protection Online,"무역/관세, 안보/군사, 경제/세금, 사법/법무, 선거/정치",2025-11-04,[조치] Modifying Reciprocal Tariff Rates Consistent with the Economic and Trade Arrangement Between the United States and the People’s Republic of China,policy,White House Presidential Actions,https://www.whitehouse.gov/presidential-actions/2025/11/modifying-reciprocal-tariff-rates-consistent-with-the-economic-and-trade-arrangement-between-the-united-states-and-the-peoples-republic-of-china/,153,0.7,N,,
20250604_br0227,2025-06-04,First Lady Melania Trump’s Message to Federal Trade Commission Underscores Commitment to Child Protection Online,"무역/관세, 안보/군사, 경제/세금, 사법/법무, 선거/정치",2025-09-05,[조치] Modifying The Scope of Reciprocal Tariffs and Establishing Procedures for Implementing Trade and Security Agreements,policy,White House Presidential Actions,https://www.whitehouse.gov/presidential-actions/2025/09/modifying-the-scope-of-reciprocal-tariffs-and-establishing-procedures-for-implementing-trade-and-security-agreements/,93,0.7,N,,
20250604_br0227,2025-06-04,First Lady Melania Trump’s Message to Federal Trade Commission Underscores Commitment to Child Protection Online,"무역/관세, 안보/군사, 경제/세금, 사법/법무, 선거/정치",2025-10-17,"[조치] Adjusting Imports Of Medium- And Heavy-Duty Vehicles, Medium- And Heavy-Duty Vehicle Parts, And Buses Into The United States",policy,White House Presidential Actions,https://www.whitehouse.gov/presidential-actions/2025/10/adjusting-imports-of-medium-and-heavy-duty-vehicles-medium-and-heavy-duty-vehicle-parts-and-buses-into-the-united-states/,135,0.6,N,,
20250604_br0227,2025-06-04,First Lady Melania Trump’s Message to Federal Trade Commission Underscores Commitment to Child Protection Online,"무역/관세, 안보/군사, 경제/세금, 사법/법무, 선거/정치",2025-09-25,[조치] Enforcing the Death Penalty Laws in the District of Columbia to Deter and Punish the Most Heinous Crimes,policy,White House Presidential Actions,https://www.whitehouse.gov/presidential-actions/2025/09/enforcing-the-death-penalty-laws-in-the-district-of-columbia-to-deter-and-punish-the-most-heinous-crimes/,113,0.6,N,,
20250604_br0227,2025-06-04,First Lady Melania Trump’s Message to Federal Trade Commission Underscores Commitment to Child Protection Online,"무역/관세, 안보/군사, 경제/세금, 사법/법무, 선거/정치",2025-09-30,"[조치] Adjusting Imports of Timber, Lumber, and their Derivative Products into the United States",policy,White House Presidential Actions,https://www.whitehouse.gov/presidential-actions/2025/09/adjusting-imports-of-timber-lumber-and-their-derivative-products-into-the-united-states/,118,0.4,N,,
20250604_br0228,2025-06-04,Presidential Message on the 83rd Anniversary of the Battle of Midway,"외교/동맹, 안보/군사, 경제/세금",2025-06-30,"[조치] Presidential Permit Authorizing South Bow (USA) LP to Operate and Maintain Pipeline Facilities at Cavalier County, North Dakota, at the International Boundary Between the United States and Canada",policy,White House Presidential Actions,https://www.whitehouse.gov/presidential-actions/2025/06/text-of-a-letter-from-the-president-to-the-speaker-of-the-house-of-representatives/,26,0.4,N,,
20250604_br0228,2025-06-04,Presidential Message on the 83rd Anniversary of the Battle of Midway,"외교/동맹, 안보/군사, 경제/세금",2025-06-30,"[조치] Presidential Permit Authorizing Steel Reef US Pipelines LLC To Operate and Maintain Pipeline Facilities at Burke County, North Dakota, at the International Boundary Between the United States and ",policy,White House Presidential Actions,https://www.whitehouse.gov/presidential-actions/2025/06/presidential-permit-authorizing-steel-reef-us-pipelines-llc-to-operate-and-maintain-pipeline-facilities-at-burke-county-north-dakota-at-the-international-boundary-between-the-united-states-and-canad/,26,0.4,N,,
20250604_br0228,2025-06-04,Presidential Message on the 83rd Anniversary of the Battle of Midway,"외교/동맹, 안보/군사, 경제/세금",2025-11-10,[조치] 250th Anniversary of the Founding of the United States Marine Corps,policy,White House Presidential Actions,https://www.whitehouse.gov/presidential-actions/2025/11/250th-anniversary-of-the-founding-of-the-united-states-marine-corps/,159,0.3,N,,
20250604_br0228,2025-06-04,Presidential Message on the 83rd Anniversary of the Battle of Midway,"외교/동맹, 안보/군사, 경제/세금",2025-11-04,[조치] Modifying Reciprocal Tariff Rates Consistent with the Economic and Trade Arrangement Between the United States and the People’s Republic of China,policy,White House Presidential Actions,https://www.whitehouse.gov/presidential-actions/2025/11/modifying-reciprocal-tariff-rates-consistent-with-the-economic-and-trade-arrangement-between-the-united-states-and-the-peoples-republic-of-china/,153,0.3,N,,
20250604_br0228,2025-06-04,Presidential Message on the 83rd Anniversary of the Battle of Midway,"외교/동맹, 안보/군사, 경제/세금",2025-10-11,[조치] 250th Anniversary of the Founding of the United States Navy,policy,White House Presidential Actions,https://www.whitehouse.gov/presidential-actions/2025/10/250th-anniversary-of-the-founding-of-the-united-states-navy/,129,0.3,N,,
20250601_br0229,2025-06-01,"Presidential Message on Global Coptic Day, 2025","안보/군사, 경제/세금",2025-11-24,[조치] Designation of Certain Muslim Brotherhood Chapters as Foreign Terrorist Organizations and Specially Designated Global Terrorists,policy,White House Presidential Actions,https://www.whitehouse.gov/presidential-actions/2025/11/designation-of-certain-muslim-brotherhood-chapters-as-foreign-terrorist-organizations-and-specially-designated-global-terrorists/,176,0.3,N,,
20250601_br0229,2025-06-01,"Presidential Message on Global Coptic Day, 2025","안보/군사, 경제/세금",2025-09-30,"[조치] Adjusting Imports of Timber, Lumber, and their Derivative Products into the United States",policy,White House Presidential Actions,https://www.whitehouse.gov/presidential-actions/2025/09/adjusting-imports-of-timber-lumber-and-their-derivative-products-into-the-united-states/,121,0.3,N,,
20250601_br0229,2025-06-01,"Presidential Message on Global Coptic Day, 2025","안보/군사, 경제/세금",2025-09-18,[각서] Memorandum of Understanding Between the Government of The United States of America and the Government of The United Kingdom of Great Britain and Northern Ireland Regarding the Technology Prosperi,executive_order,White House Presidential Actions,https://www.whitehouse.gov/presidential-actions/2025/09/memorandum-of-understanding-between-the-government-of-the-united-states-of-america-and-the-government-of-the-united-kingdom-of-great-britain-and-northern-ireland-regarding-the-technology-prosperity-de/,109,0.3,N,,
20250601_br0229,2025-06-01,"Presidential Message on Global Coptic Day, 2025","안보/군사, 경제/세금",2025-08-06,[조치] Addressing Threats to The United States by the Government of the Russian Federation,policy,White House Presidential Actions,https://www.whitehouse.gov/presidential-actions/2025/08/addressing-threats-to-the-united-states-by-the-government-of-the-russian-federation/,66,0.3,N,,
20250601_br0229,2025-06-01,"Presidential Message on Global Coptic Day, 2025","안보/군사, 경제/세금",2025-07-30,[조치] Addressing Threats to The United States by the Government of Brazil,policy,White House Presidential Actions,https://www.whitehouse.gov/presidential-actions/2025/07/addressing-threats-to-the-us/,59,0.3,N,,
20250531_br0230,2025-05-31,White House Welcomes Foster and Adoptive Families for National Foster Care Month,"경제/세금, 규제완화, 사법/법무, 선거/정치",2025-09-25,[조치] Enforcing the Death Penalty Laws in the District of Columbia to Deter and Punish the Most Heinous Crimes,policy,White House Presidential Actions,https://www.whitehouse.gov/presidential-actions/2025/09/enforcing-the-death-penalty-laws-in-the-district-of-columbia-to-deter-and-punish-the-most-heinous-crimes/,117,0.6,N,,
20250531_br0230,2025-05-31,White House Welcomes Foster and Adoptive Families for National Foster Care Month,"경제/세금, 규제완화, 사법/법무, 선거/정치",2025-11-13,[조치] Fostering the Future for American Children and Families,policy,White House Presidential Actions,https://www.whitehouse.gov/presidential-actions/2025/11/fostering-the-future-for-american-children-and-families/,166,0.3,N,,
20250531_br0230,2025-05-31,White House Welcomes Foster and Adoptive Families for National Foster Care Month,"경제/세금, 규제완화, 사법/법무, 선거/정치",2025-09-15,[조치] Restoring Law and Order in Memphis,policy,White House Presidential Actions,https://www.whitehouse.gov/presidential-actions/2025/09/restoring-law-and-order-in-memphis/,107,0.3,N,,
20250531_br0230,2025-05-31,White House Welcomes Foster and Adoptive Families for National Foster Care Month,"경제/세금, 규제완화, 사법/법무, 선거/정치",2025-08-25,[조치] Measures To End Cashless Bail And Enforce The Law In The District Of Columbia,policy,White House Presidential Actions,https://www.whitehouse.gov/presidential-actions/2025/08/measures-to-end-cashless-bail-and-enforce-the-law-in-the-district-of-columbia/,86,0.3,N,,
20250531_br0230,2025-05-31,White House Welcomes Foster and Adoptive Families for National Foster Care Month,"경제/세금, 규제완화, 사법/법무, 선거/정치",2025-08-25,[조치] Additional Measures to Address the Crime Emergency in the District of Columbia,policy,White House Presidential Actions,https://www.whitehouse.gov/presidential-actions/2025/08/additional-measures-to-address-the-crime-emergency-in-the-district-of-columbia/,86,0.3,N,,
20250525_br0231,2025-05-25,"Presidential Message on National Missing Children’s Day, 2025","이민/국경, 안보/군사, 경제/세금, 사법/법무, 선거/정치",2025-06-20,"[조치] Presidential Permit Authorizing the City of Eagle Pass, Texas, to Expand and Continue to Maintain and Operate a Vehicular and Pedestrian Border Crossing at the Camino Real International Bridge La",policy,White House Presidential Actions,https://www.whitehouse.gov/presidential-actions/2025/06/presidential-permit-authorizing-the-city-of-eagle-pass-texas-to-expand-and-continue-to-maintain-and-operate-a-vehicular-and-pedestrian-border-crossing-at-the-camino-real-international-bridge-land-po/,26,0.6,Y,Y,
20250525_br0231,2025-05-25,"Presidential Message on National Missing Children’s Day, 2025","이민/국경, 안보/군사, 경제/세금, 사법/법무, 선거/정치",2025-06-13,"[조치] Presidential Permit Authorizing the City of Laredo, Texas, to Expand and Continue to Maintain, and Operate a Vehicular Border Crossing at the Laredo-Colombia Solidarity International Bridge Land ",policy,White House Presidential Actions,https://www.whitehouse.gov/presidential-actions/2025/06/presidential-permit-authorizing-the-city-of-laredo-texas-to-expand-and-continue-to-maintain-and-operate-a-vehicular-border-crossing-at-the-laredo-colombia-solidarity-international-bridge-land-port/,19,0.6,Y,Y,
20250525_br0231,2025-05-25,"Presidential Message on National Missing Children’s Day, 2025","이민/국경, 안보/군사, 경제/세금, 사법/법무, 선거/정치",2025-09-25,[조치] Enforcing the Death Penalty Laws in the District of Columbia to Deter and Punish the Most Heinous Crimes,policy,White House Presidential Actions,https://www.whitehouse.gov/presidential-actions/2025/09/enforcing-the-death-penalty-laws-in-the-district-of-columbia-to-deter-and-punish-the-most-heinous-crimes/,123,0.6,N,,
20250525_br0231,2025-05-25,"Presidential Message on National Missing Children’s Day, 2025","이민/국경, 안보/군사, 경제/세금, 사법/법무, 선거/정치",2025-08-21,"[조치] Presidential Permit: Authorizing Cameron County, Texas, to Construct, Maintain, and Operate a Pedestrian Border Crossing at the Gateway International Bridge Land Port of Entry",policy,White House Presidential Actions,https://www.whitehouse.gov/presidential-actions/2025/08/presidential-permit-authorizing-cameron-county-texas-to-construct-maintain-and-operate-a-pedestrian-border-crossing-at-the-gateway-international-bridge-land-port-of-entry/,88,0.5,N,,
20250525_br0231,2025-05-25,"Presidential Message on National Missing Children’s Day, 2025","이민/국경, 안보/군사, 경제/세금, 사법/법무, 선거/정치",2025-06-09,"[조치] Presidential Permit Authorizing Green Corridors, LLC, to Construct, Maintain, and Operate a Commercial Elevated Guideway Border Crossing Near Laredo, Texas, at the International Boundary Between ",policy,White House Presidential Actions,https://www.whitehouse.gov/presidential-actions/2025/06/presidential-permit-authorizing-green-corridors-llc-to-construct-maintain-and-operate-commercial-elevated-guideway-border-crossing-near-laredo-texas-at-the-international-boundary-between-the-us-mexico/,15,0.5,N,,
20250521_br0232,2025-05-21,First Lady Melania Trump Speaks at Senate Spouses Luncheon on Supporting Children & Youth,"무역/관세, 외교/동맹, 안보/군사, 경제/세금, 규제완화, 사법/법무, 선거/정치",2025-11-04,[조치] Modifying Reciprocal Tariff Rates Consistent with the Economic and Trade Arrangement Between the United States and the People’s Republic of China,policy,White House Presidential Actions,https://www.whitehouse.gov/presidential-actions/2025/11/modifying-reciprocal-tariff-rates-consistent-with-the-economic-and-trade-arrangement-between-the-united-states-and-the-peoples-republic-of-china/,167,0.8,N,,
20250521_br0232,2025-05-21,First Lady Melania Trump Speaks at Senate Spouses Luncheon on Supporting Children & Youth,"무역/관세, 외교/동맹, 안보/군사, 경제/세금, 규제완화, 사법/법무, 선거/정치",2025-10-17,"[조치] Adjusting Imports Of Medium- And Heavy-Duty Vehicles, Medium- And Heavy-Duty Vehicle Parts, And Buses Into The United States",policy,White House Presidential Actions,https://www.whitehouse.gov/presidential-actions/2025/10/adjusting-imports-of-medium-and-heavy-duty-vehicles-medium-and-heavy-duty-vehicle-parts-and-buses-into-the-united-states/,149,0.8,N,,
20250521_br0232,2025-05-21,First Lady Melania Trump Speaks at Senate Spouses Luncheon on Supporting Children & Youth,"무역/관세, 외교/동맹, 안보/군사, 경제/세금, 규제완화, 사법/법무, 선거/정치",2025-09-30,"[조치] Adjusting Imports of Timber, Lumber, and their Derivative Products into the United States",policy,White House Presidential Actions,https://www.whitehouse.gov/presidential-actions/2025/09/adjusting-imports-of-timber-lumber-and-their-derivative-products-into-the-united-states/,132,0.6,N,,
20250521_br0232,2025-05-21,First Lady Melania Trump Speaks at Senate Spouses Luncheon on Supporting Children & Youth,"무역/관세, 외교/동맹, 안보/군사, 경제/세금, 규제완화, 사법/법무, 선거/정치",2025-09-25,[조치] Enforcing the Death Penalty Laws in the District of Columbia to Deter and Punish the Most Heinous Crimes,policy,White House Presidential Actions,https://www.whitehouse.gov/presidential-actions/2025/09/enforcing-the-death-penalty-laws-in-the-district-of-columbia-to-deter-and-punish-the-most-heinous-crimes/,127,0.6,N,,
20250521_br0232,2025-05-21,First Lady Melania Trump Speaks at Senate Spouses Luncheon on Supporting Children & Youth,"무역/관세, 외교/동맹, 안보/군사, 경제/세금, 규제완화, 사법/법무, 선거/정치",2025-09-05,[조치] Modifying The Scope of Reciprocal Tariffs and Establishing Procedures for Implementing Trade and Security Agreements,policy,White House Presidential Actions,https://www.whitehouse.gov/presidential-actions/2025/09/modifying-the-scope-of-reciprocal-tariffs-and-establishing-procedures-for-implementing-trade-and-security-agreements/,107,0.6,N,,
20250521_br0233,2025-05-21,"Presidential Message on Emergency Medical Services Week, 2025","무역/관세, 안보/군사, 경제/세금, 미디어",2025-11-04,[조치] Modifying Reciprocal Tariff Rates Consistent with the Economic and Trade Arrangement Between the United States and the People’s Republic of China,policy,White House Presidential Actions,https://www.whitehouse.gov/presidential-actions/2025/11/modifying-reciprocal-tariff-rates-consistent-with-the-economic-and-trade-arrangement-between-the-united-states-and-the-peoples-republic-of-china/,167,0.6,N,,
20250521_br0233,2025-05-21,"Presidential Message on Emergency Medical Services Week, 2025","무역/관세, 안보/군사, 경제/세금, 미디어",2025-10-17,"[조치] Adjusting Imports Of Medium- And Heavy-Duty Vehicles, Medium- And Heavy-Duty Vehicle Parts, And Buses Into The United States",policy,White House Presidential Actions,https://www.whitehouse.gov/presidential-actions/2025/10/adjusting-imports-of-medium-and-heavy-duty-vehicles-medium-and-heavy-duty-vehicle-parts-and-buses-into-the-united-states/,149,0.6,N,,
20250521_br0233,2025-05-21,"Presidential Message on Emergency Medical Services Week, 2025","무역/관세, 안보/군사, 경제/세금, 미디어",2025-09-05,[조치] Modifying The Scope of Reciprocal Tariffs and Establishing Procedures for Implementing Trade and Security Agreements,policy,White House Presidential Actions,https://www.whitehouse.gov/presidential-actions/2025/09/modifying-the-scope-of-reciprocal-tariffs-and-establishing-procedures-for-implementing-trade-and-security-agreements/,107,0.6,N,,
20250521_br0233,2025-05-21,"Presidential Message on Emergency Medical Services Week, 2025","무역/관세, 안보/군사, 경제/세금, 미디어",2025-05-24,"[조치] World Trade Week, 2025",policy,White House Presidential Actions,https://www.whitehouse.gov/presidential-actions/2025/05/world-trade-week-2025/,3,0.5,Y,Y,
20250521_br0233,2025-05-21,"Presidential Message on Emergency Medical Services Week, 2025","무역/관세, 안보/군사, 경제/세금, 미디어",2025-09-30,"[조치] Adjusting Imports of Timber, Lumber, and their Derivative Products into the United States",policy,White House Presidential Actions,https://www.whitehouse.gov/presidential-actions/2025/09/adjusting-imports-of-timber-lumber-and-their-derivative-products-into-the-united-states/,132,0.4,N,,
20250521_br0234,2025-05-21,"Presidential Message on Cuban Independence Day, 2025","외교/동맹, 안보/군사",2025-10-10,[조치] Presidential Message on National Breast Cancer Awareness Month,policy,White House Presidential Actions,https://www.whitehouse.gov/presidential-actions/2025/10/presidential-message-on-national-breast-cancer-awareness-month/,142,0.3,N,,
20250521_br0234,2025-05-21,"Presidential Message on Cuban Independence Day, 2025","외교/동맹, 안보/군사",2025-07-03,[조치] Making America Beautiful Again by Improving Our National Parks,policy,White House Presidential Actions,https://www.whitehouse.gov/presidential-actions/2025/07/making-america-beautiful-again-by-improving-our-national-parks/,43,0.3,N,,
20250521_br0234,2025-05-21,"Presidential Message on Cuban Independence Day, 2025","외교/동맹, 안보/군사",2025-06-30,[조치] Providing for the Revocation of Syria Sanctions,policy,White House Presidential Actions,https://www.whitehouse.gov/presidential-actions/2025/06/providing-for-the-revocation-of-syria-sanctions/,40,0.3,N,,
20250521_br0234,2025-05-21,"Presidential Message on Cuban Independence Day, 2025","외교/동맹, 안보/군사",2025-06-08,[조치] Department of Defense Security for the Protection of Department of Homeland Security Functions,policy,White House Presidential Actions,https://www.whitehouse.gov/presidential-actions/2025/06/department-of-defense-security-for-the-protection-of-department-of-homeland-security-functions/,18,0.3,N,,
20250520_br0235,2025-05-20,First Lady Melania Trump Welcomes Children to the White House for Take Our Daughters and Sons to Work Day,"무역/관세, 경제/세금, 선거/정치",2025-11-04,[조치] Modifying Reciprocal Tariff Rates Consistent with the Economic and Trade Arrangement Between the United States and the People’s Republic of China,policy,White House Presidential Actions,https://www.whitehouse.gov/presidential-actions/2025/11/modifying-reciprocal-tariff-rates-consistent-with-the-economic-and-trade-arrangement-between-the-united-states-and-the-peoples-republic-of-china/,168,0.6,N,,
20250520_br0235,2025-05-20,First Lady Melania Trump Welcomes Children to the White House for Take Our Daughters and Sons to Work Day,"무역/관세, 경제/세금, 선거/정치",2025-10-17,"[조치] Adjusting Imports Of Medium- And Heavy-Duty Vehicles, Medium- And Heavy-Duty Vehicle Parts, And Buses Into The United States",policy,White House Presidential Actions,https://www.whitehouse.gov/presidential-actions/2025/10/adjusting-imports-of-medium-and-heavy-duty-vehicles-medium-and-heavy-duty-vehicle-parts-and-buses-into-the-united-states/,150,0.6,N,,
20250520_br0235,2025-05-20,First Lady Melania Trump Welcomes Children to the White House for Take Our Daughters and Sons to Work Day,"무역/관세, 경제/세금, 선거/정치",2025-09-05,[조치] Modifying The Scope of Reciprocal Tariffs and Establishing Procedures for Implementing Trade and Security Agreements,policy,White House Presidential Actions,https://www.whitehouse.gov/presidential-actions/2025/09/modifying-the-scope-of-reciprocal-tariffs-and-establishing-procedures-for-implementing-trade-and-security-agreements/,108,0.6,N,,
20250520_br0235,2025-05-20,First Lady Melania Trump Welcomes Children to the White House for Take Our Daughters and Sons to Work Day,"무역/관세, 경제/세금, 선거/정치",2025-08-12,[조치] Further Modifying Reciprocal Tariff Rates to Reflect Ongoing Discussions with The People’s Republic of China,policy,White House Presidential Actions,https://www.whitehouse.gov/presidential-actions/2025/08/further-modifying-reciprocal-tariff-rates-to-reflect-ongoing-discussions-with-the-peoples-republic-of-china/,84,0.4,N,,
20250520_br0235,2025-05-20,First Lady Melania Trump Welcomes Children to the White House for Take Our Daughters and Sons to Work Day,"무역/관세, 경제/세금, 선거/정치",2025-07-23,[조치] Promoting The Export of the American AI Technology Stack,policy,White House Presidential Actions,https://www.whitehouse.gov/presidential-actions/2025/07/promoting-the-export-of-the-american-ai-technology-stack/,64,0.4,N,,
20250520_br0236,2025-05-20,President Trump Announces Presidential Delegation to the Republic of Ecuador to Attend the Inauguration of His Excellency Daniel Noboa,보건,2025-09-09,[각서] Memorandum for the Secretary of Health and Human Services the Commissioner of Food and Drugs,executive_order,White House Presidential Actions,https://www.whitehouse.gov/presidential-actions/2025/09/memorandum-for-the-secretary-of-health-and-human-services-the-commissioner-of-food-and-drugs/,112,0.9,N,,
20250520_br0236,2025-05-20,President Trump Announces Presidential Delegation to the Republic of Ecuador to Attend the Inauguration of His Excellency Daniel Noboa,보건,2025-05-20,[조치] President Donald J. Trump Signed S. 146 into Law,policy,White House Presidential Actions,https://www.whitehouse.gov/presidential-actions/2025/05/president-donald-j-trump-signed-s-146-into-law/,0,0.3,N,,
20250520_br0236,2025-05-20,President Trump Announces Presidential Delegation to the Republic of Ecuador to Attend the Inauguration of His Excellency Daniel Noboa,보건,2025-08-01,[조치] Amendment to Duties to Address the Flow of Illicit Drugs Across Our Northern Border,policy,White House Presidential Actions,https://www.whitehouse.gov/presidential-actions/2025/07/amendment-to-duties-to-address-the-flow-of-illicit-drugs-across-our-northern-border-9350/,73,0.3,N,,
20250520_br0237,2025-05-20,First Lady Melania Trump Joins President Trump for Signing of the “TAKE IT DOWN” Act,"무역/관세, 외교/동맹, 안보/군사, 에너지, 규제완화, 사법/법무, 선거/정치, 미디어",2025-05-20,[조치] President Donald J. Trump Signed S. 146 into Law,policy,White House Presidential Actions,https://www.whitehouse.gov/presidential-actions/2025/05/president-donald-j-trump-signed-s-146-into-law/,0,0.6,Y,Y,
20250520_br0237,2025-05-20,First Lady Melania Trump Joins President Trump for Signing of the “TAKE IT DOWN” Act,"무역/관세, 외교/동맹, 안보/군사, 에너지, 규제완화, 사법/법무, 선거/정치, 미디어",2025-11-04,[조치] Modifying Reciprocal Tariff Rates Consistent with the Economic and Trade Arrangement Between the United States and the People’s Republic of China,policy,White House Presidential Actions,https://www.whitehouse.gov/presidential-actions/2025/11/modifying-reciprocal-tariff-rates-consistent-with-the-economic-and-trade-arrangement-between-the-united-states-and-the-peoples-republic-of-china/,168,0.6,N,,
20250520_br0237,2025-05-20,First Lady Melania Trump Joins President Trump for Signing of the “TAKE IT DOWN” Act,"무역/관세, 외교/동맹, 안보/군사, 에너지, 규제완화, 사법/법무, 선거/정치, 미디어",2025-10-17,"[조치] Adjusting Imports Of Medium- And Heavy-Duty Vehicles, Medium- And Heavy-Duty Vehicle Parts, And Buses Into The United States",policy,White House Presidential Actions,https://www.whitehouse.gov/presidential-actions/2025/10/adjusting-imports-of-medium-and-heavy-duty-vehicles-medium-and-heavy-duty-vehicle-parts-and-buses-into-the-united-states/,150,0.6,N,,
20250520_br0237,2025-05-20,First Lady Melania Trump Joins President Trump for Signing of the “TAKE IT DOWN” Act,"무역/관세, 외교/동맹, 안보/군사, 에너지, 규제완화, 사법/법무, 선거/정치, 미디어",2025-09-25,[조치] Enforcing the Death Penalty Laws in the District of Columbia to Deter and Punish the Most Heinous Crimes,policy,White House Presidential Actions,https://www.whitehouse.gov/presidential-actions/2025/09/enforcing-the-death-penalty-laws-in-the-district-of-columbia-to-deter-and-punish-the-most-heinous-crimes/,128,0.6,N,,
20250520_br0237,2025-05-20,First Lady Melania Trump Joins President Trump for Signing of the “TAKE IT DOWN” Act,"무역/관세, 외교/동맹, 안보/군사, 에너지, 규제완화, 사법/법무, 선거/정치, 미디어",2025-09-05,[조치] Modifying The Scope of Reciprocal Tariffs and Establishing Procedures for Implementing Trade and Security Agreements,policy,White House Presidential Actions,https://www.whitehouse.gov/presidential-actions/2025/09/modifying-the-scope-of-reciprocal-tariffs-and-establishing-procedures-for-implementing-trade-and-security-agreements/,108,0.6,N,,
20250519_br0238,2025-05-19,Remarks by Director Kratsios at the National Academy of Sciences,"경제/세금, 규제완화, 보건",2025-09-09,[각서] Memorandum for the Secretary of Health and Human Services the Commissioner of Food and Drugs,executive_order,White House Presidential Actions,https://www.whitehouse.gov/presidential-actions/2025/09/memorandum-for-the-secretary-of-health-and-human-services-the-commissioner-of-food-and-drugs/,113,0.6,N,,
20250519_br0238,2025-05-19,Remarks by Director Kratsios at the National Academy of Sciences,"경제/세금, 규제완화, 보건",2025-09-18,[각서] Memorandum of Understanding Between the Government of The United States of America and the Government of The United Kingdom of Great Britain and Northern Ireland Regarding the Technology Prosperi,executive_order,White House Presidential Actions,https://www.whitehouse.gov/presidential-actions/2025/09/memorandum-of-understanding-between-the-government-of-the-united-states-of-america-and-the-government-of-the-united-kingdom-of-great-britain-and-northern-ireland-regarding-the-technology-prosperity-de/,122,0.4,N,,
20250519_br0238,2025-05-19,Remarks by Director Kratsios at the National Academy of Sciences,"경제/세금, 규제완화, 보건",2025-08-01,[조치] Amendment to Duties to Address the Flow of Illicit Drugs Across Our Northern Border,policy,White House Presidential Actions,https://www.whitehouse.gov/presidential-actions/2025/07/amendment-to-duties-to-address-the-flow-of-illicit-drugs-across-our-northern-border-9350/,74,0.4,N,,
20250519_br0238,2025-05-19,Remarks by Director Kratsios at the National Academy of Sciences,"경제/세금, 규제완화, 보건",2025-05-30,"[조치] Sequestration Order for Fiscal Year 2026 Pursuant to Section 251A of the Balanced Budget and Emergency Deficit Control Act, As Amended",policy,White House Presidential Actions,https://www.whitehouse.gov/presidential-actions/2025/05/sequestration-order-for-fiscal-year-2026-pursuant-to-section-251a-of-the-balanced-budget-and-emergency-deficit-control-act-as-amended/,11,0.4,Y,Y,
20250519_br0238,2025-05-19,Remarks by Director Kratsios at the National Academy of Sciences,"경제/세금, 규제완화, 보건",2025-07-17,[조치] Regulatory Relief for Certain Stationary Sources to Further Promote American Energy,policy,White House Presidential Actions,https://www.whitehouse.gov/presidential-actions/2025/07/regulatory-relief-for-certain-stationary-sources-to-further-promote-american-energy/,59,0.3,N,,
20250516_br0239,2025-05-16,President Donald Trump Names Advisory Board Members to the Religious Liberty Commission,"경제/세금, 에너지, 사법/법무, 선거/정치",2025-06-30,"[조치] Presidential Permit: Authorizing Junction Pipeline Company, LLC to Construct, Connect, Operate, and Maintain Pipeline Facilities at Toole County, Montana, at the International Boundary Between th",policy,White House Presidential Actions,https://www.whitehouse.gov/presidential-actions/2025/06/presidential-permit-authorizing-junction-pipeline-company-llc-to-construct-connect-operate-and-maintain-pipeline-facilities-at-toole-county-montana-at-the-international-boundary-between-the-uni/,45,0.6,Y,Y,
20250516_br0239,2025-05-16,President Donald Trump Names Advisory Board Members to the Religious Liberty Commission,"경제/세금, 에너지, 사법/법무, 선거/정치",2025-06-30,"[조치] Presidential Permit Authorizing South Bow (USA) LP to Operate and Maintain Pipeline Facilities at Cavalier County, North Dakota, at the International Boundary Between the United States and Canada",policy,White House Presidential Actions,https://www.whitehouse.gov/presidential-actions/2025/06/text-of-a-letter-from-the-president-to-the-speaker-of-the-house-of-representatives/,45,0.6,Y,Y,
20250516_br0239,2025-05-16,President Donald Trump Names Advisory Board Members to the Religious Liberty Commission,"경제/세금, 에너지, 사법/법무, 선거/정치",2025-06-30,"[조치] Presidential Permit Authorizing Steel Reef US Pipelines LLC To Operate and Maintain Pipeline Facilities at Burke County, North Dakota, at the International Boundary Between the United States and ",policy,White House Presidential Actions,https://www.whitehouse.gov/presidential-actions/2025/06/presidential-permit-authorizing-steel-reef-us-pipelines-llc-to-operate-and-maintain-pipeline-facilities-at-burke-county-north-dakota-at-the-international-boundary-between-the-united-states-and-canad/,45,0.6,Y,Y,
20250516_br0239,2025-05-16,President Donald Trump Names Advisory Board Members to the Religious Liberty Commission,"경제/세금, 에너지, 사법/법무, 선거/정치",2025-05-20,[조치] President Donald J. Trump Signed S. 146 into Law,policy,White House Presidential Actions,https://www.whitehouse.gov/presidential-actions/2025/05/president-donald-j-trump-signed-s-146-into-law/,4,0.6,Y,Y,
20250516_br0239,2025-05-16,President Donald Trump Names Advisory Board Members to the Religious Liberty Commission,"경제/세금, 에너지, 사법/법무, 선거/정치",2025-09-25,[조치] Enforcing the Death Penalty Laws in the District of Columbia to Deter and Punish the Most Heinous Crimes,policy,White House Presidential Actions,https://www.whitehouse.gov/presidential-actions/2025/09/enforcing-the-death-penalty-laws-in-the-district-of-columbia-to-deter-and-punish-the-most-heinous-crimes/,132,0.6,N,,
20250512_br0240,2025-05-12,"Presidential Message on the National Women’s Health Week, 2025","안보/군사, 보건",2025-09-09,[각서] Memorandum for the Secretary of Health and Human Services the Commissioner of Food and Drugs,executive_order,White House Presidential Actions,https://www.whitehouse.gov/presidential-actions/2025/09/memorandum-for-the-secretary-of-health-and-human-services-the-commissioner-of-food-and-drugs/,120,0.7,N,,
20250512_br0240,2025-05-12,"Presidential Message on the National Women’s Health Week, 2025","안보/군사, 보건",2025-05-12,[조치] Delivering Most-Favored-Nation Prescription Drug Pricing to American Patients,policy,White House Presidential Actions,https://www.whitehouse.gov/presidential-actions/2025/05/delivering-most-favored-nation-prescription-drug-pricing-to-american-patients/,0,0.6,Y,Y,
20250512_br0240,2025-05-12,"Presidential Message on the National Women’s Health Week, 2025","안보/군사, 보건",2025-08-01,[조치] Amendment to Duties to Address the Flow of Illicit Drugs Across Our Northern Border,policy,White House Presidential Actions,https://www.whitehouse.gov/presidential-actions/2025/07/amendment-to-duties-to-address-the-flow-of-illicit-drugs-across-our-northern-border-9350/,81,0.5,N,,
20250512_br0240,2025-05-12,"Presidential Message on the National Women’s Health Week, 2025","안보/군사, 보건",2025-07-03,[조치] Making America Beautiful Again by Improving Our National Parks,policy,White House Presidential Actions,https://www.whitehouse.gov/presidential-actions/2025/07/making-america-beautiful-again-by-improving-our-national-parks/,52,0.4,N,,
20250512_br0240,2025-05-12,"Presidential Message on the National Women’s Health Week, 2025","안보/군사, 보건",2025-10-10,[조치] Presidential Message on National Breast Cancer Awareness Month,policy,White House Presidential Actions,https://www.whitehouse.gov/presidential-actions/2025/10/presidential-message-on-national-breast-cancer-awareness-month/,151,0.3,N,,
20250512_br0241,2025-05-12,"Presidential Message on the National Charter Schools Week, 2025","안보/군사, 경제/세금, 규제완화",2025-06-08,[조치] Department of Defense Security for the Protection of Department of Homeland Security Functions,policy,White House Presidential Actions,https://www.whitehouse.gov/presidential-actions/2025/06/department-of-defense-security-for-the-protection-of-department-of-homeland-security-functions/,27,0.4,N,,
20250512_br0241,2025-05-12,"Presidential Message on the National Charter Schools Week, 2025","안보/군사, 경제/세금, 규제완화",2025-05-30,"[조치] Sequestration Order for Fiscal Year 2026 Pursuant to Section 251A of the Balanced Budget and Emergency Deficit Control Act, As Amended",policy,White House Presidential Actions,https://www.whitehouse.gov/presidential-actions/2025/05/sequestration-order-for-fiscal-year-2026-pursuant-to-section-251a-of-the-balanced-budget-and-emergency-deficit-control-act-as-amended/,18,0.4,N,,
20250512_br0241,2025-05-12,"Presidential Message on the National Charter Schools Week, 2025","안보/군사, 경제/세금, 규제완화",2025-10-10,[조치] Presidential Message on National Breast Cancer Awareness Month,policy,White House Presidential Actions,https://www.whitehouse.gov/presidential-actions/2025/10/presidential-message-on-national-breast-cancer-awareness-month/,151,0.3,N,,
20250512_br0241,2025-05-12,"Presidential Message on the National Charter Schools Week, 2025","안보/군사, 경제/세금, 규제완화",2025-08-25,[조치] Taking Steps to End Cashless Bail to Protect Americans,policy,White House Presidential Actions,https://www.whitehouse.gov/presidential-actions/2025/08/taking-steps-to-end-cashless-bail-to-protect-americans/,105,0.3,N,,
20250512_br0241,2025-05-12,"Presidential Message on the National Charter Schools Week, 2025","안보/군사, 경제/세금, 규제완화",2025-06-06,[행정명령] Sustaining Select Efforts to Strengthen the Nation’s Cybersecurity and Amending Executive Order 13694 and Executive Order 14144,executive_order,White House Presidential Actions,https://www.whitehouse.gov/presidential-actions/2025/06/sustaining-select-efforts-to-strengthen-the-nations-cybersecurity-and-amending-executive-order-13694-and-executive-order-14144/,25,0.3,N,,
20250512_br0242,2025-05-12,Joint Statement on U.S.-China Economic and Trade Meeting in Geneva,"무역/관세, 외교/동맹, 안보/군사, 경제/세금",2025-11-04,[조치] Modifying Reciprocal Tariff Rates Consistent with the Economic and Trade Arrangement Between the United States and the People’s Republic of China,policy,White House Presidential Actions,https://www.whitehouse.gov/presidential-actions/2025/11/modifying-reciprocal-tariff-rates-consistent-with-the-economic-and-trade-arrangement-between-the-united-states-and-the-peoples-republic-of-china/,176,1.0,N,,
20250512_br0242,2025-05-12,Joint Statement on U.S.-China Economic and Trade Meeting in Geneva,"무역/관세, 외교/동맹, 안보/군사, 경제/세금",2025-08-12,[조치] Further Modifying Reciprocal Tariff Rates to Reflect Ongoing Discussions with The People’s Republic of China,policy,White House Presidential Actions,https://www.whitehouse.gov/presidential-actions/2025/08/further-modifying-reciprocal-tariff-rates-to-reflect-ongoing-discussions-with-the-peoples-republic-of-china/,92,0.9,N,,
20250512_br0242,2025-05-12,Joint Statement on U.S.-China Economic and Trade Meeting in Geneva,"무역/관세, 외교/동맹, 안보/군사, 경제/세금",2025-05-12,[조치] Modifying Reciprocal Tariff Rates to Reflect Discussions with the People’s Republic of China,policy,White House Presidential Actions,https://www.whitehouse.gov/presidential-actions/2025/05/modifying-reciprocal-tariff-rates-to-reflect-discussions-with-the-peoples-republic-of-china/,0,0.9,Y,Y,
20250512_br0242,2025-05-12,Joint Statement on U.S.-China Economic and Trade Meeting in Geneva,"무역/관세, 외교/동맹, 안보/군사, 경제/세금",2025-10-17,"[조치] Adjusting Imports Of Medium- And Heavy-Duty Vehicles, Medium- And Heavy-Duty Vehicle Parts, And Buses Into The United States",policy,White House Presidential Actions,https://www.whitehouse.gov/presidential-actions/2025/10/adjusting-imports-of-medium-and-heavy-duty-vehicles-medium-and-heavy-duty-vehicle-parts-and-buses-into-the-united-states/,158,0.8,N,,
20250512_br0242,2025-05-12,Joint Statement on U.S.-China Economic and Trade Meeting in Geneva,"무역/관세, 외교/동맹, 안보/군사, 경제/세금",2025-09-05,[조치] Modifying The Scope of Reciprocal Tariffs and Establishing Procedures for Implementing Trade and Security Agreements,policy,White House Presidential Actions,https://www.whitehouse.gov/presidential-actions/2025/09/modifying-the-scope-of-reciprocal-tariffs-and-establishing-procedures-for-implementing-trade-and-security-agreements/,116,0.7,N,,
20250510_br0243,2025-05-10,Presidential Message on the 250th Anniversary of the First Convening of the Second Continental Congress,"무역/관세, 안보/군사, 경제/세금, 사법/법무, 선거/정치",2025-11-04,[조치] Modifying Reciprocal Tariff Rates Consistent with the Economic and Trade Arrangement Between the United States and the People’s Republic of China,policy,White House Presidential Actions,https://www.whitehouse.gov/presidential-actions/2025/11/modifying-reciprocal-tariff-rates-consistent-with-the-economic-and-trade-arrangement-between-the-united-states-and-the-peoples-republic-of-china/,178,0.7,N,,
20250510_br0243,2025-05-10,Presidential Message on the 250th Anniversary of the First Convening of the Second Continental Congress,"무역/관세, 안보/군사, 경제/세금, 사법/법무, 선거/정치",2025-10-17,"[조치] Adjusting Imports Of Medium- And Heavy-Duty Vehicles, Medium- And Heavy-Duty Vehicle Parts, And Buses Into The United States",policy,White House Presidential Actions,https://www.whitehouse.gov/presidential-actions/2025/10/adjusting-imports-of-medium-and-heavy-duty-vehicles-medium-and-heavy-duty-vehicle-parts-and-buses-into-the-united-states/,160,0.6,N,,
20250510_br0243,2025-05-10,Presidential Message on the 250th Anniversary of the First Convening of the Second Continental Congress,"무역/관세, 안보/군사, 경제/세금, 사법/법무, 선거/정치",2025-09-25,[조치] Enforcing the Death Penalty Laws in the District of Columbia to Deter and Punish the Most Heinous Crimes,policy,White House Presidential Actions,https://www.whitehouse.gov/presidential-actions/2025/09/enforcing-the-death-penalty-laws-in-the-district-of-columbia-to-deter-and-punish-the-most-heinous-crimes/,138,0.6,N,,
20250510_br0243,2025-05-10,Presidential Message on the 250th Anniversary of the First Convening of the Second Continental Congress,"무역/관세, 안보/군사, 경제/세금, 사법/법무, 선거/정치",2025-09-05,[조치] Modifying The Scope of Reciprocal Tariffs and Establishing Procedures for Implementing Trade and Security Agreements,policy,White House Presidential Actions,https://www.whitehouse.gov/presidential-actions/2025/09/modifying-the-scope-of-reciprocal-tariffs-and-establishing-procedures-for-implementing-trade-and-security-agreements/,118,0.6,N,,
20250510_br0243,2025-05-10,Presidential Message on the 250th Anniversary of the First Convening of the Second Continental Congress,"무역/관세, 안보/군사, 경제/세금, 사법/법무, 선거/정치",2025-09-30,"[조치] Adjusting Imports of Timber, Lumber, and their Derivative Products into the United States",policy,White House Presidential Actions,https://www.whitehouse.gov/presidential-actions/2025/09/adjusting-imports-of-timber-lumber-and-their-derivative-products-into-the-united-states/,143,0.4,N,,
20250509_br0244,2025-05-09,First Lady Melania Trump Secures $25 Million Investment in President’s FY26 Budget for Foster Youth,"무역/관세, 안보/군사, 경제/세금, 규제완화, 미디어, 보건",2025-09-09,[각서] Memorandum for the Secretary of Health and Human Services the Commissioner of Food and Drugs,executive_order,White House Presidential Actions,https://www.whitehouse.gov/presidential-actions/2025/09/memorandum-for-the-secretary-of-health-and-human-services-the-commissioner-of-food-and-drugs/,123,1.0,N,,
20250509_br0244,2025-05-09,First Lady Melania Trump Secures $25 Million Investment in President’s FY26 Budget for Foster Youth,"무역/관세, 안보/군사, 경제/세금, 규제완화, 미디어, 보건",2025-11-04,[조치] Modifying Reciprocal Tariff Rates Consistent with the Economic and Trade Arrangement Between the United States and the People’s Republic of China,policy,White House Presidential Actions,https://www.whitehouse.gov/presidential-actions/2025/11/modifying-reciprocal-tariff-rates-consistent-with-the-economic-and-trade-arrangement-between-the-united-states-and-the-peoples-republic-of-china/,179,0.6,N,,
20250509_br0244,2025-05-09,First Lady Melania Trump Secures $25 Million Investment in President’s FY26 Budget for Foster Youth,"무역/관세, 안보/군사, 경제/세금, 규제완화, 미디어, 보건",2025-10-17,"[조치] Adjusting Imports Of Medium- And Heavy-Duty Vehicles, Medium- And Heavy-Duty Vehicle Parts, And Buses Into The United States",policy,White House Presidential Actions,https://www.whitehouse.gov/presidential-actions/2025/10/adjusting-imports-of-medium-and-heavy-duty-vehicles-medium-and-heavy-duty-vehicle-parts-and-buses-into-the-united-states/,161,0.6,N,,
20250509_br0244,2025-05-09,First Lady Melania Trump Secures $25 Million Investment in President’s FY26 Budget for Foster Youth,"무역/관세, 안보/군사, 경제/세금, 규제완화, 미디어, 보건",2025-09-05,[조치] Modifying The Scope of Reciprocal Tariffs and Establishing Procedures for Implementing Trade and Security Agreements,policy,White House Presidential Actions,https://www.whitehouse.gov/presidential-actions/2025/09/modifying-the-scope-of-reciprocal-tariffs-and-establishing-procedures-for-implementing-trade-and-security-agreements/,119,0.6,N,,
20250509_br0244,2025-05-09,First Lady Melania Trump Secures $25 Million Investment in President’s FY26 Budget for Foster Youth,"무역/관세, 안보/군사, 경제/세금, 규제완화, 미디어, 보건",2025-08-12,[조치] Further Modifying Reciprocal Tariff Rates to Reflect Ongoing Discussions with The People’s Republic of China,policy,White House Presidential Actions,https://www.whitehouse.gov/presidential-actions/2025/08/further-modifying-reciprocal-tariff-rates-to-reflect-ongoing-discussions-with-the-peoples-republic-of-china/,95,0.4,N,,
20250508_br0245,2025-05-08,General Terms for the United States of America and the United Kingdom of Great Britain and Northern Ireland Economic Prosperity Deal,"무역/관세, 안보/군사, 경제/세금, 미디어",2025-11-04,[조치] Modifying Reciprocal Tariff Rates Consistent with the Economic and Trade Arrangement Between the United States and the People’s Republic of China,policy,White House Presidential Actions,https://www.whitehouse.gov/presidential-actions/2025/11/modifying-reciprocal-tariff-rates-consistent-with-the-economic-and-trade-arrangement-between-the-united-states-and-the-peoples-republic-of-china/,180,1.0,N,,
20250508_br0245,2025-05-08,General Terms for the United States of America and the United Kingdom of Great Britain and Northern Ireland Economic Prosperity Deal,"무역/관세, 안보/군사, 경제/세금, 미디어",2025-09-18,[각서] Memorandum of Understanding Between the Government of The United States of America and the Government of The United Kingdom of Great Britain and Northern Ireland Regarding the Technology Prosperi,executive_order,White House Presidential Actions,https://www.whitehouse.gov/presidential-actions/2025/09/memorandum-of-understanding-between-the-government-of-the-united-states-of-america-and-the-government-of-the-united-kingdom-of-great-britain-and-northern-ireland-regarding-the-technology-prosperity-de/,133,1.0,N,,
20250508_br0245,2025-05-08,General Terms for the United States of America and the United Kingdom of Great Britain and Northern Ireland Economic Prosperity Deal,"무역/관세, 안보/군사, 경제/세금, 미디어",2025-10-17,"[조치] Adjusting Imports Of Medium- And Heavy-Duty Vehicles, Medium- And Heavy-Duty Vehicle Parts, And Buses Into The United States",policy,White House Presidential Actions,https://www.whitehouse.gov/presidential-actions/2025/10/adjusting-imports-of-medium-and-heavy-duty-vehicles-medium-and-heavy-duty-vehicle-parts-and-buses-into-the-united-states/,162,0.9,N,,
20250508_br0245,2025-05-08,General Terms for the United States of America and the United Kingdom of Great Britain and Northern Ireland Economic Prosperity Deal,"무역/관세, 안보/군사, 경제/세금, 미디어",2025-09-05,[조치] Modifying The Scope of Reciprocal Tariffs and Establishing Procedures for Implementing Trade and Security Agreements,policy,White House Presidential Actions,https://www.whitehouse.gov/presidential-actions/2025/09/modifying-the-scope-of-reciprocal-tariffs-and-establishing-procedures-for-implementing-trade-and-security-agreements/,120,0.9,N,,
20250508_br0245,2025-05-08,General Terms for the United States of America and the United Kingdom of Great Britain and Northern Ireland Economic Prosperity Deal,"무역/관세, 안보/군사, 경제/세금, 미디어",2025-08-12,[조치] Further Modifying Reciprocal Tariff Rates to Reflect Ongoing Discussions with The People’s Republic of China,policy,White House Presidential Actions,https://www.whitehouse.gov/presidential-actions/2025/08/further-modifying-reciprocal-tariff-rates-to-reflect-ongoing-discussions-with-the-peoples-republic-of-china/,96,0.8,N,,
20250508_br0246,2025-05-08,First Lady Melania Trump Honors Former First Lady Barbara Bush with Stamp Unveiling Ceremony at The White House,"무역/관세, 안보/군사, 경제/세금, 규제완화, 선거/정치, 보건",2025-11-04,[조치] Modifying Reciprocal Tariff Rates Consistent with the Economic and Trade Arrangement Between the United States and the People’s Republic of China,policy,White House Presidential Actions,https://www.whitehouse.gov/presidential-actions/2025/11/modifying-reciprocal-tariff-rates-consistent-with-the-economic-and-trade-arrangement-between-the-united-states-and-the-peoples-republic-of-china/,180,0.8,N,,
20250508_br0246,2025-05-08,First Lady Melania Trump Honors Former First Lady Barbara Bush with Stamp Unveiling Ceremony at The White House,"무역/관세, 안보/군사, 경제/세금, 규제완화, 선거/정치, 보건",2025-10-17,"[조치] Adjusting Imports Of Medium- And Heavy-Duty Vehicles, Medium- And Heavy-Duty Vehicle Parts, And Buses Into The United States",policy,White House Presidential Actions,https://www.whitehouse.gov/presidential-actions/2025/10/adjusting-imports-of-medium-and-heavy-duty-vehicles-medium-and-heavy-duty-vehicle-parts-and-buses-into-the-united-states/,162,0.8,N,,
20250508_br0246,2025-05-08,First Lady Melania Trump Honors Former First Lady Barbara Bush with Stamp Unveiling Ceremony at The White House,"무역/관세, 안보/군사, 경제/세금, 규제완화, 선거/정치, 보건",2025-09-30,"[조치] Adjusting Imports of Timber, Lumber, and their Derivative Products into the United States",policy,White House Presidential Actions,https://www.whitehouse.gov/presidential-actions/2025/09/adjusting-imports-of-timber-lumber-and-their-derivative-products-into-the-united-states/,145,0.6,N,,
20250508_br0246,2025-05-08,First Lady Melania Trump Honors Former First Lady Barbara Bush with Stamp Unveiling Ceremony at The White House,"무역/관세, 안보/군사, 경제/세금, 규제완화, 선거/정치, 보건",2025-09-09,[각서] Memorandum for the Secretary of Health and Human Services the Commissioner of Food and Drugs,executive_order,White House Presidential Actions,https://www.whitehouse.gov/presidential-actions/2025/09/memorandum-for-the-secretary-of-health-and-human-services-the-commissioner-of-food-and-drugs/,124,0.6,N,,
20250508_br0246,2025-05-08,First Lady Melania Trump Honors Former First Lady Barbara Bush with Stamp Unveiling Ceremony at The White House,"무역/관세, 안보/군사, 경제/세금, 규제완화, 선거/정치, 보건",2025-09-05,[조치] Modifying The Scope of Reciprocal Tariffs and Establishing Procedures for Implementing Trade and Security Agreements,policy,White House Presidential Actions,https://www.whitehouse.gov/presidential-actions/2025/09/modifying-the-scope-of-reciprocal-tariffs-and-establishing-procedures-for-implementing-trade-and-security-agreements/,120,0.6,N,,
20250508_br0247,2025-05-08,First Lady Melania Trump Reflects on the Strength of Motherhood During White House Military Mothers Celebration,"안보/군사, 규제완화, 선거/정치",2025-05-09,"[조치] Military Spouse Day, 2025",policy,White House Presidential Actions,https://www.whitehouse.gov/presidential-actions/2025/05/military-spouse-day-2025/,1,0.4,Y,Y,
20250508_br0247,2025-05-08,First Lady Melania Trump Reflects on the Strength of Motherhood During White House Military Mothers Celebration,"안보/군사, 규제완화, 선거/정치",2025-05-20,[조치] President Donald J. Trump Signed S. 146 into Law,policy,White House Presidential Actions,https://www.whitehouse.gov/presidential-actions/2025/05/president-donald-j-trump-signed-s-146-into-law/,12,0.3,N,,
20250508_br0247,2025-05-08,First Lady Melania Trump Reflects on the Strength of Motherhood During White House Military Mothers Celebration,"안보/군사, 규제완화, 선거/정치",2025-06-08,[조치] Department of Defense Security for the Protection of Department of Homeland Security Functions,policy,White House Presidential Actions,https://www.whitehouse.gov/presidential-actions/2025/06/department-of-defense-security-for-the-protection-of-department-of-homeland-security-functions/,31,0.3,N,,
20250508_br0247,2025-05-08,First Lady Melania Trump Reflects on the Strength of Motherhood During White House Military Mothers Celebration,"안보/군사, 규제완화, 선거/정치",2025-05-16,"[조치] Armed Forces Day, 2025",policy,White House Presidential Actions,https://www.whitehouse.gov/presidential-actions/2025/05/armed-forces-day-2025/,8,0.3,N,,
20250508_br0247,2025-05-08,First Lady Melania Trump Reflects on the Strength of Motherhood During White House Military Mothers Celebration,"안보/군사, 규제완화, 선거/정치",2025-05-09,[조치] Fighting Overcriminalization in Federal Regulations,policy,White House Presidential Actions,https://www.whitehouse.gov/presidential-actions/2025/05/fighting-overcriminalization-in-federal-regulations/,1,0.3,N,,
20250507_br0248,2025-05-07,First Lady Melania Trump’s Statement on the Presidential Proclamation Honoring National Foster Care Month,선거/정치,2025-10-10,[조치] Presidential Message on National Breast Cancer Awareness Month,policy,White House Presidential Actions,https://www.whitehouse.gov/presidential-actions/2025/10/presidential-message-on-national-breast-cancer-awareness-month/,156,0.3,N,,
20250507_br0248,2025-05-07,First Lady Melania Trump’s Statement on the Presidential Proclamation Honoring National Foster Care Month,선거/정치,2025-05-20,[조치] President Donald J. Trump Signed S. 146 into Law,policy,White House Presidential Actions,https://www.whitehouse.gov/presidential-actions/2025/05/president-donald-j-trump-signed-s-146-into-law/,13,0.3,N,,
20250506_br0249,2025-05-06,"Message on National Nurses Day, 2025","안보/군사, 미디어, 보건",2025-09-09,[각서] Memorandum for the Secretary of Health and Human Services the Commissioner of Food and Drugs,executive_order,White House Presidential Actions,https://www.whitehouse.gov/presidential-actions/2025/09/memorandum-for-the-secretary-of-health-and-human-services-the-commissioner-of-food-and-drugs/,126,0.7,N,,
20250506_br0249,2025-05-06,"Message on National Nurses Day, 2025","안보/군사, 미디어, 보건",2025-08-01,[조치] Amendment to Duties to Address the Flow of Illicit Drugs Across Our Northern Border,policy,White House Presidential Actions,https://www.whitehouse.gov/presidential-actions/2025/07/amendment-to-duties-to-address-the-flow-of-illicit-drugs-across-our-northern-border-9350/,87,0.4,N,,
20250506_br0249,2025-05-06,"Message on National Nurses Day, 2025","안보/군사, 미디어, 보건",2025-07-03,[조치] Making America Beautiful Again by Improving Our National Parks,policy,White House Presidential Actions,https://www.whitehouse.gov/presidential-actions/2025/07/making-america-beautiful-again-by-improving-our-national-parks/,58,0.3,N,,
20250506_br0249,2025-05-06,"Message on National Nurses Day, 2025","안보/군사, 미디어, 보건",2025-06-08,[조치] Department of Defense Security for the Protection of Department of Homeland Security Functions,policy,White House Presidential Actions,https://www.whitehouse.gov/presidential-actions/2025/06/department-of-defense-security-for-the-protection-of-department-of-homeland-security-functions/,33,0.3,N,,
20250506_br0249,2025-05-06,"Message on National Nurses Day, 2025","안보/군사, 미디어, 보건",2025-05-16,"[조치] Armed Forces Day, 2025",policy,White House Presidential Actions,https://www.whitehouse.gov/presidential-actions/2025/05/armed-forces-day-2025/,10,0.3,N,,
20250505_br0250,2025-05-05,Presidential Message on National Astronaut Day,"경제/세금, 규제완화",2025-06-30,"[조치] Presidential Permit: Authorizing Junction Pipeline Company, LLC to Construct, Connect, Operate, and Maintain Pipeline Facilities at Toole County, Montana, at the International Boundary Between th",policy,White House Presidential Actions,https://www.whitehouse.gov/presidential-actions/2025/06/presidential-permit-authorizing-junction-pipeline-company-llc-to-construct-connect-operate-and-maintain-pipeline-facilities-at-toole-county-montana-at-the-international-boundary-between-the-uni/,56,0.4,N,,
20250505_br0250,2025-05-05,Presidential Message on National Astronaut Day,"경제/세금, 규제완화",2025-06-30,"[조치] Presidential Permit Authorizing South Bow (USA) LP to Operate and Maintain Pipeline Facilities at Cavalier County, North Dakota, at the International Boundary Between the United States and Canada",policy,White House Presidential Actions,https://www.whitehouse.gov/presidential-actions/2025/06/text-of-a-letter-from-the-president-to-the-speaker-of-the-house-of-representatives/,56,0.4,N,,
20250505_br0250,2025-05-05,Presidential Message on National Astronaut Day,"경제/세금, 규제완화",2025-06-30,"[조치] Presidential Permit Authorizing Steel Reef US Pipelines LLC To Operate and Maintain Pipeline Facilities at Burke County, North Dakota, at the International Boundary Between the United States and ",policy,White House Presidential Actions,https://www.whitehouse.gov/presidential-actions/2025/06/presidential-permit-authorizing-steel-reef-us-pipelines-llc-to-operate-and-maintain-pipeline-facilities-at-burke-county-north-dakota-at-the-international-boundary-between-the-united-states-and-canad/,56,0.4,N,,
20250505_br0250,2025-05-05,Presidential Message on National Astronaut Day,"경제/세금, 규제완화",2025-06-09,"[조치] Presidential Permit Authorizing Green Corridors, LLC, to Construct, Maintain, and Operate a Commercial Elevated Guideway Border Crossing Near Laredo, Texas, at the International Boundary Between ",policy,White House Presidential Actions,https://www.whitehouse.gov/presidential-actions/2025/06/presidential-permit-authorizing-green-corridors-llc-to-construct-maintain-and-operate-commercial-elevated-guideway-border-crossing-near-laredo-texas-at-the-international-boundary-between-the-us-mexico/,35,0.4,N,,
20250505_br0250,2025-05-05,Presidential Message on National Astronaut Day,"경제/세금, 규제완화",2025-10-11,[조치] 250th Anniversary of the Founding of the United States Navy,policy,White House Presidential Actions,https://www.whitehouse.gov/presidential-actions/2025/10/250th-anniversary-of-the-founding-of-the-united-states-navy/,159,0.3,N,,
20250504_br0251,2025-05-04,Presidential Message on the 83rd Anniversary of the Battle of the Coral Sea,"안보/군사, 경제/세금",2025-09-18,[각서] Memorandum of Understanding Between the Government of The United States of America and the Government of The United Kingdom of Great Britain and Northern Ireland Regarding the Technology Prosperi,executive_order,White House Presidential Actions,https://www.whitehouse.gov/presidential-actions/2025/09/memorandum-of-understanding-between-the-government-of-the-united-states-of-america-and-the-government-of-the-united-kingdom-of-great-britain-and-northern-ireland-regarding-the-technology-prosperity-de/,137,0.4,N,,
20250504_br0251,2025-05-04,Presidential Message on the 83rd Anniversary of the Battle of the Coral Sea,"안보/군사, 경제/세금",2025-06-30,"[조치] Presidential Permit: Authorizing Junction Pipeline Company, LLC to Construct, Connect, Operate, and Maintain Pipeline Facilities at Toole County, Montana, at the International Boundary Between th",policy,White House Presidential Actions,https://www.whitehouse.gov/presidential-actions/2025/06/presidential-permit-authorizing-junction-pipeline-company-llc-to-construct-connect-operate-and-maintain-pipeline-facilities-at-toole-county-montana-at-the-international-boundary-between-the-uni/,57,0.4,N,,
20250504_br0251,2025-05-04,Presidential Message on the 83rd Anniversary of the Battle of the Coral Sea,"안보/군사, 경제/세금",2025-06-30,"[조치] Presidential Permit Authorizing South Bow (USA) LP to Operate and Maintain Pipeline Facilities at Cavalier County, North Dakota, at the International Boundary Between the United States and Canada",policy,White House Presidential Actions,https://www.whitehouse.gov/presidential-actions/2025/06/text-of-a-letter-from-the-president-to-the-speaker-of-the-house-of-representatives/,57,0.4,N,,
20250504_br0251,2025-05-04,Presidential Message on the 83rd Anniversary of the Battle of the Coral Sea,"안보/군사, 경제/세금",2025-06-30,"[조치] Presidential Permit Authorizing Steel Reef US Pipelines LLC To Operate and Maintain Pipeline Facilities at Burke County, North Dakota, at the International Boundary Between the United States and ",policy,White House Presidential Actions,https://www.whitehouse.gov/presidential-actions/2025/06/presidential-permit-authorizing-steel-reef-us-pipelines-llc-to-operate-and-maintain-pipeline-facilities-at-burke-county-north-dakota-at-the-international-boundary-between-the-united-states-and-canad/,57,0.4,N,,
20250504_br0251,2025-05-04,Presidential Message on the 83rd Anniversary of the Battle of the Coral Sea,"안보/군사, 경제/세금",2025-06-09,"[조치] Presidential Permit Authorizing Green Corridors, LLC, to Construct, Maintain, and Operate a Commercial Elevated Guideway Border Crossing Near Laredo, Texas, at the International Boundary Between ",policy,White House Presidential Actions,https://www.whitehouse.gov/presidential-actions/2025/06/presidential-permit-authorizing-green-corridors-llc-to-construct-maintain-and-operate-commercial-elevated-guideway-border-crossing-near-laredo-texas-at-the-international-boundary-between-the-us-mexico/,36,0.4,N,,
20250502_br0252,2025-05-02,The White House Office of Management and Budget Releases the President’s Fiscal Year 2026 Skinny Budget,"이민/국경, 안보/군사, 경제/세금, 에너지, 규제완화, 사법/법무, 선거/정치",2025-06-08,[조치] Department of Defense Security for the Protection of Department of Homeland Security Functions,policy,White House Presidential Actions,https://www.whitehouse.gov/presidential-actions/2025/06/department-of-defense-security-for-the-protection-of-department-of-homeland-security-functions/,37,0.8,Y,Y,
20250502_br0252,2025-05-02,The White House Office of Management and Budget Releases the President’s Fiscal Year 2026 Skinny Budget,"이민/국경, 안보/군사, 경제/세금, 에너지, 규제완화, 사법/법무, 선거/정치",2025-08-01,[조치] Amendment to Duties to Address the Flow of Illicit Drugs Across Our Northern Border,policy,White House Presidential Actions,https://www.whitehouse.gov/presidential-actions/2025/07/amendment-to-duties-to-address-the-flow-of-illicit-drugs-across-our-northern-border-9350/,91,0.6,N,,
20250502_br0252,2025-05-02,The White House Office of Management and Budget Releases the President’s Fiscal Year 2026 Skinny Budget,"이민/국경, 안보/군사, 경제/세금, 에너지, 규제완화, 사법/법무, 선거/정치",2025-07-24,[조치] Ending Crime and Disorder on America’s Streets,policy,White House Presidential Actions,https://www.whitehouse.gov/presidential-actions/2025/07/ending-crime-and-disorder-on-americas-streets/,83,0.6,N,,
20250502_br0252,2025-05-02,The White House Office of Management and Budget Releases the President’s Fiscal Year 2026 Skinny Budget,"이민/국경, 안보/군사, 경제/세금, 에너지, 규제완화, 사법/법무, 선거/정치",2025-06-30,[조치] Simplifying the Funding of Energy Infrastructure and Critical Mineral and Material Projects,policy,White House Presidential Actions,https://www.whitehouse.gov/presidential-actions/2025/06/simplifying-the-funding-of-energy-infrastructure-and-critical-mineral-and-material-projects/,59,0.6,Y,Y,
20250502_br0252,2025-05-02,The White House Office of Management and Budget Releases the President’s Fiscal Year 2026 Skinny Budget,"이민/국경, 안보/군사, 경제/세금, 에너지, 규제완화, 사법/법무, 선거/정치",2025-06-09,"[조치] Presidential Permit Authorizing Green Corridors, LLC, to Construct, Maintain, and Operate a Commercial Elevated Guideway Border Crossing Near Laredo, Texas, at the International Boundary Between ",policy,White House Presidential Actions,https://www.whitehouse.gov/presidential-actions/2025/06/presidential-permit-authorizing-green-corridors-llc-to-construct-maintain-and-operate-commercial-elevated-guideway-border-crossing-near-laredo-texas-at-the-international-boundary-between-the-us-mexico/,38,0.6,Y,Y,
20250501_br0253,2025-05-01,President Trump Announces Religious Liberty Commission Members,"무역/관세, 안보/군사, 경제/세금, 사법/법무, 선거/정치, 미디어",2025-10-17,"[조치] Adjusting Imports Of Medium- And Heavy-Duty Vehicles, Medium- And Heavy-Duty Vehicle Parts, And Buses Into The United States",policy,White House Presidential Actions,https://www.whitehouse.gov/presidential-actions/2025/10/adjusting-imports-of-medium-and-heavy-duty-vehicles-medium-and-heavy-duty-vehicle-parts-and-buses-into-the-united-states/,169,0.8,N,,
20250501_br0253,2025-05-01,President Trump Announces Religious Liberty Commission Members,"무역/관세, 안보/군사, 경제/세금, 사법/법무, 선거/정치, 미디어",2025-09-05,[조치] Modifying The Scope of Reciprocal Tariffs and Establishing Procedures for Implementing Trade and Security Agreements,policy,White House Presidential Actions,https://www.whitehouse.gov/presidential-actions/2025/09/modifying-the-scope-of-reciprocal-tariffs-and-establishing-procedures-for-implementing-trade-and-security-agreements/,127,0.7,N,,
20250501_br0253,2025-05-01,President Trump Announces Religious Liberty Commission Members,"무역/관세, 안보/군사, 경제/세금, 사법/법무, 선거/정치, 미디어",2025-05-20,[조치] President Donald J. Trump Signed S. 146 into Law,policy,White House Presidential Actions,https://www.whitehouse.gov/presidential-actions/2025/05/president-donald-j-trump-signed-s-146-into-law/,19,0.6,Y,Y,
20250501_br0253,2025-05-01,President Trump Announces Religious Liberty Commission Members,"무역/관세, 안보/군사, 경제/세금, 사법/법무, 선거/정치, 미디어",2025-09-25,[조치] Enforcing the Death Penalty Laws in the District of Columbia to Deter and Punish the Most Heinous Crimes,policy,White House Presidential Actions,https://www.whitehouse.gov/presidential-actions/2025/09/enforcing-the-death-penalty-laws-in-the-district-of-columbia-to-deter-and-punish-the-most-heinous-crimes/,147,0.6,N,,
20250501_br0253,2025-05-01,President Trump Announces Religious Liberty Commission Members,"무역/관세, 안보/군사, 경제/세금, 사법/법무, 선거/정치, 미디어",2025-09-30,"[조치] Adjusting Imports of Timber, Lumber, and their Derivative Products into the United States",policy,White House Presidential Actions,https://www.whitehouse.gov/presidential-actions/2025/09/adjusting-imports-of-timber-lumber-and-their-derivative-products-into-the-united-states/,152,0.5,N,,
20250429_br0254,2025-04-29,First Lady Melania Trump Applauds the Passage of the ‘Take It Down Act’ to Protect Children,"에너지, 사법/법무, 선거/정치, 미디어",2025-05-20,[조치] President Donald J. Trump Signed S. 146 into Law,policy,White House Presidential Actions,https://www.whitehouse.gov/presidential-actions/2025/05/president-donald-j-trump-signed-s-146-into-law/,21,0.6,Y,Y,
20250429_br0254,2025-04-29,First Lady Melania Trump Applauds the Passage of the ‘Take It Down Act’ to Protect Children,"에너지, 사법/법무, 선거/정치, 미디어",2025-09-25,[조치] Enforcing the Death Penalty Laws in the District of Columbia to Deter and Punish the Most Heinous Crimes,policy,White House Presidential Actions,https://www.whitehouse.gov/presidential-actions/2025/09/enforcing-the-death-penalty-laws-in-the-district-of-columbia-to-deter-and-punish-the-most-heinous-crimes/,149,0.6,N,,
20250429_br0254,2025-04-29,First Lady Melania Trump Applauds the Passage of the ‘Take It Down Act’ to Protect Children,"에너지, 사법/법무, 선거/정치, 미디어",2025-08-25,[조치] Additional Measures to Address the Crime Emergency in the District of Columbia,policy,White House Presidential Actions,https://www.whitehouse.gov/presidential-actions/2025/08/additional-measures-to-address-the-crime-emergency-in-the-district-of-columbia/,118,0.5,N,,
20250429_br0254,2025-04-29,First Lady Melania Trump Applauds the Passage of the ‘Take It Down Act’ to Protect Children,"에너지, 사법/법무, 선거/정치, 미디어",2025-06-30,[조치] Simplifying the Funding of Energy Infrastructure and Critical Mineral and Material Projects,policy,White House Presidential Actions,https://www.whitehouse.gov/presidential-actions/2025/06/simplifying-the-funding-of-energy-infrastructure-and-critical-mineral-and-material-projects/,62,0.5,N,,
20250429_br0254,2025-04-29,First Lady Melania Trump Applauds the Passage of the ‘Take It Down Act’ to Protect Children,"에너지, 사법/법무, 선거/정치, 미디어",2025-10-17,"[조치] National Energy Dominance Month, 2025",policy,White House Presidential Actions,https://www.whitehouse.gov/presidential-actions/2025/10/national-energy-dominance-month-2025/,171,0.4,N,,
20250425_br0255,2025-04-25,"Presidential Message on Arbor Day, 2025","무역/관세, 안보/군사, 경제/세금, 에너지, 규제완화, 보건",2025-10-17,"[조치] Adjusting Imports Of Medium- And Heavy-Duty Vehicles, Medium- And Heavy-Duty Vehicle Parts, And Buses Into The United States",policy,White House Presidential Actions,https://www.whitehouse.gov/presidential-actions/2025/10/adjusting-imports-of-medium-and-heavy-duty-vehicles-medium-and-heavy-duty-vehicle-parts-and-buses-into-the-united-states/,175,0.6,N,,
20250425_br0255,2025-04-25,"Presidential Message on Arbor Day, 2025","무역/관세, 안보/군사, 경제/세금, 에너지, 규제완화, 보건",2025-09-09,[각서] Memorandum for the Secretary of Health and Human Services the Commissioner of Food and Drugs,executive_order,White House Presidential Actions,https://www.whitehouse.gov/presidential-actions/2025/09/memorandum-for-the-secretary-of-health-and-human-services-the-commissioner-of-food-and-drugs/,137,0.6,N,,
20250425_br0255,2025-04-25,"Presidential Message on Arbor Day, 2025","무역/관세, 안보/군사, 경제/세금, 에너지, 규제완화, 보건",2025-09-05,[조치] Modifying The Scope of Reciprocal Tariffs and Establishing Procedures for Implementing Trade and Security Agreements,policy,White House Presidential Actions,https://www.whitehouse.gov/presidential-actions/2025/09/modifying-the-scope-of-reciprocal-tariffs-and-establishing-procedures-for-implementing-trade-and-security-agreements/,133,0.6,N,,
20250425_br0255,2025-04-25,"Presidential Message on Arbor Day, 2025","무역/관세, 안보/군사, 경제/세금, 에너지, 규제완화, 보건",2025-04-29,[조치] Addressing Certain Tariffs on Imported Articles,policy,White House Presidential Actions,https://www.whitehouse.gov/presidential-actions/2025/04/addressing-certain-tariffs-on-imported-articles/,4,0.6,Y,Y,
20250425_br0255,2025-04-25,"Presidential Message on Arbor Day, 2025","무역/관세, 안보/군사, 경제/세금, 에너지, 규제완화, 보건",2025-07-17,[조치] Regulatory Relief for Certain Stationary Sources to Further Promote American Energy,policy,White House Presidential Actions,https://www.whitehouse.gov/presidential-actions/2025/07/regulatory-relief-for-certain-stationary-sources-to-further-promote-american-energy/,83,0.4,N,,
20250425_br0256,2025-04-25,Presidential Message on the 35th Anniversary of the Hubble Space Telescope,경제/세금,2025-10-10,[조치] Presidential Message on National Breast Cancer Awareness Month,policy,White House Presidential Actions,https://www.whitehouse.gov/presidential-actions/2025/10/presidential-message-on-national-breast-cancer-awareness-month/,168,0.3,N,,
20250425_br0256,2025-04-25,Presidential Message on the 35th Anniversary of the Hubble Space Telescope,경제/세금,2025-09-18,[각서] Memorandum of Understanding Between the Government of The United States of America and the Government of The United Kingdom of Great Britain and Northern Ireland Regarding the Technology Prosperi,executive_order,White House Presidential Actions,https://www.whitehouse.gov/presidential-actions/2025/09/memorandum-of-understanding-between-the-government-of-the-united-states-of-america-and-the-government-of-the-united-kingdom-of-great-britain-and-northern-ireland-regarding-the-technology-prosperity-de/,146,0.3,N,,
20250425_br0256,2025-04-25,Presidential Message on the 35th Anniversary of the Hubble Space Telescope,경제/세금,2025-05-30,"[조치] Sequestration Order for Fiscal Year 2026 Pursuant to Section 251A of the Balanced Budget and Emergency Deficit Control Act, As Amended",policy,White House Presidential Actions,https://www.whitehouse.gov/presidential-actions/2025/05/sequestration-order-for-fiscal-year-2026-pursuant-to-section-251a-of-the-balanced-budget-and-emergency-deficit-control-act-as-amended/,35,0.3,N,,
20250425_br0256,2025-04-25,Presidential Message on the 35th Anniversary of the Hubble Space Telescope,경제/세금,2025-05-02,[조치] Ending Taxpayer Subsidization Of Biased Media,policy,White House Presidential Actions,https://www.whitehouse.gov/presidential-actions/2025/05/ending-taxpayer-subsidization-of-biased-media/,7,0.3,N,,
20250424_br0257,2025-04-24,"Presidential Message on Armenian Remembrance Day, 2025","안보/군사, 경제/세금",2025-09-18,[각서] Memorandum of Understanding Between the Government of The United States of America and the Government of The United Kingdom of Great Britain and Northern Ireland Regarding the Technology Prosperi,executive_order,White House Presidential Actions,https://www.whitehouse.gov/presidential-actions/2025/09/memorandum-of-understanding-between-the-government-of-the-united-states-of-america-and-the-government-of-the-united-kingdom-of-great-britain-and-northern-ireland-regarding-the-technology-prosperity-de/,147,0.3,N,,
20250424_br0257,2025-04-24,"Presidential Message on Armenian Remembrance Day, 2025","안보/군사, 경제/세금",2025-06-08,[조치] Department of Defense Security for the Protection of Department of Homeland Security Functions,policy,White House Presidential Actions,https://www.whitehouse.gov/presidential-actions/2025/06/department-of-defense-security-for-the-protection-of-department-of-homeland-security-functions/,45,0.3,N,,
20250424_br0257,2025-04-24,"Presidential Message on Armenian Remembrance Day, 2025","안보/군사, 경제/세금",2025-05-30,"[조치] Sequestration Order for Fiscal Year 2026 Pursuant to Section 251A of the Balanced Budget and Emergency Deficit Control Act, As Amended",policy,White House Presidential Actions,https://www.whitehouse.gov/presidential-actions/2025/05/sequestration-order-for-fiscal-year-2026-pursuant-to-section-251a-of-the-balanced-budget-and-emergency-deficit-control-act-as-amended/,36,0.3,N,,
20250424_br0257,2025-04-24,"Presidential Message on Armenian Remembrance Day, 2025","안보/군사, 경제/세금",2025-05-16,"[조치] Armed Forces Day, 2025",policy,White House Presidential Actions,https://www.whitehouse.gov/presidential-actions/2025/05/armed-forces-day-2025/,22,0.3,N,,
20250424_br0257,2025-04-24,"Presidential Message on Armenian Remembrance Day, 2025","안보/군사, 경제/세금",2025-05-09,"[조치] Military Spouse Day, 2025",policy,White House Presidential Actions,https://www.whitehouse.gov/presidential-actions/2025/05/military-spouse-day-2025/,15,0.3,N,,
20250422_br0258,2025-04-22,Text of a Letter from the President to the Speaker of the House of Representatives and the President Pro Tempore of the Senate,"무역/관세, 외교/동맹, 안보/군사, 경제/세금, 규제완화, 사법/법무, 선거/정치",2025-10-17,"[조치] Adjusting Imports Of Medium- And Heavy-Duty Vehicles, Medium- And Heavy-Duty Vehicle Parts, And Buses Into The United States",policy,White House Presidential Actions,https://www.whitehouse.gov/presidential-actions/2025/10/adjusting-imports-of-medium-and-heavy-duty-vehicles-medium-and-heavy-duty-vehicle-parts-and-buses-into-the-united-states/,178,0.8,N,,
20250422_br0258,2025-04-22,Text of a Letter from the President to the Speaker of the House of Representatives and the President Pro Tempore of the Senate,"무역/관세, 외교/동맹, 안보/군사, 경제/세금, 규제완화, 사법/법무, 선거/정치",2025-09-05,[조치] Modifying The Scope of Reciprocal Tariffs and Establishing Procedures for Implementing Trade and Security Agreements,policy,White House Presidential Actions,https://www.whitehouse.gov/presidential-actions/2025/09/modifying-the-scope-of-reciprocal-tariffs-and-establishing-procedures-for-implementing-trade-and-security-agreements/,136,0.7,N,,
20250422_br0258,2025-04-22,Text of a Letter from the President to the Speaker of the House of Representatives and the President Pro Tempore of the Senate,"무역/관세, 외교/동맹, 안보/군사, 경제/세금, 규제완화, 사법/법무, 선거/정치",2025-04-24,[조치] Investigation into Unlawful “Straw Donor” and Foreign Contributions in American Elections,policy,White House Presidential Actions,https://www.whitehouse.gov/presidential-actions/2025/04/investigation-into-unlawful-straw-donor-and-foreign-contributions-in-american-elections/,2,0.7,Y,Y,
20250422_br0258,2025-04-22,Text of a Letter from the President to the Speaker of the House of Representatives and the President Pro Tempore of the Senate,"무역/관세, 외교/동맹, 안보/군사, 경제/세금, 규제완화, 사법/법무, 선거/정치",2025-06-08,[조치] Department of Defense Security for the Protection of Department of Homeland Security Functions,policy,White House Presidential Actions,https://www.whitehouse.gov/presidential-actions/2025/06/department-of-defense-security-for-the-protection-of-department-of-homeland-security-functions/,47,0.6,Y,Y,
20250422_br0258,2025-04-22,Text of a Letter from the President to the Speaker of the House of Representatives and the President Pro Tempore of the Senate,"무역/관세, 외교/동맹, 안보/군사, 경제/세금, 규제완화, 사법/법무, 선거/정치",2025-06-04,[조치] Restricting The Entry of Foreign Nationals to Protect the United States from Foreign Terrorists and Other National Security and Public Safety Threats,policy,White House Presidential Actions,https://www.whitehouse.gov/presidential-actions/2025/06/restricting-the-entry-of-foreign-nationals-to-protect-the-united-states-from-foreign-terrorists-and-other-national-security-and-public-safety-threats/,43,0.6,Y,Y,
20250418_br0259,2025-04-18,Readout of President Donald J. Trump’s Call with Prime Minister Starmer of the United Kingdom,"무역/관세, 외교/동맹, 안보/군사",2025-09-05,[조치] Modifying The Scope of Reciprocal Tariffs and Establishing Procedures for Implementing Trade and Security Agreements,policy,White House Presidential Actions,https://www.whitehouse.gov/presidential-actions/2025/09/modifying-the-scope-of-reciprocal-tariffs-and-establishing-procedures-for-implementing-trade-and-security-agreements/,140,0.7,N,,
20250418_br0259,2025-04-18,Readout of President Donald J. Trump’s Call with Prime Minister Starmer of the United Kingdom,"무역/관세, 외교/동맹, 안보/군사",2025-04-29,[조치] Addressing Certain Tariffs on Imported Articles,policy,White House Presidential Actions,https://www.whitehouse.gov/presidential-actions/2025/04/addressing-certain-tariffs-on-imported-articles/,11,0.6,Y,Y,
20250418_br0259,2025-04-18,Readout of President Donald J. Trump’s Call with Prime Minister Starmer of the United Kingdom,"무역/관세, 외교/동맹, 안보/군사",2025-09-30,"[조치] Adjusting Imports of Timber, Lumber, and their Derivative Products into the United States",policy,White House Presidential Actions,https://www.whitehouse.gov/presidential-actions/2025/09/adjusting-imports-of-timber-lumber-and-their-derivative-products-into-the-united-states/,165,0.4,N,,
20250418_br0259,2025-04-18,Readout of President Donald J. Trump’s Call with Prime Minister Starmer of the United Kingdom,"무역/관세, 외교/동맹, 안보/군사",2025-08-12,[조치] Further Modifying Reciprocal Tariff Rates to Reflect Ongoing Discussions with The People’s Republic of China,policy,White House Presidential Actions,https://www.whitehouse.gov/presidential-actions/2025/08/further-modifying-reciprocal-tariff-rates-to-reflect-ongoing-discussions-with-the-peoples-republic-of-china/,116,0.4,N,,
20250418_br0259,2025-04-18,Readout of President Donald J. Trump’s Call with Prime Minister Starmer of the United Kingdom,"무역/관세, 외교/동맹, 안보/군사",2025-07-30,[조치] Adjusting Imports of Copper into the United States,policy,White House Presidential Actions,https://www.whitehouse.gov/presidential-actions/2025/07/adjusting-imports-of-copper-into-the-united-states/,103,0.4,N,,
20250418_br0260,2025-04-18,"Presidential Message on the 250th Anniversary of Paul Revere’s Midnight Ride, 2025","무역/관세, 안보/군사, 경제/세금, 에너지, 규제완화",2025-09-05,[조치] Modifying The Scope of Reciprocal Tariffs and Establishing Procedures for Implementing Trade and Security Agreements,policy,White House Presidential Actions,https://www.whitehouse.gov/presidential-actions/2025/09/modifying-the-scope-of-reciprocal-tariffs-and-establishing-procedures-for-implementing-trade-and-security-agreements/,140,0.6,N,,
20250418_br0260,2025-04-18,"Presidential Message on the 250th Anniversary of Paul Revere’s Midnight Ride, 2025","무역/관세, 안보/군사, 경제/세금, 에너지, 규제완화",2025-04-29,[조치] Addressing Certain Tariffs on Imported Articles,policy,White House Presidential Actions,https://www.whitehouse.gov/presidential-actions/2025/04/addressing-certain-tariffs-on-imported-articles/,11,0.6,Y,Y,
20250418_br0260,2025-04-18,"Presidential Message on the 250th Anniversary of Paul Revere’s Midnight Ride, 2025","무역/관세, 안보/군사, 경제/세금, 에너지, 규제완화",2025-06-30,"[조치] Presidential Permit Authorizing South Bow (USA) LP to Operate and Maintain Pipeline Facilities at Cavalier County, North Dakota, at the International Boundary Between the United States and Canada",policy,White House Presidential Actions,https://www.whitehouse.gov/presidential-actions/2025/06/text-of-a-letter-from-the-president-to-the-speaker-of-the-house-of-representatives/,73,0.5,N,,
20250418_br0260,2025-04-18,"Presidential Message on the 250th Anniversary of Paul Revere’s Midnight Ride, 2025","무역/관세, 안보/군사, 경제/세금, 에너지, 규제완화",2025-06-30,"[조치] Presidential Permit Authorizing Steel Reef US Pipelines LLC To Operate and Maintain Pipeline Facilities at Burke County, North Dakota, at the International Boundary Between the United States and ",policy,White House Presidential Actions,https://www.whitehouse.gov/presidential-actions/2025/06/presidential-permit-authorizing-steel-reef-us-pipelines-llc-to-operate-and-maintain-pipeline-facilities-at-burke-county-north-dakota-at-the-international-boundary-between-the-united-states-and-canad/,73,0.5,N,,
20250418_br0260,2025-04-18,"Presidential Message on the 250th Anniversary of Paul Revere’s Midnight Ride, 2025","무역/관세, 안보/군사, 경제/세금, 에너지, 규제완화",2025-09-30,"[조치] Adjusting Imports of Timber, Lumber, and their Derivative Products into the United States",policy,White House Presidential Actions,https://www.whitehouse.gov/presidential-actions/2025/09/adjusting-imports-of-timber-lumber-and-their-derivative-products-into-the-united-states/,165,0.4,N,,
20250418_br0261,2025-04-18,First Lady Melania Trump Previews 2025 White House Easter Egg Roll Activities,"외교/동맹, 안보/군사, 에너지, 사법/법무, 선거/정치, 미디어",2025-06-30,"[조치] Presidential Permit Authorizing South Bow (USA) LP to Operate and Maintain Pipeline Facilities at Cavalier County, North Dakota, at the International Boundary Between the United States and Canada",policy,White House Presidential Actions,https://www.whitehouse.gov/presidential-actions/2025/06/text-of-a-letter-from-the-president-to-the-speaker-of-the-house-of-representatives/,73,0.8,N,,
20250418_br0261,2025-04-18,First Lady Melania Trump Previews 2025 White House Easter Egg Roll Activities,"외교/동맹, 안보/군사, 에너지, 사법/법무, 선거/정치, 미디어",2025-06-30,"[조치] Presidential Permit: Authorizing Junction Pipeline Company, LLC to Construct, Connect, Operate, and Maintain Pipeline Facilities at Toole County, Montana, at the International Boundary Between th",policy,White House Presidential Actions,https://www.whitehouse.gov/presidential-actions/2025/06/presidential-permit-authorizing-junction-pipeline-company-llc-to-construct-connect-operate-and-maintain-pipeline-facilities-at-toole-county-montana-at-the-international-boundary-between-the-uni/,73,0.7,N,,
20250418_br0261,2025-04-18,First Lady Melania Trump Previews 2025 White House Easter Egg Roll Activities,"외교/동맹, 안보/군사, 에너지, 사법/법무, 선거/정치, 미디어",2025-06-30,"[조치] Presidential Permit Authorizing Steel Reef US Pipelines LLC To Operate and Maintain Pipeline Facilities at Burke County, North Dakota, at the International Boundary Between the United States and ",policy,White House Presidential Actions,https://www.whitehouse.gov/presidential-actions/2025/06/presidential-permit-authorizing-steel-reef-us-pipelines-llc-to-operate-and-maintain-pipeline-facilities-at-burke-county-north-dakota-at-the-international-boundary-between-the-united-states-and-canad/,73,0.7,N,,
20250418_br0261,2025-04-18,First Lady Melania Trump Previews 2025 White House Easter Egg Roll Activities,"외교/동맹, 안보/군사, 에너지, 사법/법무, 선거/정치, 미디어",2025-04-24,[조치] Investigation into Unlawful “Straw Donor” and Foreign Contributions in American Elections,policy,White House Presidential Actions,https://www.whitehouse.gov/presidential-actions/2025/04/investigation-into-unlawful-straw-donor-and-foreign-contributions-in-american-elections/,6,0.7,Y,Y,
20250418_br0261,2025-04-18,First Lady Melania Trump Previews 2025 White House Easter Egg Roll Activities,"외교/동맹, 안보/군사, 에너지, 사법/법무, 선거/정치, 미디어",2025-09-25,[조치] Enforcing the Death Penalty Laws in the District of Columbia to Deter and Punish the Most Heinous Crimes,policy,White House Presidential Actions,https://www.whitehouse.gov/presidential-actions/2025/09/enforcing-the-death-penalty-laws-in-the-district-of-columbia-to-deter-and-punish-the-most-heinous-crimes/,160,0.6,N,,
20250418_br0262,2025-04-18,United States – Italy Joint Leaders’ Statement,"무역/관세, 이민/국경, 외교/동맹, 안보/군사, 경제/세금, 에너지, 사법/법무, 보건",2025-09-09,[각서] Memorandum for the Secretary of Health and Human Services the Commissioner of Food and Drugs,executive_order,White House Presidential Actions,https://www.whitehouse.gov/presidential-actions/2025/09/memorandum-for-the-secretary-of-health-and-human-services-the-commissioner-of-food-and-drugs/,144,0.8,N,,
20250418_br0262,2025-04-18,United States – Italy Joint Leaders’ Statement,"무역/관세, 이민/국경, 외교/동맹, 안보/군사, 경제/세금, 에너지, 사법/법무, 보건",2025-09-05,[조치] Modifying The Scope of Reciprocal Tariffs and Establishing Procedures for Implementing Trade and Security Agreements,policy,White House Presidential Actions,https://www.whitehouse.gov/presidential-actions/2025/09/modifying-the-scope-of-reciprocal-tariffs-and-establishing-procedures-for-implementing-trade-and-security-agreements/,140,0.8,N,,
20250418_br0262,2025-04-18,United States – Italy Joint Leaders’ Statement,"무역/관세, 이민/국경, 외교/동맹, 안보/군사, 경제/세금, 에너지, 사법/법무, 보건",2025-08-01,[조치] Amendment to Duties to Address the Flow of Illicit Drugs Across Our Northern Border,policy,White House Presidential Actions,https://www.whitehouse.gov/presidential-actions/2025/07/amendment-to-duties-to-address-the-flow-of-illicit-drugs-across-our-northern-border-9350/,105,0.8,N,,
20250418_br0262,2025-04-18,United States – Italy Joint Leaders’ Statement,"무역/관세, 이민/국경, 외교/동맹, 안보/군사, 경제/세금, 에너지, 사법/법무, 보건",2025-06-30,"[조치] Presidential Permit Authorizing South Bow (USA) LP to Operate and Maintain Pipeline Facilities at Cavalier County, North Dakota, at the International Boundary Between the United States and Canada",policy,White House Presidential Actions,https://www.whitehouse.gov/presidential-actions/2025/06/text-of-a-letter-from-the-president-to-the-speaker-of-the-house-of-representatives/,73,0.8,N,,
20250418_br0262,2025-04-18,United States – Italy Joint Leaders’ Statement,"무역/관세, 이민/국경, 외교/동맹, 안보/군사, 경제/세금, 에너지, 사법/법무, 보건",2025-06-30,"[조치] Presidential Permit Authorizing Steel Reef US Pipelines LLC To Operate and Maintain Pipeline Facilities at Burke County, North Dakota, at the International Boundary Between the United States and ",policy,White House Presidential Actions,https://www.whitehouse.gov/presidential-actions/2025/06/presidential-permit-authorizing-steel-reef-us-pipelines-llc-to-operate-and-maintain-pipeline-facilities-at-burke-county-north-dakota-at-the-international-boundary-between-the-united-states-and-canad/,73,0.8,N,,
20250416_br0263,2025-04-16,White House Announces Revolutionary Federal Procurement Overhaul,"경제/세금, 규제완화, 선거/정치",2025-05-30,"[조치] Sequestration Order for Fiscal Year 2026 Pursuant to Section 251A of the Balanced Budget and Emergency Deficit Control Act, As Amended",policy,White House Presidential Actions,https://www.whitehouse.gov/presidential-actions/2025/05/sequestration-order-for-fiscal-year-2026-pursuant-to-section-251a-of-the-balanced-budget-and-emergency-deficit-control-act-as-amended/,44,0.5,N,,
20250416_br0263,2025-04-16,White House Announces Revolutionary Federal Procurement Overhaul,"경제/세금, 규제완화, 선거/정치",2025-05-09,[조치] Fighting Overcriminalization in Federal Regulations,policy,White House Presidential Actions,https://www.whitehouse.gov/presidential-actions/2025/05/fighting-overcriminalization-in-federal-regulations/,23,0.5,N,,
20250416_br0263,2025-04-16,White House Announces Revolutionary Federal Procurement Overhaul,"경제/세금, 규제완화, 선거/정치",2025-09-18,[각서] Memorandum of Understanding Between the Government of The United States of America and the Government of The United Kingdom of Great Britain and Northern Ireland Regarding the Technology Prosperi,executive_order,White House Presidential Actions,https://www.whitehouse.gov/presidential-actions/2025/09/memorandum-of-understanding-between-the-government-of-the-united-states-of-america-and-the-government-of-the-united-kingdom-of-great-britain-and-northern-ireland-regarding-the-technology-prosperity-de/,155,0.3,N,,
20250416_br0263,2025-04-16,White House Announces Revolutionary Federal Procurement Overhaul,"경제/세금, 규제완화, 선거/정치",2025-06-04,[조치] Restricting The Entry of Foreign Nationals to Protect the United States from Foreign Terrorists and Other National Security and Public Safety Threats,policy,White House Presidential Actions,https://www.whitehouse.gov/presidential-actions/2025/06/restricting-the-entry-of-foreign-nationals-to-protect-the-united-states-from-foreign-terrorists-and-other-national-security-and-public-safety-threats/,49,0.3,N,,
20250416_br0263,2025-04-16,White House Announces Revolutionary Federal Procurement Overhaul,"경제/세금, 규제완화, 선거/정치",2025-05-09,[조치] Increasing Efficiency At the Office of the Federal Register,policy,White House Presidential Actions,https://www.whitehouse.gov/presidential-actions/2025/05/increasing-efficiency-at-the-office-of-the-federal-register/,23,0.3,N,,
20250413_br0264,2025-04-13,Memorandum from the White House Physician,선거/정치,2025-04-24,[조치] Investigation into Unlawful “Straw Donor” and Foreign Contributions in American Elections,policy,White House Presidential Actions,https://www.whitehouse.gov/presidential-actions/2025/04/investigation-into-unlawful-straw-donor-and-foreign-contributions-in-american-elections/,11,0.3,N,,
20250413_br0265,2025-04-13,"Presidential Message on Holy Week, 2025","안보/군사, 경제/세금, 규제완화",2025-09-18,[각서] Memorandum of Understanding Between the Government of The United States of America and the Government of The United Kingdom of Great Britain and Northern Ireland Regarding the Technology Prosperi,executive_order,White House Presidential Actions,https://www.whitehouse.gov/presidential-actions/2025/09/memorandum-of-understanding-between-the-government-of-the-united-states-of-america-and-the-government-of-the-united-kingdom-of-great-britain-and-northern-ireland-regarding-the-technology-prosperity-de/,158,0.4,N,,
20250413_br0265,2025-04-13,"Presidential Message on Holy Week, 2025","안보/군사, 경제/세금, 규제완화",2025-06-04,[조치] Restricting The Entry of Foreign Nationals to Protect the United States from Foreign Terrorists and Other National Security and Public Safety Threats,policy,White House Presidential Actions,https://www.whitehouse.gov/presidential-actions/2025/06/restricting-the-entry-of-foreign-nationals-to-protect-the-united-states-from-foreign-terrorists-and-other-national-security-and-public-safety-threats/,52,0.4,N,,
20250413_br0265,2025-04-13,"Presidential Message on Holy Week, 2025","안보/군사, 경제/세금, 규제완화",2025-09-30,"[조치] Adjusting Imports of Timber, Lumber, and their Derivative Products into the United States",policy,White House Presidential Actions,https://www.whitehouse.gov/presidential-actions/2025/09/adjusting-imports-of-timber-lumber-and-their-derivative-products-into-the-united-states/,170,0.3,N,,
20250413_br0265,2025-04-13,"Presidential Message on Holy Week, 2025","안보/군사, 경제/세금, 규제완화",2025-06-30,"[조치] Presidential Permit: Authorizing Junction Pipeline Company, LLC to Construct, Connect, Operate, and Maintain Pipeline Facilities at Toole County, Montana, at the International Boundary Between th",policy,White House Presidential Actions,https://www.whitehouse.gov/presidential-actions/2025/06/presidential-permit-authorizing-junction-pipeline-company-llc-to-construct-connect-operate-and-maintain-pipeline-facilities-at-toole-county-montana-at-the-international-boundary-between-the-uni/,78,0.3,N,,
20250413_br0265,2025-04-13,"Presidential Message on Holy Week, 2025","안보/군사, 경제/세금, 규제완화",2025-06-30,"[조치] Presidential Permit Authorizing South Bow (USA) LP to Operate and Maintain Pipeline Facilities at Cavalier County, North Dakota, at the International Boundary Between the United States and Canada",policy,White House Presidential Actions,https://www.whitehouse.gov/presidential-actions/2025/06/text-of-a-letter-from-the-president-to-the-speaker-of-the-house-of-representatives/,78,0.3,N,,
20250413_br0266,2025-04-13,Statement from the White House,"외교/동맹, 안보/군사, 선거/정치",2025-04-24,[조치] Investigation into Unlawful “Straw Donor” and Foreign Contributions in American Elections,policy,White House Presidential Actions,https://www.whitehouse.gov/presidential-actions/2025/04/investigation-into-unlawful-straw-donor-and-foreign-contributions-in-american-elections/,11,0.4,Y,Y,
20250413_br0266,2025-04-13,Statement from the White House,"외교/동맹, 안보/군사, 선거/정치",2025-06-30,"[조치] Presidential Permit: Authorizing Junction Pipeline Company, LLC to Construct, Connect, Operate, and Maintain Pipeline Facilities at Toole County, Montana, at the International Boundary Between th",policy,White House Presidential Actions,https://www.whitehouse.gov/presidential-actions/2025/06/presidential-permit-authorizing-junction-pipeline-company-llc-to-construct-connect-operate-and-maintain-pipeline-facilities-at-toole-county-montana-at-the-international-boundary-between-the-uni/,78,0.3,N,,
20250413_br0266,2025-04-13,Statement from the White House,"외교/동맹, 안보/군사, 선거/정치",2025-06-30,"[조치] Presidential Permit Authorizing South Bow (USA) LP to Operate and Maintain Pipeline Facilities at Cavalier County, North Dakota, at the International Boundary Between the United States and Canada",policy,White House Presidential Actions,https://www.whitehouse.gov/presidential-actions/2025/06/text-of-a-letter-from-the-president-to-the-speaker-of-the-house-of-representatives/,78,0.3,N,,
20250413_br0266,2025-04-13,Statement from the White House,"외교/동맹, 안보/군사, 선거/정치",2025-06-30,"[조치] Presidential Permit Authorizing Steel Reef US Pipelines LLC To Operate and Maintain Pipeline Facilities at Burke County, North Dakota, at the International Boundary Between the United States and ",policy,White House Presidential Actions,https://www.whitehouse.gov/presidential-actions/2025/06/presidential-permit-authorizing-steel-reef-us-pipelines-llc-to-operate-and-maintain-pipeline-facilities-at-burke-county-north-dakota-at-the-international-boundary-between-the-united-states-and-canad/,78,0.3,N,,
20250413_br0266,2025-04-13,Statement from the White House,"외교/동맹, 안보/군사, 선거/정치",2025-06-09,"[조치] Presidential Permit Authorizing Green Corridors, LLC, to Construct, Maintain, and Operate a Commercial Elevated Guideway Border Crossing Near Laredo, Texas, at the International Boundary Between ",policy,White House Presidential Actions,https://www.whitehouse.gov/presidential-actions/2025/06/presidential-permit-authorizing-green-corridors-llc-to-construct-maintain-and-operate-commercial-elevated-guideway-border-crossing-near-laredo-texas-at-the-international-boundary-between-the-us-mexico/,57,0.3,N,,
20250410_br0267,2025-04-10,"Presidential Message for the Masters Tournament, 2025","경제/세금, 에너지",2025-07-17,[조치] Regulatory Relief for Certain Stationary Sources to Further Promote American Energy,policy,White House Presidential Actions,https://www.whitehouse.gov/presidential-actions/2025/07/regulatory-relief-for-certain-stationary-sources-to-further-promote-american-energy/,98,0.4,N,,
20250410_br0267,2025-04-10,"Presidential Message for the Masters Tournament, 2025","경제/세금, 에너지",2025-06-30,"[조치] Presidential Permit: Authorizing Junction Pipeline Company, LLC to Construct, Connect, Operate, and Maintain Pipeline Facilities at Toole County, Montana, at the International Boundary Between th",policy,White House Presidential Actions,https://www.whitehouse.gov/presidential-actions/2025/06/presidential-permit-authorizing-junction-pipeline-company-llc-to-construct-connect-operate-and-maintain-pipeline-facilities-at-toole-county-montana-at-the-international-boundary-between-the-uni/,81,0.4,N,,
20250410_br0267,2025-04-10,"Presidential Message for the Masters Tournament, 2025","경제/세금, 에너지",2025-06-30,"[조치] Presidential Permit Authorizing South Bow (USA) LP to Operate and Maintain Pipeline Facilities at Cavalier County, North Dakota, at the International Boundary Between the United States and Canada",policy,White House Presidential Actions,https://www.whitehouse.gov/presidential-actions/2025/06/text-of-a-letter-from-the-president-to-the-speaker-of-the-house-of-representatives/,81,0.4,N,,
20250410_br0267,2025-04-10,"Presidential Message for the Masters Tournament, 2025","경제/세금, 에너지",2025-06-30,"[조치] Presidential Permit Authorizing Steel Reef US Pipelines LLC To Operate and Maintain Pipeline Facilities at Burke County, North Dakota, at the International Boundary Between the United States and ",policy,White House Presidential Actions,https://www.whitehouse.gov/presidential-actions/2025/06/presidential-permit-authorizing-steel-reef-us-pipelines-llc-to-operate-and-maintain-pipeline-facilities-at-burke-county-north-dakota-at-the-international-boundary-between-the-united-states-and-canad/,81,0.4,N,,
20250410_br0267,2025-04-10,"Presidential Message for the Masters Tournament, 2025","경제/세금, 에너지",2025-07-07,"[조치] Ending Market Distorting Subsidies for Unreliable, Foreign‑Controlled Energy Sources",policy,White House Presidential Actions,https://www.whitehouse.gov/presidential-actions/2025/07/ending-market-distorting-subsidies-for-unreliable-foreign%e2%80%91controlled-energy-sources/,88,0.3,N,,
20250409_br0268,2025-04-09,First Lady Melania Trump Celebrates Committee Passage of Take It Down Act in House Energy & Commerce,"무역/관세, 안보/군사, 경제/세금, 에너지, 사법/법무, 선거/정치, 미디어",2025-04-09,[조치] Zero-Based Regulatory Budgeting to Unleash American Energy,policy,White House Presidential Actions,https://www.whitehouse.gov/presidential-actions/2025/04/zero-based-regulatory-budgeting-to-unleash-american-energy/,0,0.7,Y,Y,
20250409_br0268,2025-04-09,First Lady Melania Trump Celebrates Committee Passage of Take It Down Act in House Energy & Commerce,"무역/관세, 안보/군사, 경제/세금, 에너지, 사법/법무, 선거/정치, 미디어",2025-09-25,[조치] Enforcing the Death Penalty Laws in the District of Columbia to Deter and Punish the Most Heinous Crimes,policy,White House Presidential Actions,https://www.whitehouse.gov/presidential-actions/2025/09/enforcing-the-death-penalty-laws-in-the-district-of-columbia-to-deter-and-punish-the-most-heinous-crimes/,169,0.6,N,,
20250409_br0268,2025-04-09,First Lady Melania Trump Celebrates Committee Passage of Take It Down Act in House Energy & Commerce,"무역/관세, 안보/군사, 경제/세금, 에너지, 사법/법무, 선거/정치, 미디어",2025-09-05,[조치] Modifying The Scope of Reciprocal Tariffs and Establishing Procedures for Implementing Trade and Security Agreements,policy,White House Presidential Actions,https://www.whitehouse.gov/presidential-actions/2025/09/modifying-the-scope-of-reciprocal-tariffs-and-establishing-procedures-for-implementing-trade-and-security-agreements/,149,0.6,N,,
20250409_br0268,2025-04-09,First Lady Melania Trump Celebrates Committee Passage of Take It Down Act in House Energy & Commerce,"무역/관세, 안보/군사, 경제/세금, 에너지, 사법/법무, 선거/정치, 미디어",2025-04-29,[조치] Addressing Certain Tariffs on Imported Articles,policy,White House Presidential Actions,https://www.whitehouse.gov/presidential-actions/2025/04/addressing-certain-tariffs-on-imported-articles/,20,0.6,Y,Y,
20250409_br0268,2025-04-09,First Lady Melania Trump Celebrates Committee Passage of Take It Down Act in House Energy & Commerce,"무역/관세, 안보/군사, 경제/세금, 에너지, 사법/법무, 선거/정치, 미디어",2025-04-24,[조치] Investigation into Unlawful “Straw Donor” and Foreign Contributions in American Elections,policy,White House Presidential Actions,https://www.whitehouse.gov/presidential-actions/2025/04/investigation-into-unlawful-straw-donor-and-foreign-contributions-in-american-elections/,15,0.6,Y,Y,
20250407_br0269,2025-04-07,CEA Chairman Steve Miran Hudson Institute Event Remarks,"무역/관세, 외교/동맹, 안보/군사, 경제/세금, 규제완화, 선거/정치, 보건",2025-09-05,[조치] Modifying The Scope of Reciprocal Tariffs and Establishing Procedures for Implementing Trade and Security Agreements,policy,White House Presidential Actions,https://www.whitehouse.gov/presidential-actions/2025/09/modifying-the-scope-of-reciprocal-tariffs-and-establishing-procedures-for-implementing-trade-and-security-agreements/,151,0.8,N,,
20250407_br0269,2025-04-07,CEA Chairman Steve Miran Hudson Institute Event Remarks,"무역/관세, 외교/동맹, 안보/군사, 경제/세금, 규제완화, 선거/정치, 보건",2025-06-04,[조치] Restricting The Entry of Foreign Nationals to Protect the United States from Foreign Terrorists and Other National Security and Public Safety Threats,policy,White House Presidential Actions,https://www.whitehouse.gov/presidential-actions/2025/06/restricting-the-entry-of-foreign-nationals-to-protect-the-united-states-from-foreign-terrorists-and-other-national-security-and-public-safety-threats/,58,0.7,Y,Y,
20250407_br0269,2025-04-07,CEA Chairman Steve Miran Hudson Institute Event Remarks,"무역/관세, 외교/동맹, 안보/군사, 경제/세금, 규제완화, 선거/정치, 보건",2025-09-30,"[조치] Adjusting Imports of Timber, Lumber, and their Derivative Products into the United States",policy,White House Presidential Actions,https://www.whitehouse.gov/presidential-actions/2025/09/adjusting-imports-of-timber-lumber-and-their-derivative-products-into-the-united-states/,176,0.7,N,,
20250407_br0269,2025-04-07,CEA Chairman Steve Miran Hudson Institute Event Remarks,"무역/관세, 외교/동맹, 안보/군사, 경제/세금, 규제완화, 선거/정치, 보건",2025-04-09,[조치] Amendment to Reciprocal Tariffs and Updated Duties as Applied to Low-Value Imports from the People’s Republic of China,policy,White House Presidential Actions,https://www.whitehouse.gov/presidential-actions/2025/04/amendment-to-recipricol-tariffs-and-updated-duties-as-applied-to-low-value-imports-from-the-peoples-republic-of-china/,2,0.7,Y,Y,
20250407_br0269,2025-04-07,CEA Chairman Steve Miran Hudson Institute Event Remarks,"무역/관세, 외교/동맹, 안보/군사, 경제/세금, 규제완화, 선거/정치, 보건",2025-06-08,[조치] Department of Defense Security for the Protection of Department of Homeland Security Functions,policy,White House Presidential Actions,https://www.whitehouse.gov/presidential-actions/2025/06/department-of-defense-security-for-the-protection-of-department-of-homeland-security-functions/,62,0.6,N,,
20250407_br0270,2025-04-07,White House to Safely Replace Historic “Jackson Magnolia” with Descendant Sapling,"안보/군사, 경제/세금, 에너지, 규제완화, 선거/정치",2025-06-30,"[조치] Presidential Permit Authorizing South Bow (USA) LP to Operate and Maintain Pipeline Facilities at Cavalier County, North Dakota, at the International Boundary Between the United States and Canada",policy,White House Presidential Actions,https://www.whitehouse.gov/presidential-actions/2025/06/text-of-a-letter-from-the-president-to-the-speaker-of-the-house-of-representatives/,84,0.7,N,,
20250407_br0270,2025-04-07,White House to Safely Replace Historic “Jackson Magnolia” with Descendant Sapling,"안보/군사, 경제/세금, 에너지, 규제완화, 선거/정치",2025-04-09,[조치] Zero-Based Regulatory Budgeting to Unleash American Energy,policy,White House Presidential Actions,https://www.whitehouse.gov/presidential-actions/2025/04/zero-based-regulatory-budgeting-to-unleash-american-energy/,2,0.7,Y,Y,
20250407_br0270,2025-04-07,White House to Safely Replace Historic “Jackson Magnolia” with Descendant Sapling,"안보/군사, 경제/세금, 에너지, 규제완화, 선거/정치",2025-06-30,"[조치] Presidential Permit: Authorizing Junction Pipeline Company, LLC to Construct, Connect, Operate, and Maintain Pipeline Facilities at Toole County, Montana, at the International Boundary Between th",policy,White House Presidential Actions,https://www.whitehouse.gov/presidential-actions/2025/06/presidential-permit-authorizing-junction-pipeline-company-llc-to-construct-connect-operate-and-maintain-pipeline-facilities-at-toole-county-montana-at-the-international-boundary-between-the-uni/,84,0.6,N,,
20250407_br0270,2025-04-07,White House to Safely Replace Historic “Jackson Magnolia” with Descendant Sapling,"안보/군사, 경제/세금, 에너지, 규제완화, 선거/정치",2025-06-30,"[조치] Presidential Permit Authorizing Steel Reef US Pipelines LLC To Operate and Maintain Pipeline Facilities at Burke County, North Dakota, at the International Boundary Between the United States and ",policy,White House Presidential Actions,https://www.whitehouse.gov/presidential-actions/2025/06/presidential-permit-authorizing-steel-reef-us-pipelines-llc-to-operate-and-maintain-pipeline-facilities-at-burke-county-north-dakota-at-the-international-boundary-between-the-united-states-and-canad/,84,0.6,N,,
20250407_br0270,2025-04-07,White House to Safely Replace Historic “Jackson Magnolia” with Descendant Sapling,"안보/군사, 경제/세금, 에너지, 규제완화, 선거/정치",2025-04-11,[조치] Military Mission for Sealing the Southern Border of the United States and Repelling Invasions,policy,White House Presidential Actions,https://www.whitehouse.gov/presidential-actions/2025/04/military-mission-for-sealing-the-southern-border-of-the-united-states-and-repelling-invasions/,4,0.6,Y,Y,
20250403_br0271,2025-04-03,2025 Spring Garden Tours Schedule Adjustment,"안보/군사, 사법/법무, 선거/정치",2025-06-04,[조치] Restricting The Entry of Foreign Nationals to Protect the United States from Foreign Terrorists and Other National Security and Public Safety Threats,policy,White House Presidential Actions,https://www.whitehouse.gov/presidential-actions/2025/06/restricting-the-entry-of-foreign-nationals-to-protect-the-united-states-from-foreign-terrorists-and-other-national-security-and-public-safety-threats/,62,0.7,N,,
20250403_br0271,2025-04-03,2025 Spring Garden Tours Schedule Adjustment,"안보/군사, 사법/법무, 선거/정치",2025-09-25,[조치] Enforcing the Death Penalty Laws in the District of Columbia to Deter and Punish the Most Heinous Crimes,policy,White House Presidential Actions,https://www.whitehouse.gov/presidential-actions/2025/09/enforcing-the-death-penalty-laws-in-the-district-of-columbia-to-deter-and-punish-the-most-heinous-crimes/,175,0.6,N,,
20250403_br0271,2025-04-03,2025 Spring Garden Tours Schedule Adjustment,"안보/군사, 사법/법무, 선거/정치",2025-04-24,[조치] Investigation into Unlawful “Straw Donor” and Foreign Contributions in American Elections,policy,White House Presidential Actions,https://www.whitehouse.gov/presidential-actions/2025/04/investigation-into-unlawful-straw-donor-and-foreign-contributions-in-american-elections/,21,0.6,Y,Y,
20250403_br0271,2025-04-03,2025 Spring Garden Tours Schedule Adjustment,"안보/군사, 사법/법무, 선거/정치",2025-04-11,[조치] Military Mission for Sealing the Southern Border of the United States and Repelling Invasions,policy,White House Presidential Actions,https://www.whitehouse.gov/presidential-actions/2025/04/military-mission-for-sealing-the-southern-border-of-the-united-states-and-repelling-invasions/,8,0.5,Y,Y,
20250403_br0271,2025-04-03,2025 Spring Garden Tours Schedule Adjustment,"안보/군사, 사법/법무, 선거/정치",2025-08-25,[조치] Additional Measures to Address the Crime Emergency in the District of Columbia,policy,White House Presidential Actions,https://www.whitehouse.gov/presidential-actions/2025/08/additional-measures-to-address-the-crime-emergency-in-the-district-of-columbia/,144,0.4,N,,
20250401_br0272,2025-04-01,"Presidential Message on National Financial Literacy Month, 2025","안보/군사, 경제/세금, 규제완화, 선거/정치, 미디어, 보건",2025-09-09,[각서] Memorandum for the Secretary of Health and Human Services the Commissioner of Food and Drugs,executive_order,White House Presidential Actions,https://www.whitehouse.gov/presidential-actions/2025/09/memorandum-for-the-secretary-of-health-and-human-services-the-commissioner-of-food-and-drugs/,161,0.7,N,,
20250401_br0272,2025-04-01,"Presidential Message on National Financial Literacy Month, 2025","안보/군사, 경제/세금, 규제완화, 선거/정치, 미디어, 보건",2025-06-08,[조치] Department of Defense Security for the Protection of Department of Homeland Security Functions,policy,White House Presidential Actions,https://www.whitehouse.gov/presidential-actions/2025/06/department-of-defense-security-for-the-protection-of-department-of-homeland-security-functions/,68,0.5,N,,
20250401_br0272,2025-04-01,"Presidential Message on National Financial Literacy Month, 2025","안보/군사, 경제/세금, 규제완화, 선거/정치, 미디어, 보건",2025-06-04,[조치] Restricting The Entry of Foreign Nationals to Protect the United States from Foreign Terrorists and Other National Security and Public Safety Threats,policy,White House Presidential Actions,https://www.whitehouse.gov/presidential-actions/2025/06/restricting-the-entry-of-foreign-nationals-to-protect-the-united-states-from-foreign-terrorists-and-other-national-security-and-public-safety-threats/,64,0.5,N,,
20250401_br0272,2025-04-01,"Presidential Message on National Financial Literacy Month, 2025","안보/군사, 경제/세금, 규제완화, 선거/정치, 미디어, 보건",2025-05-09,[조치] Fighting Overcriminalization in Federal Regulations,policy,White House Presidential Actions,https://www.whitehouse.gov/presidential-actions/2025/05/fighting-overcriminalization-in-federal-regulations/,38,0.5,N,,
20250401_br0272,2025-04-01,"Presidential Message on National Financial Literacy Month, 2025","안보/군사, 경제/세금, 규제완화, 선거/정치, 미디어, 보건",2025-05-05,"[조치] National Mental Health Awareness Month, 2025",policy,White House Presidential Actions,https://www.whitehouse.gov/presidential-actions/2025/05/national-mental-health-awareness-month-2025/,34,0.5,N,,
20250326_br0273,2025-03-26,"A Letter to Michael Kratsios, Director of the White House Office of Science and Technology Policy","안보/군사, 경제/세금, 선거/정치, 보건",2025-09-09,[각서] Memorandum for the Secretary of Health and Human Services the Commissioner of Food and Drugs,executive_order,White House Presidential Actions,https://www.whitehouse.gov/presidential-actions/2025/09/memorandum-for-the-secretary-of-health-and-human-services-the-commissioner-of-food-and-drugs/,167,0.7,N,,
20250326_br0273,2025-03-26,"A Letter to Michael Kratsios, Director of the White House Office of Science and Technology Policy","안보/군사, 경제/세금, 선거/정치, 보건",2025-06-04,[조치] Restricting The Entry of Foreign Nationals to Protect the United States from Foreign Terrorists and Other National Security and Public Safety Threats,policy,White House Presidential Actions,https://www.whitehouse.gov/presidential-actions/2025/06/restricting-the-entry-of-foreign-nationals-to-protect-the-united-states-from-foreign-terrorists-and-other-national-security-and-public-safety-threats/,70,0.5,N,,
20250326_br0273,2025-03-26,"A Letter to Michael Kratsios, Director of the White House Office of Science and Technology Policy","안보/군사, 경제/세금, 선거/정치, 보건",2025-04-11,[조치] Military Mission for Sealing the Southern Border of the United States and Repelling Invasions,policy,White House Presidential Actions,https://www.whitehouse.gov/presidential-actions/2025/04/military-mission-for-sealing-the-southern-border-of-the-united-states-and-repelling-invasions/,16,0.5,N,,
20250326_br0273,2025-03-26,"A Letter to Michael Kratsios, Director of the White House Office of Science and Technology Policy","안보/군사, 경제/세금, 선거/정치, 보건",2025-04-09,[조치] Zero-Based Regulatory Budgeting to Unleash American Energy,policy,White House Presidential Actions,https://www.whitehouse.gov/presidential-actions/2025/04/zero-based-regulatory-budgeting-to-unleash-american-energy/,14,0.5,Y,Y,
20250326_br0273,2025-03-26,"A Letter to Michael Kratsios, Director of the White House Office of Science and Technology Policy","안보/군사, 경제/세금, 선거/정치, 보건",2025-09-18,[각서] Memorandum of Understanding Between the Government of The United States of America and the Government of The United Kingdom of Great Britain and Northern Ireland Regarding the Technology Prosperi,executive_order,White House Presidential Actions,https://www.whitehouse.gov/presidential-actions/2025/09/memorandum-of-understanding-between-the-government-of-the-united-states-of-america-and-the-government-of-the-united-kingdom-of-great-britain-and-northern-ireland-regarding-the-technology-prosperity-de/,176,0.4,N,,
20250325_br0274,2025-03-25,Outcomes of the United States and Ukraine Expert Groups On the Black Sea,"무역/관세, 외교/동맹, 안보/군사, 경제/세금, 에너지, 사법/법무, 미디어",2025-04-02,[조치] Regulating Imports with a Reciprocal Tariff to Rectify Trade Practices that Contribute to Large and Persistent Annual United States Goods Trade Deficits,policy,White House Presidential Actions,https://www.whitehouse.gov/presidential-actions/2025/04/regulating-imports-with-a-reciprocal-tariff-to-rectify-trade-practices-that-contribute-to-large-and-persistent-annual-united-states-goods-trade-deficits/,8,1.0,Y,Y,
20250325_br0274,2025-03-25,Outcomes of the United States and Ukraine Expert Groups On the Black Sea,"무역/관세, 외교/동맹, 안보/군사, 경제/세금, 에너지, 사법/법무, 미디어",2025-09-05,[조치] Modifying The Scope of Reciprocal Tariffs and Establishing Procedures for Implementing Trade and Security Agreements,policy,White House Presidential Actions,https://www.whitehouse.gov/presidential-actions/2025/09/modifying-the-scope-of-reciprocal-tariffs-and-establishing-procedures-for-implementing-trade-and-security-agreements/,164,0.8,N,,
20250325_br0274,2025-03-25,Outcomes of the United States and Ukraine Expert Groups On the Black Sea,"무역/관세, 외교/동맹, 안보/군사, 경제/세금, 에너지, 사법/법무, 미디어",2025-06-30,"[조치] Presidential Permit: Authorizing Junction Pipeline Company, LLC to Construct, Connect, Operate, and Maintain Pipeline Facilities at Toole County, Montana, at the International Boundary Between th",policy,White House Presidential Actions,https://www.whitehouse.gov/presidential-actions/2025/06/presidential-permit-authorizing-junction-pipeline-company-llc-to-construct-connect-operate-and-maintain-pipeline-facilities-at-toole-county-montana-at-the-international-boundary-between-the-uni/,97,0.7,N,,
20250325_br0274,2025-03-25,Outcomes of the United States and Ukraine Expert Groups On the Black Sea,"무역/관세, 외교/동맹, 안보/군사, 경제/세금, 에너지, 사법/법무, 미디어",2025-06-30,"[조치] Presidential Permit Authorizing South Bow (USA) LP to Operate and Maintain Pipeline Facilities at Cavalier County, North Dakota, at the International Boundary Between the United States and Canada",policy,White House Presidential Actions,https://www.whitehouse.gov/presidential-actions/2025/06/text-of-a-letter-from-the-president-to-the-speaker-of-the-house-of-representatives/,97,0.7,N,,
20250325_br0274,2025-03-25,Outcomes of the United States and Ukraine Expert Groups On the Black Sea,"무역/관세, 외교/동맹, 안보/군사, 경제/세금, 에너지, 사법/법무, 미디어",2025-06-30,"[조치] Presidential Permit Authorizing Steel Reef US Pipelines LLC To Operate and Maintain Pipeline Facilities at Burke County, North Dakota, at the International Boundary Between the United States and ",policy,White House Presidential Actions,https://www.whitehouse.gov/presidential-actions/2025/06/presidential-permit-authorizing-steel-reef-us-pipelines-llc-to-operate-and-maintain-pipeline-facilities-at-burke-county-north-dakota-at-the-international-boundary-between-the-united-states-and-canad/,97,0.7,N,,
20250325_br0275,2025-03-25,Outcomes of the United States and Russia Expert Groups On the Black Sea,"무역/관세, 외교/동맹, 안보/군사, 경제/세금, 에너지, 미디어",2025-04-02,[조치] Regulating Imports with a Reciprocal Tariff to Rectify Trade Practices that Contribute to Large and Persistent Annual United States Goods Trade Deficits,policy,White House Presidential Actions,https://www.whitehouse.gov/presidential-actions/2025/04/regulating-imports-with-a-reciprocal-tariff-to-rectify-trade-practices-that-contribute-to-large-and-persistent-annual-united-states-goods-trade-deficits/,8,1.0,Y,Y,
20250325_br0275,2025-03-25,Outcomes of the United States and Russia Expert Groups On the Black Sea,"무역/관세, 외교/동맹, 안보/군사, 경제/세금, 에너지, 미디어",2025-09-05,[조치] Modifying The Scope of Reciprocal Tariffs and Establishing Procedures for Implementing Trade and Security Agreements,policy,White House Presidential Actions,https://www.whitehouse.gov/presidential-actions/2025/09/modifying-the-scope-of-reciprocal-tariffs-and-establishing-procedures-for-implementing-trade-and-security-agreements/,164,0.8,N,,
20250325_br0275,2025-03-25,Outcomes of the United States and Russia Expert Groups On the Black Sea,"무역/관세, 외교/동맹, 안보/군사, 경제/세금, 에너지, 미디어",2025-06-30,"[조치] Presidential Permit: Authorizing Junction Pipeline Company, LLC to Construct, Connect, Operate, and Maintain Pipeline Facilities at Toole County, Montana, at the International Boundary Between th",policy,White House Presidential Actions,https://www.whitehouse.gov/presidential-actions/2025/06/presidential-permit-authorizing-junction-pipeline-company-llc-to-construct-connect-operate-and-maintain-pipeline-facilities-at-toole-county-montana-at-the-international-boundary-between-the-uni/,97,0.7,N,,
20250325_br0275,2025-03-25,Outcomes of the United States and Russia Expert Groups On the Black Sea,"무역/관세, 외교/동맹, 안보/군사, 경제/세금, 에너지, 미디어",2025-06-30,"[조치] Presidential Permit Authorizing South Bow (USA) LP to Operate and Maintain Pipeline Facilities at Cavalier County, North Dakota, at the International Boundary Between the United States and Canada",policy,White House Presidential Actions,https://www.whitehouse.gov/presidential-actions/2025/06/text-of-a-letter-from-the-president-to-the-speaker-of-the-house-of-representatives/,97,0.7,N,,
20250325_br0275,2025-03-25,Outcomes of the United States and Russia Expert Groups On the Black Sea,"무역/관세, 외교/동맹, 안보/군사, 경제/세금, 에너지, 미디어",2025-06-30,"[조치] Presidential Permit Authorizing Steel Reef US Pipelines LLC To Operate and Maintain Pipeline Facilities at Burke County, North Dakota, at the International Boundary Between the United States and ",policy,White House Presidential Actions,https://www.whitehouse.gov/presidential-actions/2025/06/presidential-permit-authorizing-steel-reef-us-pipelines-llc-to-operate-and-maintain-pipeline-facilities-at-burke-county-north-dakota-at-the-international-boundary-between-the-united-states-and-canad/,97,0.7,N,,
20250320_br0276,2025-03-20,"250th Anniversary of Patrick Henry’s “Give Me Liberty, Or Give Me Death!” Speech","경제/세금, 사법/법무, 선거/정치, 미디어",2025-04-24,[조치] Investigation into Unlawful “Straw Donor” and Foreign Contributions in American Elections,policy,White House Presidential Actions,https://www.whitehouse.gov/presidential-actions/2025/04/investigation-into-unlawful-straw-donor-and-foreign-contributions-in-american-elections/,35,0.7,Y,Y,
20250320_br0276,2025-03-20,"250th Anniversary of Patrick Henry’s “Give Me Liberty, Or Give Me Death!” Speech","경제/세금, 사법/법무, 선거/정치, 미디어",2025-05-20,[조치] President Donald J. Trump Signed S. 146 into Law,policy,White House Presidential Actions,https://www.whitehouse.gov/presidential-actions/2025/05/president-donald-j-trump-signed-s-146-into-law/,61,0.5,N,,
20250320_br0276,2025-03-20,"250th Anniversary of Patrick Henry’s “Give Me Liberty, Or Give Me Death!” Speech","경제/세금, 사법/법무, 선거/정치, 미디어",2025-08-25,[조치] Additional Measures to Address the Crime Emergency in the District of Columbia,policy,White House Presidential Actions,https://www.whitehouse.gov/presidential-actions/2025/08/additional-measures-to-address-the-crime-emergency-in-the-district-of-columbia/,158,0.4,N,,
20250320_br0276,2025-03-20,"250th Anniversary of Patrick Henry’s “Give Me Liberty, Or Give Me Death!” Speech","경제/세금, 사법/법무, 선거/정치, 미디어",2025-07-24,[조치] Ending Crime and Disorder on America’s Streets,policy,White House Presidential Actions,https://www.whitehouse.gov/presidential-actions/2025/07/ending-crime-and-disorder-on-americas-streets/,126,0.4,N,,
20250320_br0276,2025-03-20,"250th Anniversary of Patrick Henry’s “Give Me Liberty, Or Give Me Death!” Speech","경제/세금, 사법/법무, 선거/정치, 미디어",2025-06-13,[조치] 250th Anniversary of the Founding of the United States Army,policy,White House Presidential Actions,https://www.whitehouse.gov/presidential-actions/2025/06/250th-anniversary-of-the-founding-of-the-united-states-army/,85,0.4,N,,
20250319_br0277,2025-03-19,"Presidential Message on Nowruz, 2025","안보/군사, 규제완화, 사법/법무",2025-04-09,[조치] Directing the Repeal of Unlawful Regulations,policy,White House Presidential Actions,https://www.whitehouse.gov/presidential-actions/2025/04/directing-the-repeal-of-unlawful-regulations/,21,0.6,Y,Y,
20250319_br0277,2025-03-19,"Presidential Message on Nowruz, 2025","안보/군사, 규제완화, 사법/법무",2025-04-11,[조치] Military Mission for Sealing the Southern Border of the United States and Repelling Invasions,policy,White House Presidential Actions,https://www.whitehouse.gov/presidential-actions/2025/04/military-mission-for-sealing-the-southern-border-of-the-united-states-and-repelling-invasions/,23,0.5,N,,
20250319_br0277,2025-03-19,"Presidential Message on Nowruz, 2025","안보/군사, 규제완화, 사법/법무",2025-04-24,[조치] Investigation into Unlawful “Straw Donor” and Foreign Contributions in American Elections,policy,White House Presidential Actions,https://www.whitehouse.gov/presidential-actions/2025/04/investigation-into-unlawful-straw-donor-and-foreign-contributions-in-american-elections/,36,0.4,N,,
20250319_br0277,2025-03-19,"Presidential Message on Nowruz, 2025","안보/군사, 규제완화, 사법/법무",2025-06-30,"[조치] Presidential Permit: Authorizing Junction Pipeline Company, LLC to Construct, Connect, Operate, and Maintain Pipeline Facilities at Toole County, Montana, at the International Boundary Between th",policy,White House Presidential Actions,https://www.whitehouse.gov/presidential-actions/2025/06/presidential-permit-authorizing-junction-pipeline-company-llc-to-construct-connect-operate-and-maintain-pipeline-facilities-at-toole-county-montana-at-the-international-boundary-between-the-uni/,103,0.3,N,,
20250319_br0277,2025-03-19,"Presidential Message on Nowruz, 2025","안보/군사, 규제완화, 사법/법무",2025-06-30,"[조치] Presidential Permit Authorizing South Bow (USA) LP to Operate and Maintain Pipeline Facilities at Cavalier County, North Dakota, at the International Boundary Between the United States and Canada",policy,White House Presidential Actions,https://www.whitehouse.gov/presidential-actions/2025/06/text-of-a-letter-from-the-president-to-the-speaker-of-the-house-of-representatives/,103,0.3,N,,
20250319_br0278,2025-03-19,Statement from Secretary Rubio and NSC Waltz on Call with Zelenskyy,"외교/동맹, 안보/군사, 경제/세금, 에너지",2025-04-09,[조치] Zero-Based Regulatory Budgeting to Unleash American Energy,policy,White House Presidential Actions,https://www.whitehouse.gov/presidential-actions/2025/04/zero-based-regulatory-budgeting-to-unleash-american-energy/,21,0.8,Y,Y,
20250319_br0278,2025-03-19,Statement from Secretary Rubio and NSC Waltz on Call with Zelenskyy,"외교/동맹, 안보/군사, 경제/세금, 에너지",2025-07-17,[조치] Regulatory Relief for Certain Stationary Sources to Further Promote American Energy,policy,White House Presidential Actions,https://www.whitehouse.gov/presidential-actions/2025/07/regulatory-relief-for-certain-stationary-sources-to-further-promote-american-energy/,120,0.6,N,,
20250319_br0278,2025-03-19,Statement from Secretary Rubio and NSC Waltz on Call with Zelenskyy,"외교/동맹, 안보/군사, 경제/세금, 에너지",2025-06-30,"[조치] Presidential Permit: Authorizing Junction Pipeline Company, LLC to Construct, Connect, Operate, and Maintain Pipeline Facilities at Toole County, Montana, at the International Boundary Between th",policy,White House Presidential Actions,https://www.whitehouse.gov/presidential-actions/2025/06/presidential-permit-authorizing-junction-pipeline-company-llc-to-construct-connect-operate-and-maintain-pipeline-facilities-at-toole-county-montana-at-the-international-boundary-between-the-uni/,103,0.6,N,,
20250319_br0278,2025-03-19,Statement from Secretary Rubio and NSC Waltz on Call with Zelenskyy,"외교/동맹, 안보/군사, 경제/세금, 에너지",2025-06-30,"[조치] Presidential Permit Authorizing South Bow (USA) LP to Operate and Maintain Pipeline Facilities at Cavalier County, North Dakota, at the International Boundary Between the United States and Canada",policy,White House Presidential Actions,https://www.whitehouse.gov/presidential-actions/2025/06/text-of-a-letter-from-the-president-to-the-speaker-of-the-house-of-representatives/,103,0.6,N,,
20250319_br0278,2025-03-19,Statement from Secretary Rubio and NSC Waltz on Call with Zelenskyy,"외교/동맹, 안보/군사, 경제/세금, 에너지",2025-06-30,"[조치] Presidential Permit Authorizing Steel Reef US Pipelines LLC To Operate and Maintain Pipeline Facilities at Burke County, North Dakota, at the International Boundary Between the United States and ",policy,White House Presidential Actions,https://www.whitehouse.gov/presidential-actions/2025/06/presidential-permit-authorizing-steel-reef-us-pipelines-llc-to-operate-and-maintain-pipeline-facilities-at-burke-county-north-dakota-at-the-international-boundary-between-the-united-states-and-canad/,103,0.6,N,,
20250318_br0279,2025-03-18,"National Poison Prevention Week, 2025","무역/관세, 이민/국경, 외교/동맹, 안보/군사, 선거/정치, 보건",2025-04-02,[조치] Regulating Imports with a Reciprocal Tariff to Rectify Trade Practices that Contribute to Large and Persistent Annual United States Goods Trade Deficits,policy,White House Presidential Actions,https://www.whitehouse.gov/presidential-actions/2025/04/regulating-imports-with-a-reciprocal-tariff-to-rectify-trade-practices-that-contribute-to-large-and-persistent-annual-united-states-goods-trade-deficits/,15,1.0,Y,Y,
20250318_br0279,2025-03-18,"National Poison Prevention Week, 2025","무역/관세, 이민/국경, 외교/동맹, 안보/군사, 선거/정치, 보건",2025-08-01,[조치] Amendment to Duties to Address the Flow of Illicit Drugs Across Our Northern Border,policy,White House Presidential Actions,https://www.whitehouse.gov/presidential-actions/2025/07/amendment-to-duties-to-address-the-flow-of-illicit-drugs-across-our-northern-border-9350/,136,0.9,N,,
20250318_br0279,2025-03-18,"National Poison Prevention Week, 2025","무역/관세, 이민/국경, 외교/동맹, 안보/군사, 선거/정치, 보건",2025-06-04,[조치] Restricting The Entry of Foreign Nationals to Protect the United States from Foreign Terrorists and Other National Security and Public Safety Threats,policy,White House Presidential Actions,https://www.whitehouse.gov/presidential-actions/2025/06/restricting-the-entry-of-foreign-nationals-to-protect-the-united-states-from-foreign-terrorists-and-other-national-security-and-public-safety-threats/,78,0.9,N,,
20250318_br0279,2025-03-18,"National Poison Prevention Week, 2025","무역/관세, 이민/국경, 외교/동맹, 안보/군사, 선거/정치, 보건",2025-04-11,[조치] Military Mission for Sealing the Southern Border of the United States and Repelling Invasions,policy,White House Presidential Actions,https://www.whitehouse.gov/presidential-actions/2025/04/military-mission-for-sealing-the-southern-border-of-the-united-states-and-repelling-invasions/,24,0.9,Y,Y,
20250318_br0279,2025-03-18,"National Poison Prevention Week, 2025","무역/관세, 이민/국경, 외교/동맹, 안보/군사, 선거/정치, 보건",2025-09-05,[조치] Modifying The Scope of Reciprocal Tariffs and Establishing Procedures for Implementing Trade and Security Agreements,policy,White House Presidential Actions,https://www.whitehouse.gov/presidential-actions/2025/09/modifying-the-scope-of-reciprocal-tariffs-and-establishing-procedures-for-implementing-trade-and-security-agreements/,171,0.8,N,,
20250318_br0280,2025-03-18,"National Agriculture Day, 2025","무역/관세, 안보/군사, 경제/세금, 사법/법무, 미디어",2025-04-02,[조치] Regulating Imports with a Reciprocal Tariff to Rectify Trade Practices that Contribute to Large and Persistent Annual United States Goods Trade Deficits,policy,White House Presidential Actions,https://www.whitehouse.gov/presidential-actions/2025/04/regulating-imports-with-a-reciprocal-tariff-to-rectify-trade-practices-that-contribute-to-large-and-persistent-annual-united-states-goods-trade-deficits/,15,1.0,Y,Y,
20250318_br0280,2025-03-18,"National Agriculture Day, 2025","무역/관세, 안보/군사, 경제/세금, 사법/법무, 미디어",2025-09-05,[조치] Modifying The Scope of Reciprocal Tariffs and Establishing Procedures for Implementing Trade and Security Agreements,policy,White House Presidential Actions,https://www.whitehouse.gov/presidential-actions/2025/09/modifying-the-scope-of-reciprocal-tariffs-and-establishing-procedures-for-implementing-trade-and-security-agreements/,171,0.7,N,,
20250318_br0280,2025-03-18,"National Agriculture Day, 2025","무역/관세, 안보/군사, 경제/세금, 사법/법무, 미디어",2025-07-23,[조치] Promoting The Export of the American AI Technology Stack,policy,White House Presidential Actions,https://www.whitehouse.gov/presidential-actions/2025/07/promoting-the-export-of-the-american-ai-technology-stack/,127,0.6,N,,
20250318_br0280,2025-03-18,"National Agriculture Day, 2025","무역/관세, 안보/군사, 경제/세금, 사법/법무, 미디어",2025-04-29,[조치] Addressing Certain Tariffs on Imported Articles,policy,White House Presidential Actions,https://www.whitehouse.gov/presidential-actions/2025/04/addressing-certain-tariffs-on-imported-articles/,42,0.6,Y,Y,
20250318_br0280,2025-03-18,"National Agriculture Day, 2025","무역/관세, 안보/군사, 경제/세금, 사법/법무, 미디어",2025-04-09,[조치] Amendment to Reciprocal Tariffs and Updated Duties as Applied to Low-Value Imports from the People’s Republic of China,policy,White House Presidential Actions,https://www.whitehouse.gov/presidential-actions/2025/04/amendment-to-recipricol-tariffs-and-updated-duties-as-applied-to-low-value-imports-from-the-peoples-republic-of-china/,22,0.6,Y,Y,
20250317_br0281,2025-03-17,"Presidential Message on St. Patrick’s Day, 2025",경제/세금,2025-06-30,"[조치] Presidential Permit: Authorizing Junction Pipeline Company, LLC to Construct, Connect, Operate, and Maintain Pipeline Facilities at Toole County, Montana, at the International Boundary Between th",policy,White House Presidential Actions,https://www.whitehouse.gov/presidential-actions/2025/06/presidential-permit-authorizing-junction-pipeline-company-llc-to-construct-connect-operate-and-maintain-pipeline-facilities-at-toole-county-montana-at-the-international-boundary-between-the-uni/,105,0.4,N,,
20250317_br0281,2025-03-17,"Presidential Message on St. Patrick’s Day, 2025",경제/세금,2025-06-30,"[조치] Presidential Permit Authorizing South Bow (USA) LP to Operate and Maintain Pipeline Facilities at Cavalier County, North Dakota, at the International Boundary Between the United States and Canada",policy,White House Presidential Actions,https://www.whitehouse.gov/presidential-actions/2025/06/text-of-a-letter-from-the-president-to-the-speaker-of-the-house-of-representatives/,105,0.4,N,,
20250317_br0281,2025-03-17,"Presidential Message on St. Patrick’s Day, 2025",경제/세금,2025-06-30,"[조치] Presidential Permit Authorizing Steel Reef US Pipelines LLC To Operate and Maintain Pipeline Facilities at Burke County, North Dakota, at the International Boundary Between the United States and ",policy,White House Presidential Actions,https://www.whitehouse.gov/presidential-actions/2025/06/presidential-permit-authorizing-steel-reef-us-pipelines-llc-to-operate-and-maintain-pipeline-facilities-at-burke-county-north-dakota-at-the-international-boundary-between-the-united-states-and-canad/,105,0.4,N,,
20250317_br0281,2025-03-17,"Presidential Message on St. Patrick’s Day, 2025",경제/세금,2025-06-09,"[조치] Presidential Permit Authorizing Green Corridors, LLC, to Construct, Maintain, and Operate a Commercial Elevated Guideway Border Crossing Near Laredo, Texas, at the International Boundary Between ",policy,White House Presidential Actions,https://www.whitehouse.gov/presidential-actions/2025/06/presidential-permit-authorizing-green-corridors-llc-to-construct-maintain-and-operate-commercial-elevated-guideway-border-crossing-near-laredo-texas-at-the-international-boundary-between-the-us-mexico/,84,0.4,N,,
20250317_br0281,2025-03-17,"Presidential Message on St. Patrick’s Day, 2025",경제/세금,2025-08-06,[조치] Addressing Threats to The United States by the Government of the Russian Federation,policy,White House Presidential Actions,https://www.whitehouse.gov/presidential-actions/2025/08/addressing-threats-to-the-united-states-by-the-government-of-the-russian-federation/,142,0.3,N,,
20250316_br0282,2025-03-16,Statement from the Press Secretary,"안보/군사, 경제/세금, 에너지, 규제완화, 사법/법무, 미디어",2025-05-20,[조치] President Donald J. Trump Signed S. 146 into Law,policy,White House Presidential Actions,https://www.whitehouse.gov/presidential-actions/2025/05/president-donald-j-trump-signed-s-146-into-law/,65,0.7,N,,
20250316_br0282,2025-03-16,Statement from the Press Secretary,"안보/군사, 경제/세금, 에너지, 규제완화, 사법/법무, 미디어",2025-04-09,[조치] Zero-Based Regulatory Budgeting to Unleash American Energy,policy,White House Presidential Actions,https://www.whitehouse.gov/presidential-actions/2025/04/zero-based-regulatory-budgeting-to-unleash-american-energy/,24,0.7,Y,Y,
20250316_br0282,2025-03-16,Statement from the Press Secretary,"안보/군사, 경제/세금, 에너지, 규제완화, 사법/법무, 미디어",2025-06-30,"[조치] Presidential Permit Authorizing South Bow (USA) LP to Operate and Maintain Pipeline Facilities at Cavalier County, North Dakota, at the International Boundary Between the United States and Canada",policy,White House Presidential Actions,https://www.whitehouse.gov/presidential-actions/2025/06/text-of-a-letter-from-the-president-to-the-speaker-of-the-house-of-representatives/,106,0.6,N,,
20250316_br0282,2025-03-16,Statement from the Press Secretary,"안보/군사, 경제/세금, 에너지, 규제완화, 사법/법무, 미디어",2025-06-30,"[조치] Presidential Permit Authorizing Steel Reef US Pipelines LLC To Operate and Maintain Pipeline Facilities at Burke County, North Dakota, at the International Boundary Between the United States and ",policy,White House Presidential Actions,https://www.whitehouse.gov/presidential-actions/2025/06/presidential-permit-authorizing-steel-reef-us-pipelines-llc-to-operate-and-maintain-pipeline-facilities-at-burke-county-north-dakota-at-the-international-boundary-between-the-united-states-and-canad/,106,0.6,N,,
20250316_br0282,2025-03-16,Statement from the Press Secretary,"안보/군사, 경제/세금, 에너지, 규제완화, 사법/법무, 미디어",2025-06-08,[조치] Department of Defense Security for the Protection of Department of Homeland Security Functions,policy,White House Presidential Actions,https://www.whitehouse.gov/presidential-actions/2025/06/department-of-defense-security-for-the-protection-of-department-of-homeland-security-functions/,84,0.6,N,,
20250315_br0283,2025-03-15,"Presidential Message on the Birthday of President Andrew Jackson, 2025","무역/관세, 안보/군사, 경제/세금, 규제완화, 선거/정치, 미디어",2025-04-02,[조치] Regulating Imports with a Reciprocal Tariff to Rectify Trade Practices that Contribute to Large and Persistent Annual United States Goods Trade Deficits,policy,White House Presidential Actions,https://www.whitehouse.gov/presidential-actions/2025/04/regulating-imports-with-a-reciprocal-tariff-to-rectify-trade-practices-that-contribute-to-large-and-persistent-annual-united-states-goods-trade-deficits/,18,0.9,Y,Y,
20250315_br0283,2025-03-15,"Presidential Message on the Birthday of President Andrew Jackson, 2025","무역/관세, 안보/군사, 경제/세금, 규제완화, 선거/정치, 미디어",2025-04-09,[조치] Amendment to Reciprocal Tariffs and Updated Duties as Applied to Low-Value Imports from the People’s Republic of China,policy,White House Presidential Actions,https://www.whitehouse.gov/presidential-actions/2025/04/amendment-to-recipricol-tariffs-and-updated-duties-as-applied-to-low-value-imports-from-the-peoples-republic-of-china/,25,0.8,Y,Y,
20250315_br0283,2025-03-15,"Presidential Message on the Birthday of President Andrew Jackson, 2025","무역/관세, 안보/군사, 경제/세금, 규제완화, 선거/정치, 미디어",2025-09-05,[조치] Modifying The Scope of Reciprocal Tariffs and Establishing Procedures for Implementing Trade and Security Agreements,policy,White House Presidential Actions,https://www.whitehouse.gov/presidential-actions/2025/09/modifying-the-scope-of-reciprocal-tariffs-and-establishing-procedures-for-implementing-trade-and-security-agreements/,174,0.7,N,,
20250315_br0283,2025-03-15,"Presidential Message on the Birthday of President Andrew Jackson, 2025","무역/관세, 안보/군사, 경제/세금, 규제완화, 선거/정치, 미디어",2025-04-29,[조치] Addressing Certain Tariffs on Imported Articles,policy,White House Presidential Actions,https://www.whitehouse.gov/presidential-actions/2025/04/addressing-certain-tariffs-on-imported-articles/,45,0.7,Y,Y,
20250315_br0283,2025-03-15,"Presidential Message on the Birthday of President Andrew Jackson, 2025","무역/관세, 안보/군사, 경제/세금, 규제완화, 선거/정치, 미디어",2025-03-24,[조치] Imposing Tariffs on Countries Importing Venezuelan Oil,policy,White House Presidential Actions,https://www.whitehouse.gov/presidential-actions/2025/03/imposing-tariffs-on-countries-importing-venezuelan-oil/,9,0.7,Y,Y,
20250312_br0285,2025-03-12,WINNING: Inflation Eases as Job Creation Soars and Border Security Pays Off,"이민/국경, 외교/동맹, 경제/세금, 에너지, 규제완화, 선거/정치, 미디어",2025-04-09,[조치] Zero-Based Regulatory Budgeting to Unleash American Energy,policy,White House Presidential Actions,https://www.whitehouse.gov/presidential-actions/2025/04/zero-based-regulatory-budgeting-to-unleash-american-energy/,28,0.8,Y,Y,
20250312_br0285,2025-03-12,WINNING: Inflation Eases as Job Creation Soars and Border Security Pays Off,"이민/국경, 외교/동맹, 경제/세금, 에너지, 규제완화, 선거/정치, 미디어",2025-07-17,[조치] Regulatory Relief for Certain Stationary Sources to Further Promote American Energy,policy,White House Presidential Actions,https://www.whitehouse.gov/presidential-actions/2025/07/regulatory-relief-for-certain-stationary-sources-to-further-promote-american-energy/,127,0.6,N,,
20250312_br0285,2025-03-12,WINNING: Inflation Eases as Job Creation Soars and Border Security Pays Off,"이민/국경, 외교/동맹, 경제/세금, 에너지, 규제완화, 선거/정치, 미디어",2025-04-08,[조치] Regulatory Relief for Certain Stationary Sources to Promote American Energy,policy,White House Presidential Actions,https://www.whitehouse.gov/presidential-actions/2025/04/rregulatory-relief-for-certain-stationary-sources-to-promote-american-energy/,27,0.6,Y,Y,
20250312_br0285,2025-03-12,WINNING: Inflation Eases as Job Creation Soars and Border Security Pays Off,"이민/국경, 외교/동맹, 경제/세금, 에너지, 규제완화, 선거/정치, 미디어",2025-08-01,[조치] Amendment to Duties to Address the Flow of Illicit Drugs Across Our Northern Border,policy,White House Presidential Actions,https://www.whitehouse.gov/presidential-actions/2025/07/amendment-to-duties-to-address-the-flow-of-illicit-drugs-across-our-northern-border-9350/,142,0.5,N,,
20250312_br0285,2025-03-12,WINNING: Inflation Eases as Job Creation Soars and Border Security Pays Off,"이민/국경, 외교/동맹, 경제/세금, 에너지, 규제완화, 선거/정치, 미디어",2025-06-30,"[조치] Presidential Permit Authorizing South Bow (USA) LP to Operate and Maintain Pipeline Facilities at Cavalier County, North Dakota, at the International Boundary Between the United States and Canada",policy,White House Presidential Actions,https://www.whitehouse.gov/presidential-actions/2025/06/text-of-a-letter-from-the-president-to-the-speaker-of-the-house-of-representatives/,110,0.5,N,,
20250307_br0286,2025-03-07,First Lady Melania Trump Announces 2025 Spring Garden Tours,"안보/군사, 사법/법무, 선거/정치",2025-04-24,[조치] Investigation into Unlawful “Straw Donor” and Foreign Contributions in American Elections,policy,White House Presidential Actions,https://www.whitehouse.gov/presidential-actions/2025/04/investigation-into-unlawful-straw-donor-and-foreign-contributions-in-american-elections/,48,0.6,Y,Y,
20250307_br0286,2025-03-07,First Lady Melania Trump Announces 2025 Spring Garden Tours,"안보/군사, 사법/법무, 선거/정치",2025-05-20,[조치] President Donald J. Trump Signed S. 146 into Law,policy,White House Presidential Actions,https://www.whitehouse.gov/presidential-actions/2025/05/president-donald-j-trump-signed-s-146-into-law/,74,0.4,N,,
20250307_br0286,2025-03-07,First Lady Melania Trump Announces 2025 Spring Garden Tours,"안보/군사, 사법/법무, 선거/정치",2025-04-09,"[조치] National Crime Victims’ Rights Week, 2025",policy,White House Presidential Actions,https://www.whitehouse.gov/presidential-actions/2025/04/national-crime-victims-rights-week-2025/,33,0.4,N,,
20250307_br0286,2025-03-07,First Lady Melania Trump Announces 2025 Spring Garden Tours,"안보/군사, 사법/법무, 선거/정치",2025-08-25,[조치] Measures To End Cashless Bail And Enforce The Law In The District Of Columbia,policy,White House Presidential Actions,https://www.whitehouse.gov/presidential-actions/2025/08/measures-to-end-cashless-bail-and-enforce-the-law-in-the-district-of-columbia/,171,0.3,N,,
20250307_br0286,2025-03-07,First Lady Melania Trump Announces 2025 Spring Garden Tours,"안보/군사, 사법/법무, 선거/정치",2025-08-25,[조치] Additional Measures to Address the Crime Emergency in the District of Columbia,policy,White House Presidential Actions,https://www.whitehouse.gov/presidential-actions/2025/08/additional-measures-to-address-the-crime-emergency-in-the-district-of-columbia/,171,0.3,N,,
20250307_br0287,2025-03-07,"National Consumer Protection Week, 2025","무역/관세, 안보/군사, 경제/세금, 사법/법무, 미디어, 보건",2025-04-02,[조치] Regulating Imports with a Reciprocal Tariff to Rectify Trade Practices that Contribute to Large and Persistent Annual United States Goods Trade Deficits,policy,White House Presidential Actions,https://www.whitehouse.gov/presidential-actions/2025/04/regulating-imports-with-a-reciprocal-tariff-to-rectify-trade-practices-that-contribute-to-large-and-persistent-annual-united-states-goods-trade-deficits/,26,1.0,Y,Y,
20250307_br0287,2025-03-07,"National Consumer Protection Week, 2025","무역/관세, 안보/군사, 경제/세금, 사법/법무, 미디어, 보건",2025-06-04,[조치] Restricting The Entry of Foreign Nationals to Protect the United States from Foreign Terrorists and Other National Security and Public Safety Threats,policy,White House Presidential Actions,https://www.whitehouse.gov/presidential-actions/2025/06/restricting-the-entry-of-foreign-nationals-to-protect-the-united-states-from-foreign-terrorists-and-other-national-security-and-public-safety-threats/,89,0.7,N,,
20250307_br0287,2025-03-07,"National Consumer Protection Week, 2025","무역/관세, 안보/군사, 경제/세금, 사법/법무, 미디어, 보건",2025-05-20,[조치] President Donald J. Trump Signed S. 146 into Law,policy,White House Presidential Actions,https://www.whitehouse.gov/presidential-actions/2025/05/president-donald-j-trump-signed-s-146-into-law/,74,0.6,N,,
20250307_br0287,2025-03-07,"National Consumer Protection Week, 2025","무역/관세, 안보/군사, 경제/세금, 사법/법무, 미디어, 보건",2025-04-11,[조치] Military Mission for Sealing the Southern Border of the United States and Repelling Invasions,policy,White House Presidential Actions,https://www.whitehouse.gov/presidential-actions/2025/04/military-mission-for-sealing-the-southern-border-of-the-united-states-and-repelling-invasions/,35,0.6,Y,Y,
20250307_br0287,2025-03-07,"National Consumer Protection Week, 2025","무역/관세, 안보/군사, 경제/세금, 사법/법무, 미디어, 보건",2025-04-09,"[조치] National Crime Victims’ Rights Week, 2025",policy,White House Presidential Actions,https://www.whitehouse.gov/presidential-actions/2025/04/national-crime-victims-rights-week-2025/,33,0.6,Y,Y,
20250306_br0288,2025-03-06,"Irish-American Heritage Month, 2025","무역/관세, 이민/국경, 외교/동맹, 경제/세금, 규제완화, 사법/법무, 선거/정치",2025-04-02,[조치] Regulating Imports with a Reciprocal Tariff to Rectify Trade Practices that Contribute to Large and Persistent Annual United States Goods Trade Deficits,policy,White House Presidential Actions,https://www.whitehouse.gov/presidential-actions/2025/04/regulating-imports-with-a-reciprocal-tariff-to-rectify-trade-practices-that-contribute-to-large-and-persistent-annual-united-states-goods-trade-deficits/,27,1.0,Y,Y,
20250306_br0288,2025-03-06,"Irish-American Heritage Month, 2025","무역/관세, 이민/국경, 외교/동맹, 경제/세금, 규제완화, 사법/법무, 선거/정치",2025-04-24,[조치] Investigation into Unlawful “Straw Donor” and Foreign Contributions in American Elections,policy,White House Presidential Actions,https://www.whitehouse.gov/presidential-actions/2025/04/investigation-into-unlawful-straw-donor-and-foreign-contributions-in-american-elections/,49,0.8,Y,Y,
20250306_br0288,2025-03-06,"Irish-American Heritage Month, 2025","무역/관세, 이민/국경, 외교/동맹, 경제/세금, 규제완화, 사법/법무, 선거/정치",2025-06-09,"[조치] Presidential Permit Authorizing Green Corridors, LLC, to Construct, Maintain, and Operate a Commercial Elevated Guideway Border Crossing Near Laredo, Texas, at the International Boundary Between ",policy,White House Presidential Actions,https://www.whitehouse.gov/presidential-actions/2025/06/presidential-permit-authorizing-green-corridors-llc-to-construct-maintain-and-operate-commercial-elevated-guideway-border-crossing-near-laredo-texas-at-the-international-boundary-between-the-us-mexico/,95,0.6,N,,
20250306_br0288,2025-03-06,"Irish-American Heritage Month, 2025","무역/관세, 이민/국경, 외교/동맹, 경제/세금, 규제완화, 사법/법무, 선거/정치",2025-04-23,[조치] Preparing Americans for High-Paying Skilled Trade Jobs of the Future,policy,White House Presidential Actions,https://www.whitehouse.gov/presidential-actions/2025/04/preparing-americans-for-high-paying-skilled-trade-jobs-of-the-future/,48,0.6,Y,Y,
20250306_br0288,2025-03-06,"Irish-American Heritage Month, 2025","무역/관세, 이민/국경, 외교/동맹, 경제/세금, 규제완화, 사법/법무, 선거/정치",2025-04-29,[조치] Addressing Certain Tariffs on Imported Articles,policy,White House Presidential Actions,https://www.whitehouse.gov/presidential-actions/2025/04/addressing-certain-tariffs-on-imported-articles/,54,0.6,Y,Y,
20250306_br0289,2025-03-06,"Women’s History Month, 2025","이민/국경, 안보/군사, 경제/세금, 규제완화, 사법/법무, 보건",2025-04-11,[조치] Military Mission for Sealing the Southern Border of the United States and Repelling Invasions,policy,White House Presidential Actions,https://www.whitehouse.gov/presidential-actions/2025/04/military-mission-for-sealing-the-southern-border-of-the-united-states-and-repelling-invasions/,36,0.8,Y,Y,
20250306_br0289,2025-03-06,"Women’s History Month, 2025","이민/국경, 안보/군사, 경제/세금, 규제완화, 사법/법무, 보건",2025-06-04,[조치] Restricting The Entry of Foreign Nationals to Protect the United States from Foreign Terrorists and Other National Security and Public Safety Threats,policy,White House Presidential Actions,https://www.whitehouse.gov/presidential-actions/2025/06/restricting-the-entry-of-foreign-nationals-to-protect-the-united-states-from-foreign-terrorists-and-other-national-security-and-public-safety-threats/,90,0.7,N,,
20250306_br0289,2025-03-06,"Women’s History Month, 2025","이민/국경, 안보/군사, 경제/세금, 규제완화, 사법/법무, 보건",2025-08-01,[조치] Amendment to Duties to Address the Flow of Illicit Drugs Across Our Northern Border,policy,White House Presidential Actions,https://www.whitehouse.gov/presidential-actions/2025/07/amendment-to-duties-to-address-the-flow-of-illicit-drugs-across-our-northern-border-9350/,148,0.7,N,,
20250306_br0289,2025-03-06,"Women’s History Month, 2025","이민/국경, 안보/군사, 경제/세금, 규제완화, 사법/법무, 보건",2025-03-06,[조치] Amendment to Duties to Address the Flow of Illicit Drugs Across Our Southern Border,policy,White House Presidential Actions,https://www.whitehouse.gov/presidential-actions/2025/03/amendment-to-duties-to-address-the-flow-of-illicit-drugs-across-our-southern-border/,0,0.7,Y,Y,
20250306_br0289,2025-03-06,"Women’s History Month, 2025","이민/국경, 안보/군사, 경제/세금, 규제완화, 사법/법무, 보건",2025-03-06,[조치] Amendment to Duties to Address the Flow of Illicit Drugs Across Our Northern Border,policy,White House Presidential Actions,https://www.whitehouse.gov/presidential-actions/2025/03/amendment-to-duties-to-address-the-flow-of-illicit-drugs-across-our-northern-border-0c3c/,0,0.7,Y,Y,
20250306_br0290,2025-03-06,"President Trump Announces Presidential Delegation to Turin, Italy to attend the Opening Ceremony of the 2025 Special Olympics World Winter Games",규제완화,2025-05-20,[조치] President Donald J. Trump Signed S. 146 into Law,policy,White House Presidential Actions,https://www.whitehouse.gov/presidential-actions/2025/05/president-donald-j-trump-signed-s-146-into-law/,75,0.3,N,,
20250306_br0290,2025-03-06,"President Trump Announces Presidential Delegation to Turin, Italy to attend the Opening Ceremony of the 2025 Special Olympics World Winter Games",규제완화,2025-05-09,[조치] Fighting Overcriminalization in Federal Regulations,policy,White House Presidential Actions,https://www.whitehouse.gov/presidential-actions/2025/05/fighting-overcriminalization-in-federal-regulations/,64,0.3,N,,
20250306_br0290,2025-03-06,"President Trump Announces Presidential Delegation to Turin, Italy to attend the Opening Ceremony of the 2025 Special Olympics World Winter Games",규제완화,2025-04-28,[조치] Enforcing Commonsense Rules of the Road for America’s Truck Drivers,policy,White House Presidential Actions,https://www.whitehouse.gov/presidential-actions/2025/04/enforcing-commonsense-rules-of-the-road-for-americas-truck-drivers/,53,0.3,N,,
20250306_br0290,2025-03-06,"President Trump Announces Presidential Delegation to Turin, Italy to attend the Opening Ceremony of the 2025 Special Olympics World Winter Games",규제완화,2025-04-09,[조치] Directing the Repeal of Unlawful Regulations,policy,White House Presidential Actions,https://www.whitehouse.gov/presidential-actions/2025/04/directing-the-repeal-of-unlawful-regulations/,34,0.3,N,,
20250306_br0290,2025-03-06,"President Trump Announces Presidential Delegation to Turin, Italy to attend the Opening Ceremony of the 2025 Special Olympics World Winter Games",규제완화,2025-03-11,[조치] Ensuring the Enforcement of Federal Rule of Civil Procedure 65(c),policy,White House Presidential Actions,https://www.whitehouse.gov/presidential-actions/2025/03/ensuring-the-enforcement-of-federal-rule-of-civil-procedure-65c/,5,0.3,N,,
20250305_br0292,2025-03-05,"Presidential Message on the 255th Anniversary of the Boston Massacre, 2025","무역/관세, 안보/군사, 경제/세금, 선거/정치",2025-04-02,[조치] Regulating Imports with a Reciprocal Tariff to Rectify Trade Practices that Contribute to Large and Persistent Annual United States Goods Trade Deficits,policy,White House Presidential Actions,https://www.whitehouse.gov/presidential-actions/2025/04/regulating-imports-with-a-reciprocal-tariff-to-rectify-trade-practices-that-contribute-to-large-and-persistent-annual-united-states-goods-trade-deficits/,28,1.0,Y,Y,
20250305_br0292,2025-03-05,"Presidential Message on the 255th Anniversary of the Boston Massacre, 2025","무역/관세, 안보/군사, 경제/세금, 선거/정치",2025-04-29,[조치] Addressing Certain Tariffs on Imported Articles,policy,White House Presidential Actions,https://www.whitehouse.gov/presidential-actions/2025/04/addressing-certain-tariffs-on-imported-articles/,55,0.6,Y,Y,
20250305_br0292,2025-03-05,"Presidential Message on the 255th Anniversary of the Boston Massacre, 2025","무역/관세, 안보/군사, 경제/세금, 선거/정치",2025-04-09,[조치] Amendment to Reciprocal Tariffs and Updated Duties as Applied to Low-Value Imports from the People’s Republic of China,policy,White House Presidential Actions,https://www.whitehouse.gov/presidential-actions/2025/04/amendment-to-recipricol-tariffs-and-updated-duties-as-applied-to-low-value-imports-from-the-peoples-republic-of-china/,35,0.6,Y,Y,
20250305_br0292,2025-03-05,"Presidential Message on the 255th Anniversary of the Boston Massacre, 2025","무역/관세, 안보/군사, 경제/세금, 선거/정치",2025-03-24,[조치] Imposing Tariffs on Countries Importing Venezuelan Oil,policy,White House Presidential Actions,https://www.whitehouse.gov/presidential-actions/2025/03/imposing-tariffs-on-countries-importing-venezuelan-oil/,19,0.6,Y,Y,
20250305_br0292,2025-03-05,"Presidential Message on the 255th Anniversary of the Boston Massacre, 2025","무역/관세, 안보/군사, 경제/세금, 선거/정치",2025-07-23,[조치] Promoting The Export of the American AI Technology Stack,policy,White House Presidential Actions,https://www.whitehouse.gov/presidential-actions/2025/07/promoting-the-export-of-the-american-ai-technology-stack/,140,0.4,N,,
20250305_br0293,2025-03-05,"The President and First Lady’s Message on Ash Wednesday, 2025",규제완화,2025-06-04,[조치] Restricting The Entry of Foreign Nationals to Protect the United States from Foreign Terrorists and Other National Security and Public Safety Threats,policy,White House Presidential Actions,https://www.whitehouse.gov/presidential-actions/2025/06/restricting-the-entry-of-foreign-nationals-to-protect-the-united-states-from-foreign-terrorists-and-other-national-security-and-public-safety-threats/,91,0.3,N,,
20250305_br0293,2025-03-05,"The President and First Lady’s Message on Ash Wednesday, 2025",규제완화,2025-05-09,[조치] Fighting Overcriminalization in Federal Regulations,policy,White House Presidential Actions,https://www.whitehouse.gov/presidential-actions/2025/05/fighting-overcriminalization-in-federal-regulations/,65,0.3,N,,
20250305_br0293,2025-03-05,"The President and First Lady’s Message on Ash Wednesday, 2025",규제완화,2025-04-28,[조치] Enforcing Commonsense Rules of the Road for America’s Truck Drivers,policy,White House Presidential Actions,https://www.whitehouse.gov/presidential-actions/2025/04/enforcing-commonsense-rules-of-the-road-for-americas-truck-drivers/,54,0.3,N,,
20250305_br0293,2025-03-05,"The President and First Lady’s Message on Ash Wednesday, 2025",규제완화,2025-04-09,[조치] Directing the Repeal of Unlawful Regulations,policy,White House Presidential Actions,https://www.whitehouse.gov/presidential-actions/2025/04/directing-the-repeal-of-unlawful-regulations/,35,0.3,N,,
20250305_br0293,2025-03-05,"The President and First Lady’s Message on Ash Wednesday, 2025",규제완화,2025-03-11,[조치] Ensuring the Enforcement of Federal Rule of Civil Procedure 65(c),policy,White House Presidential Actions,https://www.whitehouse.gov/presidential-actions/2025/03/ensuring-the-enforcement-of-federal-rule-of-civil-procedure-65c/,6,0.3,N,,
20250304_br0294,2025-03-04,"Presidential Message on Colorectal Cancer Awareness Month, 2025","안보/군사, 경제/세금, 보건",2025-05-05,"[조치] National Mental Health Awareness Month, 2025",policy,White House Presidential Actions,https://www.whitehouse.gov/presidential-actions/2025/05/national-mental-health-awareness-month-2025/,62,0.6,N,,
20250304_br0294,2025-03-04,"Presidential Message on Colorectal Cancer Awareness Month, 2025","안보/군사, 경제/세금, 보건",2025-04-15,[조치] Lowering Drug Prices by Once Again Putting Americans First,policy,White House Presidential Actions,https://www.whitehouse.gov/presidential-actions/2025/04/lowering-drug-prices-by-once-again-putting-americans-first/,42,0.6,Y,Y,
20250304_br0294,2025-03-04,"Presidential Message on Colorectal Cancer Awareness Month, 2025","안보/군사, 경제/세금, 보건",2025-04-11,[조치] Military Mission for Sealing the Southern Border of the United States and Repelling Invasions,policy,White House Presidential Actions,https://www.whitehouse.gov/presidential-actions/2025/04/military-mission-for-sealing-the-southern-border-of-the-united-states-and-repelling-invasions/,38,0.5,N,,
20250304_br0294,2025-03-04,"Presidential Message on Colorectal Cancer Awareness Month, 2025","안보/군사, 경제/세금, 보건",2025-07-03,[조치] Making America Beautiful Again by Improving Our National Parks,policy,White House Presidential Actions,https://www.whitehouse.gov/presidential-actions/2025/07/making-america-beautiful-again-by-improving-our-national-parks/,121,0.4,N,,
20250304_br0294,2025-03-04,"Presidential Message on Colorectal Cancer Awareness Month, 2025","안보/군사, 경제/세금, 보건",2025-05-12,[조치] Delivering Most-Favored-Nation Prescription Drug Pricing to American Patients,policy,White House Presidential Actions,https://www.whitehouse.gov/presidential-actions/2025/05/delivering-most-favored-nation-prescription-drug-pricing-to-american-patients/,69,0.4,N,,
20250303_br0295,2025-03-03,Readout from First Lady Melania Trump’s Roundtable Discussion on Online Protection and the Take It Down Act,"무역/관세, 외교/동맹, 경제/세금, 사법/법무, 선거/정치, 미디어",2025-04-02,[조치] Regulating Imports with a Reciprocal Tariff to Rectify Trade Practices that Contribute to Large and Persistent Annual United States Goods Trade Deficits,policy,White House Presidential Actions,https://www.whitehouse.gov/presidential-actions/2025/04/regulating-imports-with-a-reciprocal-tariff-to-rectify-trade-practices-that-contribute-to-large-and-persistent-annual-united-states-goods-trade-deficits/,30,1.0,Y,Y,
20250303_br0295,2025-03-03,Readout from First Lady Melania Trump’s Roundtable Discussion on Online Protection and the Take It Down Act,"무역/관세, 외교/동맹, 경제/세금, 사법/법무, 선거/정치, 미디어",2025-04-24,[조치] Investigation into Unlawful “Straw Donor” and Foreign Contributions in American Elections,policy,White House Presidential Actions,https://www.whitehouse.gov/presidential-actions/2025/04/investigation-into-unlawful-straw-donor-and-foreign-contributions-in-american-elections/,52,0.7,Y,Y,
20250303_br0295,2025-03-03,Readout from First Lady Melania Trump’s Roundtable Discussion on Online Protection and the Take It Down Act,"무역/관세, 외교/동맹, 경제/세금, 사법/법무, 선거/정치, 미디어",2025-04-29,[조치] Addressing Certain Tariffs on Imported Articles,policy,White House Presidential Actions,https://www.whitehouse.gov/presidential-actions/2025/04/addressing-certain-tariffs-on-imported-articles/,57,0.6,Y,Y,
20250303_br0295,2025-03-03,Readout from First Lady Melania Trump’s Roundtable Discussion on Online Protection and the Take It Down Act,"무역/관세, 외교/동맹, 경제/세금, 사법/법무, 선거/정치, 미디어",2025-04-09,[조치] Amendment to Reciprocal Tariffs and Updated Duties as Applied to Low-Value Imports from the People’s Republic of China,policy,White House Presidential Actions,https://www.whitehouse.gov/presidential-actions/2025/04/amendment-to-recipricol-tariffs-and-updated-duties-as-applied-to-low-value-imports-from-the-peoples-republic-of-china/,37,0.6,Y,Y,
20250303_br0295,2025-03-03,Readout from First Lady Melania Trump’s Roundtable Discussion on Online Protection and the Take It Down Act,"무역/관세, 외교/동맹, 경제/세금, 사법/법무, 선거/정치, 미디어",2025-03-24,[조치] Imposing Tariffs on Countries Importing Venezuelan Oil,policy,White House Presidential Actions,https://www.whitehouse.gov/presidential-actions/2025/03/imposing-tariffs-on-countries-importing-venezuelan-oil/,21,0.6,Y,Y,
20250303_br0296,2025-03-03,Presidential Message on Ramadan,안보/군사,2025-06-08,[조치] Department of Defense Security for the Protection of Department of Homeland Security Functions,policy,White House Presidential Actions,https://www.whitehouse.gov/presidential-actions/2025/06/department-of-defense-security-for-the-protection-of-department-of-homeland-security-functions/,97,0.3,N,,
20250303_br0296,2025-03-03,Presidential Message on Ramadan,안보/군사,2025-05-16,"[조치] Armed Forces Day, 2025",policy,White House Presidential Actions,https://www.whitehouse.gov/presidential-actions/2025/05/armed-forces-day-2025/,74,0.3,N,,
20250303_br0296,2025-03-03,Presidential Message on Ramadan,안보/군사,2025-05-09,"[조치] Military Spouse Day, 2025",policy,White House Presidential Actions,https://www.whitehouse.gov/presidential-actions/2025/05/military-spouse-day-2025/,67,0.3,N,,
20250303_br0296,2025-03-03,Presidential Message on Ramadan,안보/군사,2025-04-11,[조치] Military Mission for Sealing the Southern Border of the United States and Repelling Invasions,policy,White House Presidential Actions,https://www.whitehouse.gov/presidential-actions/2025/04/military-mission-for-sealing-the-southern-border-of-the-united-states-and-repelling-invasions/,39,0.3,N,,
20250303_br0296,2025-03-03,Presidential Message on Ramadan,안보/군사,2025-04-09,[조치] Modernizing Defense Acquisitions and Spurring Innovation in the Defense Industrial Base,policy,White House Presidential Actions,https://www.whitehouse.gov/presidential-actions/2025/04/modernizing-defense-acquisitions-and-spurring-innovation-in-the-defense-industrial-base/,37,0.3,N,,
20250302_br0297,2025-03-02,"The President and First Lady’s Message on National Read Across America Day, 2025","무역/관세, 경제/세금, 규제완화, 선거/정치",2025-04-02,[조치] Regulating Imports with a Reciprocal Tariff to Rectify Trade Practices that Contribute to Large and Persistent Annual United States Goods Trade Deficits,policy,White House Presidential Actions,https://www.whitehouse.gov/presidential-actions/2025/04/regulating-imports-with-a-reciprocal-tariff-to-rectify-trade-practices-that-contribute-to-large-and-persistent-annual-united-states-goods-trade-deficits/,31,0.9,Y,Y,
20250302_br0297,2025-03-02,"The President and First Lady’s Message on National Read Across America Day, 2025","무역/관세, 경제/세금, 규제완화, 선거/정치",2025-04-29,[조치] Addressing Certain Tariffs on Imported Articles,policy,White House Presidential Actions,https://www.whitehouse.gov/presidential-actions/2025/04/addressing-certain-tariffs-on-imported-articles/,58,0.6,Y,Y,
20250302_br0297,2025-03-02,"The President and First Lady’s Message on National Read Across America Day, 2025","무역/관세, 경제/세금, 규제완화, 선거/정치",2025-04-09,[조치] Amendment to Reciprocal Tariffs and Updated Duties as Applied to Low-Value Imports from the People’s Republic of China,policy,White House Presidential Actions,https://www.whitehouse.gov/presidential-actions/2025/04/amendment-to-recipricol-tariffs-and-updated-duties-as-applied-to-low-value-imports-from-the-peoples-republic-of-china/,38,0.6,Y,Y,
20250302_br0297,2025-03-02,"The President and First Lady’s Message on National Read Across America Day, 2025","무역/관세, 경제/세금, 규제완화, 선거/정치",2025-03-24,[조치] Imposing Tariffs on Countries Importing Venezuelan Oil,policy,White House Presidential Actions,https://www.whitehouse.gov/presidential-actions/2025/03/imposing-tariffs-on-countries-importing-venezuelan-oil/,22,0.6,Y,Y,
20250302_br0297,2025-03-02,"The President and First Lady’s Message on National Read Across America Day, 2025","무역/관세, 경제/세금, 규제완화, 선거/정치",2025-07-23,[조치] Promoting The Export of the American AI Technology Stack,policy,White House Presidential Actions,https://www.whitehouse.gov/presidential-actions/2025/07/promoting-the-export-of-the-american-ai-technology-stack/,143,0.5,N,,
20250228_br0298,2025-02-28,Statement from the Press Secretary,"안보/군사, 에너지, 규제완화, 사법/법무, 미디어",2025-04-09,[조치] Directing the Repeal of Unlawful Regulations,policy,White House Presidential Actions,https://www.whitehouse.gov/presidential-actions/2025/04/directing-the-repeal-of-unlawful-regulations/,40,0.6,Y,Y,
20250228_br0298,2025-02-28,Statement from the Press Secretary,"안보/군사, 에너지, 규제완화, 사법/법무, 미디어",2025-05-20,[조치] President Donald J. Trump Signed S. 146 into Law,policy,White House Presidential Actions,https://www.whitehouse.gov/presidential-actions/2025/05/president-donald-j-trump-signed-s-146-into-law/,81,0.5,N,,
20250228_br0298,2025-02-28,Statement from the Press Secretary,"안보/군사, 에너지, 규제완화, 사법/법무, 미디어",2025-04-08,[조치] Protecting American Energy From State Overreach,policy,White House Presidential Actions,https://www.whitehouse.gov/presidential-actions/2025/04/protecting-american-energy-from-state-overreach/,39,0.5,N,,
20250228_br0298,2025-02-28,Statement from the Press Secretary,"안보/군사, 에너지, 규제완화, 사법/법무, 미디어",2025-08-11,[조치] Declaring a Crime Emergency in the District of Columbia,policy,White House Presidential Actions,https://www.whitehouse.gov/presidential-actions/2025/08/declaring-a-crime-emergency-in-the-district-of-columbia/,164,0.4,N,,
20250228_br0298,2025-02-28,Statement from the Press Secretary,"안보/군사, 에너지, 규제완화, 사법/법무, 미디어",2025-07-17,[조치] Regulatory Relief for Certain Stationary Sources to Further Promote American Energy,policy,White House Presidential Actions,https://www.whitehouse.gov/presidential-actions/2025/07/regulatory-relief-for-certain-stationary-sources-to-further-promote-american-energy/,139,0.4,N,,
20250225_br0299,2025-02-25,Public Comment Invited on Artificial Intelligence Action Plan,"안보/군사, 경제/세금, 선거/정치",2025-04-11,[조치] Military Mission for Sealing the Southern Border of the United States and Repelling Invasions,policy,White House Presidential Actions,https://www.whitehouse.gov/presidential-actions/2025/04/military-mission-for-sealing-the-southern-border-of-the-united-states-and-repelling-invasions/,45,0.5,N,,
20250225_br0299,2025-02-25,Public Comment Invited on Artificial Intelligence Action Plan,"안보/군사, 경제/세금, 선거/정치",2025-06-04,[조치] Restricting The Entry of Foreign Nationals to Protect the United States from Foreign Terrorists and Other National Security and Public Safety Threats,policy,White House Presidential Actions,https://www.whitehouse.gov/presidential-actions/2025/06/restricting-the-entry-of-foreign-nationals-to-protect-the-united-states-from-foreign-terrorists-and-other-national-security-and-public-safety-threats/,99,0.4,N,,
20250225_br0299,2025-02-25,Public Comment Invited on Artificial Intelligence Action Plan,"안보/군사, 경제/세금, 선거/정치",2025-05-30,"[조치] Sequestration Order for Fiscal Year 2026 Pursuant to Section 251A of the Balanced Budget and Emergency Deficit Control Act, As Amended",policy,White House Presidential Actions,https://www.whitehouse.gov/presidential-actions/2025/05/sequestration-order-for-fiscal-year-2026-pursuant-to-section-251a-of-the-balanced-budget-and-emergency-deficit-control-act-as-amended/,94,0.4,N,,
20250225_br0299,2025-02-25,Public Comment Invited on Artificial Intelligence Action Plan,"안보/군사, 경제/세금, 선거/정치",2025-04-24,[조치] Investigation into Unlawful “Straw Donor” and Foreign Contributions in American Elections,policy,White House Presidential Actions,https://www.whitehouse.gov/presidential-actions/2025/04/investigation-into-unlawful-straw-donor-and-foreign-contributions-in-american-elections/,58,0.4,N,,
20250225_br0299,2025-02-25,Public Comment Invited on Artificial Intelligence Action Plan,"안보/군사, 경제/세금, 선거/정치",2025-04-23,[조치] Advancing Artificial Intelligence Education for American Youth,policy,White House Presidential Actions,https://www.whitehouse.gov/presidential-actions/2025/04/advancing-artificial-intelligence-education-for-american-youth/,57,0.4,N,,
20250224_br0300,2025-02-24,Statement on Trump White House Victory Against the Associated Press,"선거/정치, 미디어",2025-08-05,[조치] Establishing the White House Task Force on the 2028 Summer Olympics,policy,White House Presidential Actions,https://www.whitehouse.gov/presidential-actions/2025/08/establishing-the-white-house-task-force-on-the-2028-summer-olympics/,162,0.3,N,,
20250224_br0300,2025-02-24,Statement on Trump White House Victory Against the Associated Press,"선거/정치, 미디어",2025-03-07,[조치] Establishing The White House Task Force on the FIFA World Cup 2026,policy,White House Presidential Actions,https://www.whitehouse.gov/presidential-actions/2025/03/establishing-the-white-house-task-force-on-the-fifa-world-cup-2026/,11,0.3,N,,
20250224_br0300,2025-02-24,Statement on Trump White House Victory Against the Associated Press,"선거/정치, 미디어",2025-04-24,[조치] Investigation into Unlawful “Straw Donor” and Foreign Contributions in American Elections,policy,White House Presidential Actions,https://www.whitehouse.gov/presidential-actions/2025/04/investigation-into-unlawful-straw-donor-and-foreign-contributions-in-american-elections/,59,0.3,N,,
20250224_br0300,2025-02-24,Statement on Trump White House Victory Against the Associated Press,"선거/정치, 미디어",2025-03-25,[조치] Preserving and Protecting the Integrity of American Elections,policy,White House Presidential Actions,https://www.whitehouse.gov/presidential-actions/2025/03/preserving-and-protecting-the-integrity-of-american-elections/,29,0.3,N,,
20250221_br0301,2025-02-21,White House Office of Management and Budget Announces Incoming Senior Appointees,"외교/동맹, 안보/군사, 경제/세금, 규제완화, 선거/정치, 보건",2025-06-08,[조치] Department of Defense Security for the Protection of Department of Homeland Security Functions,policy,White House Presidential Actions,https://www.whitehouse.gov/presidential-actions/2025/06/department-of-defense-security-for-the-protection-of-department-of-homeland-security-functions/,107,0.6,N,,
20250221_br0301,2025-02-21,White House Office of Management and Budget Announces Incoming Senior Appointees,"외교/동맹, 안보/군사, 경제/세금, 규제완화, 선거/정치, 보건",2025-04-11,[조치] Military Mission for Sealing the Southern Border of the United States and Repelling Invasions,policy,White House Presidential Actions,https://www.whitehouse.gov/presidential-actions/2025/04/military-mission-for-sealing-the-southern-border-of-the-united-states-and-repelling-invasions/,49,0.6,Y,Y,
20250221_br0301,2025-02-21,White House Office of Management and Budget Announces Incoming Senior Appointees,"외교/동맹, 안보/군사, 경제/세금, 규제완화, 선거/정치, 보건",2025-06-04,[조치] Restricting The Entry of Foreign Nationals to Protect the United States from Foreign Terrorists and Other National Security and Public Safety Threats,policy,White House Presidential Actions,https://www.whitehouse.gov/presidential-actions/2025/06/restricting-the-entry-of-foreign-nationals-to-protect-the-united-states-from-foreign-terrorists-and-other-national-security-and-public-safety-threats/,103,0.5,N,,
20250221_br0301,2025-02-21,White House Office of Management and Budget Announces Incoming Senior Appointees,"외교/동맹, 안보/군사, 경제/세금, 규제완화, 선거/정치, 보건",2025-05-05,"[조치] National Mental Health Awareness Month, 2025",policy,White House Presidential Actions,https://www.whitehouse.gov/presidential-actions/2025/05/national-mental-health-awareness-month-2025/,73,0.5,N,,
20250221_br0301,2025-02-21,White House Office of Management and Budget Announces Incoming Senior Appointees,"외교/동맹, 안보/군사, 경제/세금, 규제완화, 선거/정치, 보건",2025-04-24,[조치] Investigation into Unlawful “Straw Donor” and Foreign Contributions in American Elections,policy,White House Presidential Actions,https://www.whitehouse.gov/presidential-actions/2025/04/investigation-into-unlawful-straw-donor-and-foreign-contributions-in-american-elections/,62,0.5,N,,
20250220_br0302,2025-02-20,President Trump Announces Appointments to the White House Office of Intergovernmental Affairs,"외교/동맹, 안보/군사, 선거/정치",2025-04-11,[조치] Military Mission for Sealing the Southern Border of the United States and Repelling Invasions,policy,White House Presidential Actions,https://www.whitehouse.gov/presidential-actions/2025/04/military-mission-for-sealing-the-southern-border-of-the-united-states-and-repelling-invasions/,50,0.5,N,,
20250220_br0302,2025-02-20,President Trump Announces Appointments to the White House Office of Intergovernmental Affairs,"외교/동맹, 안보/군사, 선거/정치",2025-02-20,[조치] President Trump Announces Appointments to the Council of Governors,policy,White House Presidential Actions,https://www.whitehouse.gov/presidential-actions/2025/02/president-trump-announces-appointments-to-the-council-of-governors/,0,0.5,Y,Y,
20250220_br0302,2025-02-20,President Trump Announces Appointments to the White House Office of Intergovernmental Affairs,"외교/동맹, 안보/군사, 선거/정치",2025-06-30,"[조치] Presidential Permit Authorizing South Bow (USA) LP to Operate and Maintain Pipeline Facilities at Cavalier County, North Dakota, at the International Boundary Between the United States and Canada",policy,White House Presidential Actions,https://www.whitehouse.gov/presidential-actions/2025/06/text-of-a-letter-from-the-president-to-the-speaker-of-the-house-of-representatives/,130,0.4,N,,
20250220_br0302,2025-02-20,President Trump Announces Appointments to the White House Office of Intergovernmental Affairs,"외교/동맹, 안보/군사, 선거/정치",2025-06-30,"[조치] Presidential Permit Authorizing Steel Reef US Pipelines LLC To Operate and Maintain Pipeline Facilities at Burke County, North Dakota, at the International Boundary Between the United States and ",policy,White House Presidential Actions,https://www.whitehouse.gov/presidential-actions/2025/06/presidential-permit-authorizing-steel-reef-us-pipelines-llc-to-operate-and-maintain-pipeline-facilities-at-burke-county-north-dakota-at-the-international-boundary-between-the-united-states-and-canad/,130,0.4,N,,
20250220_br0302,2025-02-20,President Trump Announces Appointments to the White House Office of Intergovernmental Affairs,"외교/동맹, 안보/군사, 선거/정치",2025-06-30,"[조치] Presidential Permit: Authorizing Junction Pipeline Company, LLC to Construct, Connect, Operate, and Maintain Pipeline Facilities at Toole County, Montana, at the International Boundary Between th",policy,White House Presidential Actions,https://www.whitehouse.gov/presidential-actions/2025/06/presidential-permit-authorizing-junction-pipeline-company-llc-to-construct-connect-operate-and-maintain-pipeline-facilities-at-toole-county-montana-at-the-international-boundary-between-the-uni/,130,0.3,N,,
20250219_br0303,2025-02-19,President Trump Announces Appointments to the White House Office of Political Affairs,"외교/동맹, 경제/세금, 선거/정치",2025-03-25,[조치] Preserving and Protecting the Integrity of American Elections,policy,White House Presidential Actions,https://www.whitehouse.gov/presidential-actions/2025/03/preserving-and-protecting-the-integrity-of-american-elections/,34,0.5,N,,
20250219_br0303,2025-02-19,President Trump Announces Appointments to the White House Office of Political Affairs,"외교/동맹, 경제/세금, 선거/정치",2025-04-24,[조치] Investigation into Unlawful “Straw Donor” and Foreign Contributions in American Elections,policy,White House Presidential Actions,https://www.whitehouse.gov/presidential-actions/2025/04/investigation-into-unlawful-straw-donor-and-foreign-contributions-in-american-elections/,64,0.4,N,,
20250219_br0303,2025-02-19,President Trump Announces Appointments to the White House Office of Political Affairs,"외교/동맹, 경제/세금, 선거/정치",2025-04-09,[조치] Zero-Based Regulatory Budgeting to Unleash American Energy,policy,White House Presidential Actions,https://www.whitehouse.gov/presidential-actions/2025/04/zero-based-regulatory-budgeting-to-unleash-american-energy/,49,0.4,N,,
20250219_br0303,2025-02-19,President Trump Announces Appointments to the White House Office of Political Affairs,"외교/동맹, 경제/세금, 선거/정치",2025-02-20,[조치] President Trump Announces Appointments to the Council of Governors,policy,White House Presidential Actions,https://www.whitehouse.gov/presidential-actions/2025/02/president-trump-announces-appointments-to-the-council-of-governors/,1,0.4,Y,Y,
20250219_br0303,2025-02-19,President Trump Announces Appointments to the White House Office of Political Affairs,"외교/동맹, 경제/세금, 선거/정치",2025-05-20,[조치] President Donald J. Trump Signed S. 146 into Law,policy,White House Presidential Actions,https://www.whitehouse.gov/presidential-actions/2025/05/president-donald-j-trump-signed-s-146-into-law/,90,0.3,N,,
20250216_br0304,2025-02-16,Presidential Message on the 2025 Daytona 500,안보/군사,2025-04-11,[조치] Military Mission for Sealing the Southern Border of the United States and Repelling Invasions,policy,White House Presidential Actions,https://www.whitehouse.gov/presidential-actions/2025/04/military-mission-for-sealing-the-southern-border-of-the-united-states-and-repelling-invasions/,54,0.5,N,,
20250216_br0304,2025-02-16,Presidential Message on the 2025 Daytona 500,안보/군사,2025-06-30,"[조치] Presidential Permit: Authorizing Junction Pipeline Company, LLC to Construct, Connect, Operate, and Maintain Pipeline Facilities at Toole County, Montana, at the International Boundary Between th",policy,White House Presidential Actions,https://www.whitehouse.gov/presidential-actions/2025/06/presidential-permit-authorizing-junction-pipeline-company-llc-to-construct-connect-operate-and-maintain-pipeline-facilities-at-toole-county-montana-at-the-international-boundary-between-the-uni/,134,0.4,N,,
20250216_br0304,2025-02-16,Presidential Message on the 2025 Daytona 500,안보/군사,2025-06-30,"[조치] Presidential Permit Authorizing South Bow (USA) LP to Operate and Maintain Pipeline Facilities at Cavalier County, North Dakota, at the International Boundary Between the United States and Canada",policy,White House Presidential Actions,https://www.whitehouse.gov/presidential-actions/2025/06/text-of-a-letter-from-the-president-to-the-speaker-of-the-house-of-representatives/,134,0.4,N,,
20250216_br0304,2025-02-16,Presidential Message on the 2025 Daytona 500,안보/군사,2025-06-30,"[조치] Presidential Permit Authorizing Steel Reef US Pipelines LLC To Operate and Maintain Pipeline Facilities at Burke County, North Dakota, at the International Boundary Between the United States and ",policy,White House Presidential Actions,https://www.whitehouse.gov/presidential-actions/2025/06/presidential-permit-authorizing-steel-reef-us-pipelines-llc-to-operate-and-maintain-pipeline-facilities-at-burke-county-north-dakota-at-the-international-boundary-between-the-united-states-and-canad/,134,0.4,N,,
20250216_br0304,2025-02-16,Presidential Message on the 2025 Daytona 500,안보/군사,2025-06-09,"[조치] Presidential Permit Authorizing Green Corridors, LLC, to Construct, Maintain, and Operate a Commercial Elevated Guideway Border Crossing Near Laredo, Texas, at the International Boundary Between ",policy,White House Presidential Actions,https://www.whitehouse.gov/presidential-actions/2025/06/presidential-permit-authorizing-green-corridors-llc-to-construct-maintain-and-operate-commercial-elevated-guideway-border-crossing-near-laredo-texas-at-the-international-boundary-between-the-us-mexico/,113,0.4,N,,
20250215_br0305,2025-02-15,President Trump Announces Appointments to the White House Office of Legislative Affairs,"외교/동맹, 경제/세금, 에너지, 선거/정치, 보건",2025-04-09,[조치] Zero-Based Regulatory Budgeting to Unleash American Energy,policy,White House Presidential Actions,https://www.whitehouse.gov/presidential-actions/2025/04/zero-based-regulatory-budgeting-to-unleash-american-energy/,53,0.6,Y,Y,
20250215_br0305,2025-02-15,President Trump Announces Appointments to the White House Office of Legislative Affairs,"외교/동맹, 경제/세금, 에너지, 선거/정치, 보건",2025-05-30,"[조치] Sequestration Order for Fiscal Year 2026 Pursuant to Section 251A of the Balanced Budget and Emergency Deficit Control Act, As Amended",policy,White House Presidential Actions,https://www.whitehouse.gov/presidential-actions/2025/05/sequestration-order-for-fiscal-year-2026-pursuant-to-section-251a-of-the-balanced-budget-and-emergency-deficit-control-act-as-amended/,104,0.5,N,,
20250215_br0305,2025-02-15,President Trump Announces Appointments to the White House Office of Legislative Affairs,"외교/동맹, 경제/세금, 에너지, 선거/정치, 보건",2025-05-05,"[조치] National Mental Health Awareness Month, 2025",policy,White House Presidential Actions,https://www.whitehouse.gov/presidential-actions/2025/05/national-mental-health-awareness-month-2025/,79,0.4,N,,
20250215_br0305,2025-02-15,President Trump Announces Appointments to the White House Office of Legislative Affairs,"외교/동맹, 경제/세금, 에너지, 선거/정치, 보건",2025-04-15,[조치] Lowering Drug Prices by Once Again Putting Americans First,policy,White House Presidential Actions,https://www.whitehouse.gov/presidential-actions/2025/04/lowering-drug-prices-by-once-again-putting-americans-first/,59,0.4,N,,
20250215_br0305,2025-02-15,President Trump Announces Appointments to the White House Office of Legislative Affairs,"외교/동맹, 경제/세금, 에너지, 선거/정치, 보건",2025-02-20,[조치] President Trump Announces Appointments to the Council of Governors,policy,White House Presidential Actions,https://www.whitehouse.gov/presidential-actions/2025/02/president-trump-announces-appointments-to-the-council-of-governors/,5,0.4,Y,Y,
20250215_br0306,2025-02-15,"Presidential Message on Susan B. Anthony Day, 2025","안보/군사, 경제/세금, 사법/법무, 선거/정치",2025-04-24,[조치] Investigation into Unlawful “Straw Donor” and Foreign Contributions in American Elections,policy,White House Presidential Actions,https://www.whitehouse.gov/presidential-actions/2025/04/investigation-into-unlawful-straw-donor-and-foreign-contributions-in-american-elections/,68,0.7,N,,
20250215_br0306,2025-02-15,"Presidential Message on Susan B. Anthony Day, 2025","안보/군사, 경제/세금, 사법/법무, 선거/정치",2025-04-28,[조치] Strengthening and Unleashing America’s Law Enforcement to Pursue Criminals and Protect Innocent Citizens,policy,White House Presidential Actions,https://www.whitehouse.gov/presidential-actions/2025/04/strengthening-and-unleashing-americas-law-enforcement-to-pursue-criminals-and-protect-innocent-citizens/,72,0.5,N,,
20250215_br0306,2025-02-15,"Presidential Message on Susan B. Anthony Day, 2025","안보/군사, 경제/세금, 사법/법무, 선거/정치",2025-04-11,[조치] Military Mission for Sealing the Southern Border of the United States and Repelling Invasions,policy,White House Presidential Actions,https://www.whitehouse.gov/presidential-actions/2025/04/military-mission-for-sealing-the-southern-border-of-the-united-states-and-repelling-invasions/,55,0.5,N,,
20250215_br0306,2025-02-15,"Presidential Message on Susan B. Anthony Day, 2025","안보/군사, 경제/세금, 사법/법무, 선거/정치",2025-08-11,[조치] Restoring Law and Order in the District of Columbia,policy,White House Presidential Actions,https://www.whitehouse.gov/presidential-actions/2025/08/restoring-law-and-order-in-the-district-of-columbia/,177,0.4,N,,
20250215_br0306,2025-02-15,"Presidential Message on Susan B. Anthony Day, 2025","안보/군사, 경제/세금, 사법/법무, 선거/정치",2025-07-24,[조치] Ending Crime and Disorder on America’s Streets,policy,White House Presidential Actions,https://www.whitehouse.gov/presidential-actions/2025/07/ending-crime-and-disorder-on-americas-streets/,159,0.4,N,,
20250213_br0307,2025-02-13,United States-India Joint Leaders’ Statement,"무역/관세, 안보/군사, 경제/세금, 규제완화, 사법/법무",2025-04-02,[조치] Regulating Imports with a Reciprocal Tariff to Rectify Trade Practices that Contribute to Large and Persistent Annual United States Goods Trade Deficits,policy,White House Presidential Actions,https://www.whitehouse.gov/presidential-actions/2025/04/regulating-imports-with-a-reciprocal-tariff-to-rectify-trade-practices-that-contribute-to-large-and-persistent-annual-united-states-goods-trade-deficits/,48,1.0,Y,Y,
20250213_br0307,2025-02-13,United States-India Joint Leaders’ Statement,"무역/관세, 안보/군사, 경제/세금, 규제완화, 사법/법무",2025-04-09,[조치] Directing the Repeal of Unlawful Regulations,policy,White House Presidential Actions,https://www.whitehouse.gov/presidential-actions/2025/04/directing-the-repeal-of-unlawful-regulations/,55,0.7,Y,Y,
20250213_br0307,2025-02-13,United States-India Joint Leaders’ Statement,"무역/관세, 안보/군사, 경제/세금, 규제완화, 사법/법무",2025-04-09,[조치] Amendment to Reciprocal Tariffs and Updated Duties as Applied to Low-Value Imports from the People’s Republic of China,policy,White House Presidential Actions,https://www.whitehouse.gov/presidential-actions/2025/04/amendment-to-recipricol-tariffs-and-updated-duties-as-applied-to-low-value-imports-from-the-peoples-republic-of-china/,55,0.7,Y,Y,
20250213_br0307,2025-02-13,United States-India Joint Leaders’ Statement,"무역/관세, 안보/군사, 경제/세금, 규제완화, 사법/법무",2025-05-20,[조치] President Donald J. Trump Signed S. 146 into Law,policy,White House Presidential Actions,https://www.whitehouse.gov/presidential-actions/2025/05/president-donald-j-trump-signed-s-146-into-law/,96,0.6,N,,
20250213_br0307,2025-02-13,United States-India Joint Leaders’ Statement,"무역/관세, 안보/군사, 경제/세금, 규제완화, 사법/법무",2025-04-11,[조치] Military Mission for Sealing the Southern Border of the United States and Repelling Invasions,policy,White House Presidential Actions,https://www.whitehouse.gov/presidential-actions/2025/04/military-mission-for-sealing-the-southern-border-of-the-united-states-and-repelling-invasions/,57,0.6,Y,Y,
20250212_br0308,2025-02-12,First Lady Melania Trump Announces Opening of White House Public Tours,선거/정치,2025-04-24,[조치] Investigation into Unlawful “Straw Donor” and Foreign Contributions in American Elections,policy,White House Presidential Actions,https://www.whitehouse.gov/presidential-actions/2025/04/investigation-into-unlawful-straw-donor-and-foreign-contributions-in-american-elections/,71,0.4,N,,
20250212_br0308,2025-02-12,First Lady Melania Trump Announces Opening of White House Public Tours,선거/정치,2025-03-25,[조치] Preserving and Protecting the Integrity of American Elections,policy,White House Presidential Actions,https://www.whitehouse.gov/presidential-actions/2025/03/preserving-and-protecting-the-integrity-of-american-elections/,41,0.4,N,,
20250212_br0308,2025-02-12,First Lady Melania Trump Announces Opening of White House Public Tours,선거/정치,2025-02-20,[조치] President Trump Announces Appointments to the Council of Governors,policy,White House Presidential Actions,https://www.whitehouse.gov/presidential-actions/2025/02/president-trump-announces-appointments-to-the-council-of-governors/,8,0.3,N,,
20250212_br0308,2025-02-12,First Lady Melania Trump Announces Opening of White House Public Tours,선거/정치,2025-02-12,[조치] President Trump Announces the President’s Intelligence Advisory Board,policy,White House Presidential Actions,https://www.whitehouse.gov/presidential-actions/2025/02/president-trump-announces-the-presidents-intelligence-advisory-board/,0,0.3,N,,
20250212_br0309,2025-02-12,Readout of President Donald J. Trump’s Meeting with King Abdullah II of Jordan,"안보/군사, 경제/세금, 선거/정치",2025-04-11,[조치] Military Mission for Sealing the Southern Border of the United States and Repelling Invasions,policy,White House Presidential Actions,https://www.whitehouse.gov/presidential-actions/2025/04/military-mission-for-sealing-the-southern-border-of-the-united-states-and-repelling-invasions/,58,0.5,N,,
20250212_br0309,2025-02-12,Readout of President Donald J. Trump’s Meeting with King Abdullah II of Jordan,"안보/군사, 경제/세금, 선거/정치",2025-06-08,[조치] Department of Defense Security for the Protection of Department of Homeland Security Functions,policy,White House Presidential Actions,https://www.whitehouse.gov/presidential-actions/2025/06/department-of-defense-security-for-the-protection-of-department-of-homeland-security-functions/,116,0.4,N,,
20250212_br0309,2025-02-12,Readout of President Donald J. Trump’s Meeting with King Abdullah II of Jordan,"안보/군사, 경제/세금, 선거/정치",2025-06-30,"[조치] Presidential Permit: Authorizing Junction Pipeline Company, LLC to Construct, Connect, Operate, and Maintain Pipeline Facilities at Toole County, Montana, at the International Boundary Between th",policy,White House Presidential Actions,https://www.whitehouse.gov/presidential-actions/2025/06/presidential-permit-authorizing-junction-pipeline-company-llc-to-construct-connect-operate-and-maintain-pipeline-facilities-at-toole-county-montana-at-the-international-boundary-between-the-uni/,138,0.3,N,,
20250212_br0309,2025-02-12,Readout of President Donald J. Trump’s Meeting with King Abdullah II of Jordan,"안보/군사, 경제/세금, 선거/정치",2025-06-30,"[조치] Presidential Permit Authorizing South Bow (USA) LP to Operate and Maintain Pipeline Facilities at Cavalier County, North Dakota, at the International Boundary Between the United States and Canada",policy,White House Presidential Actions,https://www.whitehouse.gov/presidential-actions/2025/06/text-of-a-letter-from-the-president-to-the-speaker-of-the-house-of-representatives/,138,0.3,N,,
20250212_br0309,2025-02-12,Readout of President Donald J. Trump’s Meeting with King Abdullah II of Jordan,"안보/군사, 경제/세금, 선거/정치",2025-06-30,"[조치] Presidential Permit Authorizing Steel Reef US Pipelines LLC To Operate and Maintain Pipeline Facilities at Burke County, North Dakota, at the International Boundary Between the United States and ",policy,White House Presidential Actions,https://www.whitehouse.gov/presidential-actions/2025/06/presidential-permit-authorizing-steel-reef-us-pipelines-llc-to-operate-and-maintain-pipeline-facilities-at-burke-county-north-dakota-at-the-international-boundary-between-the-united-states-and-canad/,138,0.3,N,,
20250211_br0310,2025-02-11,Statement from the National Security Advisor,"외교/동맹, 안보/군사, 에너지",2025-07-17,[조치] Regulatory Relief for Certain Stationary Sources to Further Promote American Energy,policy,White House Presidential Actions,https://www.whitehouse.gov/presidential-actions/2025/07/regulatory-relief-for-certain-stationary-sources-to-further-promote-american-energy/,156,0.4,N,,
20250211_br0310,2025-02-11,Statement from the National Security Advisor,"외교/동맹, 안보/군사, 에너지",2025-06-30,"[조치] Presidential Permit: Authorizing Junction Pipeline Company, LLC to Construct, Connect, Operate, and Maintain Pipeline Facilities at Toole County, Montana, at the International Boundary Between th",policy,White House Presidential Actions,https://www.whitehouse.gov/presidential-actions/2025/06/presidential-permit-authorizing-junction-pipeline-company-llc-to-construct-connect-operate-and-maintain-pipeline-facilities-at-toole-county-montana-at-the-international-boundary-between-the-uni/,139,0.4,N,,
20250211_br0310,2025-02-11,Statement from the National Security Advisor,"외교/동맹, 안보/군사, 에너지",2025-06-30,"[조치] Presidential Permit Authorizing South Bow (USA) LP to Operate and Maintain Pipeline Facilities at Cavalier County, North Dakota, at the International Boundary Between the United States and Canada",policy,White House Presidential Actions,https://www.whitehouse.gov/presidential-actions/2025/06/text-of-a-letter-from-the-president-to-the-speaker-of-the-house-of-representatives/,139,0.4,N,,
20250211_br0310,2025-02-11,Statement from the National Security Advisor,"외교/동맹, 안보/군사, 에너지",2025-06-30,"[조치] Presidential Permit Authorizing Steel Reef US Pipelines LLC To Operate and Maintain Pipeline Facilities at Burke County, North Dakota, at the International Boundary Between the United States and ",policy,White House Presidential Actions,https://www.whitehouse.gov/presidential-actions/2025/06/presidential-permit-authorizing-steel-reef-us-pipelines-llc-to-operate-and-maintain-pipeline-facilities-at-burke-county-north-dakota-at-the-international-boundary-between-the-united-states-and-canad/,139,0.4,N,,
20250211_br0310,2025-02-11,Statement from the National Security Advisor,"외교/동맹, 안보/군사, 에너지",2025-06-08,[조치] Department of Defense Security for the Protection of Department of Homeland Security Functions,policy,White House Presidential Actions,https://www.whitehouse.gov/presidential-actions/2025/06/department-of-defense-security-for-the-protection-of-department-of-homeland-security-functions/,117,0.4,N,,
20250209_br0311,2025-02-09,Presidential Message on Super Bowl LIX,"안보/군사, 사법/법무",2025-04-28,[조치] Strengthening and Unleashing America’s Law Enforcement to Pursue Criminals and Protect Innocent Citizens,policy,White House Presidential Actions,https://www.whitehouse.gov/presidential-actions/2025/04/strengthening-and-unleashing-americas-law-enforcement-to-pursue-criminals-and-protect-innocent-citizens/,78,0.6,N,,
20250209_br0311,2025-02-09,Presidential Message on Super Bowl LIX,"안보/군사, 사법/법무",2025-04-11,[조치] Military Mission for Sealing the Southern Border of the United States and Repelling Invasions,policy,White House Presidential Actions,https://www.whitehouse.gov/presidential-actions/2025/04/military-mission-for-sealing-the-southern-border-of-the-united-states-and-repelling-invasions/,61,0.6,N,,
20250209_br0311,2025-02-09,Presidential Message on Super Bowl LIX,"안보/군사, 사법/법무",2025-07-24,[조치] Ending Crime and Disorder on America’s Streets,policy,White House Presidential Actions,https://www.whitehouse.gov/presidential-actions/2025/07/ending-crime-and-disorder-on-americas-streets/,165,0.4,N,,
20250209_br0311,2025-02-09,Presidential Message on Super Bowl LIX,"안보/군사, 사법/법무",2025-06-04,[조치] Restricting The Entry of Foreign Nationals to Protect the United States from Foreign Terrorists and Other National Security and Public Safety Threats,policy,White House Presidential Actions,https://www.whitehouse.gov/presidential-actions/2025/06/restricting-the-entry-of-foreign-nationals-to-protect-the-united-states-from-foreign-terrorists-and-other-national-security-and-public-safety-threats/,115,0.4,N,,
20250209_br0311,2025-02-09,Presidential Message on Super Bowl LIX,"안보/군사, 사법/법무",2025-05-09,"[조치] Military Spouse Day, 2025",policy,White House Presidential Actions,https://www.whitehouse.gov/presidential-actions/2025/05/military-spouse-day-2025/,89,0.4,N,,
20250208_br0312,2025-02-08,United States-Japan Joint Leaders’ Statement,"무역/관세, 외교/동맹, 안보/군사, 경제/세금, 미디어",2025-04-02,[조치] Regulating Imports with a Reciprocal Tariff to Rectify Trade Practices that Contribute to Large and Persistent Annual United States Goods Trade Deficits,policy,White House Presidential Actions,https://www.whitehouse.gov/presidential-actions/2025/04/regulating-imports-with-a-reciprocal-tariff-to-rectify-trade-practices-that-contribute-to-large-and-persistent-annual-united-states-goods-trade-deficits/,53,1.0,Y,Y,
20250208_br0312,2025-02-08,United States-Japan Joint Leaders’ Statement,"무역/관세, 외교/동맹, 안보/군사, 경제/세금, 미디어",2025-05-30,"[조치] Sequestration Order for Fiscal Year 2026 Pursuant to Section 251A of the Balanced Budget and Emergency Deficit Control Act, As Amended",policy,White House Presidential Actions,https://www.whitehouse.gov/presidential-actions/2025/05/sequestration-order-for-fiscal-year-2026-pursuant-to-section-251a-of-the-balanced-budget-and-emergency-deficit-control-act-as-amended/,111,0.6,N,,
20250208_br0312,2025-02-08,United States-Japan Joint Leaders’ Statement,"무역/관세, 외교/동맹, 안보/군사, 경제/세금, 미디어",2025-04-11,[조치] Military Mission for Sealing the Southern Border of the United States and Repelling Invasions,policy,White House Presidential Actions,https://www.whitehouse.gov/presidential-actions/2025/04/military-mission-for-sealing-the-southern-border-of-the-united-states-and-repelling-invasions/,62,0.6,N,,
20250208_br0312,2025-02-08,United States-Japan Joint Leaders’ Statement,"무역/관세, 외교/동맹, 안보/군사, 경제/세금, 미디어",2025-04-29,[조치] Addressing Certain Tariffs on Imported Articles,policy,White House Presidential Actions,https://www.whitehouse.gov/presidential-actions/2025/04/addressing-certain-tariffs-on-imported-articles/,80,0.6,N,,
20250208_br0312,2025-02-08,United States-Japan Joint Leaders’ Statement,"무역/관세, 외교/동맹, 안보/군사, 경제/세금, 미디어",2025-04-09,[조치] Amendment to Reciprocal Tariffs and Updated Duties as Applied to Low-Value Imports from the People’s Republic of China,policy,White House Presidential Actions,https://www.whitehouse.gov/presidential-actions/2025/04/amendment-to-recipricol-tariffs-and-updated-duties-as-applied-to-low-value-imports-from-the-peoples-republic-of-china/,60,0.6,Y,Y,
20250207_br0313,2025-02-07,Statement from the Press Secretary on January’s Jobs Reports,"경제/세금, 에너지, 규제완화, 미디어",2025-04-09,[조치] Zero-Based Regulatory Budgeting to Unleash American Energy,policy,White House Presidential Actions,https://www.whitehouse.gov/presidential-actions/2025/04/zero-based-regulatory-budgeting-to-unleash-american-energy/,61,0.8,N,,
20250207_br0313,2025-02-07,Statement from the Press Secretary on January’s Jobs Reports,"경제/세금, 에너지, 규제완화, 미디어",2025-07-17,[조치] Regulatory Relief for Certain Stationary Sources to Further Promote American Energy,policy,White House Presidential Actions,https://www.whitehouse.gov/presidential-actions/2025/07/regulatory-relief-for-certain-stationary-sources-to-further-promote-american-energy/,160,0.5,N,,
20250207_br0313,2025-02-07,Statement from the Press Secretary on January’s Jobs Reports,"경제/세금, 에너지, 규제완화, 미디어",2025-04-08,[조치] Regulatory Relief for Certain Stationary Sources to Promote American Energy,policy,White House Presidential Actions,https://www.whitehouse.gov/presidential-actions/2025/04/rregulatory-relief-for-certain-stationary-sources-to-promote-american-energy/,60,0.5,N,,
20250207_br0313,2025-02-07,Statement from the Press Secretary on January’s Jobs Reports,"경제/세금, 에너지, 규제완화, 미디어",2025-02-14,[조치] Establishing the National Energy Dominance Council,policy,White House Presidential Actions,https://www.whitehouse.gov/presidential-actions/2025/02/establishing-the-national-energy-dominance-council/,7,0.5,Y,Y,
20250207_br0313,2025-02-07,Statement from the Press Secretary on January’s Jobs Reports,"경제/세금, 에너지, 규제완화, 미디어",2025-07-07,"[조치] Ending Market Distorting Subsidies for Unreliable, Foreign‑Controlled Energy Sources",policy,White House Presidential Actions,https://www.whitehouse.gov/presidential-actions/2025/07/ending-market-distorting-subsidies-for-unreliable-foreign%e2%80%91controlled-energy-sources/,150,0.4,N,,
20250201_br0314,2025-02-01,Readout of President Donald J. Trump’s Call with President el-Sisi of Egypt,"무역/관세, 미디어",2025-04-02,[조치] Regulating Imports with a Reciprocal Tariff to Rectify Trade Practices that Contribute to Large and Persistent Annual United States Goods Trade Deficits,policy,White House Presidential Actions,https://www.whitehouse.gov/presidential-actions/2025/04/regulating-imports-with-a-reciprocal-tariff-to-rectify-trade-practices-that-contribute-to-large-and-persistent-annual-united-states-goods-trade-deficits/,60,0.9,Y,Y,
20250201_br0314,2025-02-01,Readout of President Donald J. Trump’s Call with President el-Sisi of Egypt,"무역/관세, 미디어",2025-04-29,[조치] Addressing Certain Tariffs on Imported Articles,policy,White House Presidential Actions,https://www.whitehouse.gov/presidential-actions/2025/04/addressing-certain-tariffs-on-imported-articles/,87,0.6,N,,
20250201_br0314,2025-02-01,Readout of President Donald J. Trump’s Call with President el-Sisi of Egypt,"무역/관세, 미디어",2025-04-09,[조치] Amendment to Reciprocal Tariffs and Updated Duties as Applied to Low-Value Imports from the People’s Republic of China,policy,White House Presidential Actions,https://www.whitehouse.gov/presidential-actions/2025/04/amendment-to-recipricol-tariffs-and-updated-duties-as-applied-to-low-value-imports-from-the-peoples-republic-of-china/,67,0.6,N,,
20250201_br0314,2025-02-01,Readout of President Donald J. Trump’s Call with President el-Sisi of Egypt,"무역/관세, 미디어",2025-03-24,[조치] Imposing Tariffs on Countries Importing Venezuelan Oil,policy,White House Presidential Actions,https://www.whitehouse.gov/presidential-actions/2025/03/imposing-tariffs-on-countries-importing-venezuelan-oil/,51,0.6,Y,Y,
20250201_br0314,2025-02-01,Readout of President Donald J. Trump’s Call with President el-Sisi of Egypt,"무역/관세, 미디어",2025-05-20,[조치] President Donald J. Trump Signed S. 146 into Law,policy,White House Presidential Actions,https://www.whitehouse.gov/presidential-actions/2025/05/president-donald-j-trump-signed-s-146-into-law/,108,0.3,N,,
20250131_br0315,2025-01-31,"National Black History Month, 2025","경제/세금, 규제완화, 사법/법무",2025-04-09,[조치] Directing the Repeal of Unlawful Regulations,policy,White House Presidential Actions,https://www.whitehouse.gov/presidential-actions/2025/04/directing-the-repeal-of-unlawful-regulations/,68,0.6,N,,
20250131_br0315,2025-01-31,"National Black History Month, 2025","경제/세금, 규제완화, 사법/법무",2025-01-31,[조치] Unleashing Prosperity Through Deregulation,policy,White House Presidential Actions,https://www.whitehouse.gov/presidential-actions/2025/01/unleashing-prosperity-through-deregulation/,0,0.6,Y,Y,
20250131_br0315,2025-01-31,"National Black History Month, 2025","경제/세금, 규제완화, 사법/법무",2025-05-20,[조치] President Donald J. Trump Signed S. 146 into Law,policy,White House Presidential Actions,https://www.whitehouse.gov/presidential-actions/2025/05/president-donald-j-trump-signed-s-146-into-law/,109,0.5,N,,
20250131_br0315,2025-01-31,"National Black History Month, 2025","경제/세금, 규제완화, 사법/법무",2025-04-24,[조치] Investigation into Unlawful “Straw Donor” and Foreign Contributions in American Elections,policy,White House Presidential Actions,https://www.whitehouse.gov/presidential-actions/2025/04/investigation-into-unlawful-straw-donor-and-foreign-contributions-in-american-elections/,83,0.5,N,,
20250131_br0315,2025-01-31,"National Black History Month, 2025","경제/세금, 규제완화, 사법/법무",2025-06-04,[조치] Restricting The Entry of Foreign Nationals to Protect the United States from Foreign Terrorists and Other National Security and Public Safety Threats,policy,White House Presidential Actions,https://www.whitehouse.gov/presidential-actions/2025/06/restricting-the-entry-of-foreign-nationals-to-protect-the-united-states-from-foreign-terrorists-and-other-national-security-and-public-safety-threats/,124,0.4,N,,
20250129_br0316,2025-01-29,"Presidential Message on the Lunar New Year, 2025",안보/군사,2025-04-11,[조치] Military Mission for Sealing the Southern Border of the United States and Repelling Invasions,policy,White House Presidential Actions,https://www.whitehouse.gov/presidential-actions/2025/04/military-mission-for-sealing-the-southern-border-of-the-united-states-and-repelling-invasions/,72,0.5,N,,
20250129_br0316,2025-01-29,"Presidential Message on the Lunar New Year, 2025",안보/군사,2025-06-30,"[조치] Presidential Permit: Authorizing Junction Pipeline Company, LLC to Construct, Connect, Operate, and Maintain Pipeline Facilities at Toole County, Montana, at the International Boundary Between th",policy,White House Presidential Actions,https://www.whitehouse.gov/presidential-actions/2025/06/presidential-permit-authorizing-junction-pipeline-company-llc-to-construct-connect-operate-and-maintain-pipeline-facilities-at-toole-county-montana-at-the-international-boundary-between-the-uni/,152,0.3,N,,
20250129_br0316,2025-01-29,"Presidential Message on the Lunar New Year, 2025",안보/군사,2025-06-30,"[조치] Presidential Permit Authorizing South Bow (USA) LP to Operate and Maintain Pipeline Facilities at Cavalier County, North Dakota, at the International Boundary Between the United States and Canada",policy,White House Presidential Actions,https://www.whitehouse.gov/presidential-actions/2025/06/text-of-a-letter-from-the-president-to-the-speaker-of-the-house-of-representatives/,152,0.3,N,,
20250129_br0316,2025-01-29,"Presidential Message on the Lunar New Year, 2025",안보/군사,2025-06-30,"[조치] Presidential Permit Authorizing Steel Reef US Pipelines LLC To Operate and Maintain Pipeline Facilities at Burke County, North Dakota, at the International Boundary Between the United States and ",policy,White House Presidential Actions,https://www.whitehouse.gov/presidential-actions/2025/06/presidential-permit-authorizing-steel-reef-us-pipelines-llc-to-operate-and-maintain-pipeline-facilities-at-burke-county-north-dakota-at-the-international-boundary-between-the-united-states-and-canad/,152,0.3,N,,
20250129_br0316,2025-01-29,"Presidential Message on the Lunar New Year, 2025",안보/군사,2025-06-09,"[조치] Presidential Permit Authorizing Green Corridors, LLC, to Construct, Maintain, and Operate a Commercial Elevated Guideway Border Crossing Near Laredo, Texas, at the International Boundary Between ",policy,White House Presidential Actions,https://www.whitehouse.gov/presidential-actions/2025/06/presidential-permit-authorizing-green-corridors-llc-to-construct-maintain-and-operate-commercial-elevated-guideway-border-crossing-near-laredo-texas-at-the-international-boundary-between-the-us-mexico/,131,0.3,N,,
20250129_br0317,2025-01-29,Press Briefing by Press Secretary Karoline Leavitt,"무역/관세, 이민/국경, 외교/동맹, 안보/군사, 경제/세금, 규제완화, 사법/법무, 선거/정치, 미디어",2025-04-11,[조치] Military Mission for Sealing the Southern Border of the United States and Repelling Invasions,policy,White House Presidential Actions,https://www.whitehouse.gov/presidential-actions/2025/04/military-mission-for-sealing-the-southern-border-of-the-united-states-and-repelling-invasions/,72,1.0,N,,
20250129_br0317,2025-01-29,Press Briefing by Press Secretary Karoline Leavitt,"무역/관세, 이민/국경, 외교/동맹, 안보/군사, 경제/세금, 규제완화, 사법/법무, 선거/정치, 미디어",2025-04-02,[조치] Regulating Imports with a Reciprocal Tariff to Rectify Trade Practices that Contribute to Large and Persistent Annual United States Goods Trade Deficits,policy,White House Presidential Actions,https://www.whitehouse.gov/presidential-actions/2025/04/regulating-imports-with-a-reciprocal-tariff-to-rectify-trade-practices-that-contribute-to-large-and-persistent-annual-united-states-goods-trade-deficits/,63,1.0,N,,
20250129_br0317,2025-01-29,Press Briefing by Press Secretary Karoline Leavitt,"무역/관세, 이민/국경, 외교/동맹, 안보/군사, 경제/세금, 규제완화, 사법/법무, 선거/정치, 미디어",2025-06-04,[조치] Restricting The Entry of Foreign Nationals to Protect the United States from Foreign Terrorists and Other National Security and Public Safety Threats,policy,White House Presidential Actions,https://www.whitehouse.gov/presidential-actions/2025/06/restricting-the-entry-of-foreign-nationals-to-protect-the-united-states-from-foreign-terrorists-and-other-national-security-and-public-safety-threats/,126,0.8,N,,
20250129_br0317,2025-01-29,Press Briefing by Press Secretary Karoline Leavitt,"무역/관세, 이민/국경, 외교/동맹, 안보/군사, 경제/세금, 규제완화, 사법/법무, 선거/정치, 미디어",2025-04-24,[조치] Investigation into Unlawful “Straw Donor” and Foreign Contributions in American Elections,policy,White House Presidential Actions,https://www.whitehouse.gov/presidential-actions/2025/04/investigation-into-unlawful-straw-donor-and-foreign-contributions-in-american-elections/,85,0.8,N,,
20250129_br0317,2025-01-29,Press Briefing by Press Secretary Karoline Leavitt,"무역/관세, 이민/국경, 외교/동맹, 안보/군사, 경제/세금, 규제완화, 사법/법무, 선거/정치, 미디어",2025-04-09,[조치] Amendment to Reciprocal Tariffs and Updated Duties as Applied to Low-Value Imports from the People’s Republic of China,policy,White House Presidential Actions,https://www.whitehouse.gov/presidential-actions/2025/04/amendment-to-recipricol-tariffs-and-updated-duties-as-applied-to-low-value-imports-from-the-peoples-republic-of-china/,70,0.8,N,,
20250127_br0319,2025-01-27,Readout of President Donald J. Trump’s Call with Prime Minister Modi of India,"무역/관세, 외교/동맹, 안보/군사, 경제/세금, 선거/정치",2025-04-02,[조치] Regulating Imports with a Reciprocal Tariff to Rectify Trade Practices that Contribute to Large and Persistent Annual United States Goods Trade Deficits,policy,White House Presidential Actions,https://www.whitehouse.gov/presidential-actions/2025/04/regulating-imports-with-a-reciprocal-tariff-to-rectify-trade-practices-that-contribute-to-large-and-persistent-annual-united-states-goods-trade-deficits/,65,0.9,N,,
20250127_br0319,2025-01-27,Readout of President Donald J. Trump’s Call with Prime Minister Modi of India,"무역/관세, 외교/동맹, 안보/군사, 경제/세금, 선거/정치",2025-04-29,[조치] Addressing Certain Tariffs on Imported Articles,policy,White House Presidential Actions,https://www.whitehouse.gov/presidential-actions/2025/04/addressing-certain-tariffs-on-imported-articles/,92,0.6,N,,
20250127_br0319,2025-01-27,Readout of President Donald J. Trump’s Call with Prime Minister Modi of India,"무역/관세, 외교/동맹, 안보/군사, 경제/세금, 선거/정치",2025-04-09,[조치] Amendment to Reciprocal Tariffs and Updated Duties as Applied to Low-Value Imports from the People’s Republic of China,policy,White House Presidential Actions,https://www.whitehouse.gov/presidential-actions/2025/04/amendment-to-recipricol-tariffs-and-updated-duties-as-applied-to-low-value-imports-from-the-peoples-republic-of-china/,72,0.6,N,,
20250127_br0319,2025-01-27,Readout of President Donald J. Trump’s Call with Prime Minister Modi of India,"무역/관세, 외교/동맹, 안보/군사, 경제/세금, 선거/정치",2025-03-24,[조치] Imposing Tariffs on Countries Importing Venezuelan Oil,policy,White House Presidential Actions,https://www.whitehouse.gov/presidential-actions/2025/03/imposing-tariffs-on-countries-importing-venezuelan-oil/,56,0.6,Y,Y,
20250127_br0319,2025-01-27,Readout of President Donald J. Trump’s Call with Prime Minister Modi of India,"무역/관세, 외교/동맹, 안보/군사, 경제/세금, 선거/정치",2025-06-08,[조치] Department of Defense Security for the Protection of Department of Homeland Security Functions,policy,White House Presidential Actions,https://www.whitehouse.gov/presidential-actions/2025/06/department-of-defense-security-for-the-protection-of-department-of-homeland-security-functions/,132,0.4,N,,
20250127_br0320,2025-01-27,Readout of President Donald J. Trump’s Call with His Majesty King Hamad Bin Isa Al Khalifa of Bahrain,기타,2025-05-20,[조치] President Donald J. Trump Signed S. 146 into Law,policy,White House Presidential Actions,https://www.whitehouse.gov/presidential-actions/2025/05/president-donald-j-trump-signed-s-146-into-law/,113,0.3,N,,
20250127_br0320,2025-01-27,Readout of President Donald J. Trump’s Call with His Majesty King Hamad Bin Isa Al Khalifa of Bahrain,기타,2025-02-16,[조치] President Donald J. Trump Approves Kentucky Emergency Declaration,policy,White House Presidential Actions,https://www.whitehouse.gov/presidential-actions/2025/02/president-donald-j-trump-approves-kentucky-emergency-declaration/,20,0.3,N,,
20250127_br0320,2025-01-27,Readout of President Donald J. Trump’s Call with His Majesty King Hamad Bin Isa Al Khalifa of Bahrain,기타,2025-01-29,[조치] President Donald J. Trump Signed S.5 into Law,policy,White House Presidential Actions,https://www.whitehouse.gov/presidential-actions/2025/01/president-donald-j-trump-signed-s-5-into-law/,2,0.3,N,,
20250126_br0321,2025-01-26,White House Statement on Agreement Extension Between Lebanon and Israel,"외교/동맹, 사법/법무, 선거/정치",2025-04-24,[조치] Investigation into Unlawful “Straw Donor” and Foreign Contributions in American Elections,policy,White House Presidential Actions,https://www.whitehouse.gov/presidential-actions/2025/04/investigation-into-unlawful-straw-donor-and-foreign-contributions-in-american-elections/,88,0.6,N,,
20250126_br0321,2025-01-26,White House Statement on Agreement Extension Between Lebanon and Israel,"외교/동맹, 사법/법무, 선거/정치",2025-02-06,[조치] Imposing Sanctions on the International Criminal Court,policy,White House Presidential Actions,https://www.whitehouse.gov/presidential-actions/2025/02/imposing-sanctions-on-the-international-criminal-court/,11,0.6,Y,Y,
20250126_br0321,2025-01-26,White House Statement on Agreement Extension Between Lebanon and Israel,"외교/동맹, 사법/법무, 선거/정치",2025-02-20,[조치] Ensuring Lawful Governance and Implementing the President’s “Department of Government Efficiency” Regulatory Initiative,policy,White House Presidential Actions,https://www.whitehouse.gov/presidential-actions/2025/02/ensuring-lawful-governance-and-implementing-the-presidents-department-of-government-efficiency-regulatory-initiative/,25,0.4,N,,
20250126_br0321,2025-01-26,White House Statement on Agreement Extension Between Lebanon and Israel,"외교/동맹, 사법/법무, 선거/정치",2025-06-30,"[조치] Presidential Permit: Authorizing Junction Pipeline Company, LLC to Construct, Connect, Operate, and Maintain Pipeline Facilities at Toole County, Montana, at the International Boundary Between th",policy,White House Presidential Actions,https://www.whitehouse.gov/presidential-actions/2025/06/presidential-permit-authorizing-junction-pipeline-company-llc-to-construct-connect-operate-and-maintain-pipeline-facilities-at-toole-county-montana-at-the-international-boundary-between-the-uni/,155,0.3,N,,
20250126_br0321,2025-01-26,White House Statement on Agreement Extension Between Lebanon and Israel,"외교/동맹, 사법/법무, 선거/정치",2025-06-30,"[조치] Presidential Permit Authorizing South Bow (USA) LP to Operate and Maintain Pipeline Facilities at Cavalier County, North Dakota, at the International Boundary Between the United States and Canada",policy,White House Presidential Actions,https://www.whitehouse.gov/presidential-actions/2025/06/text-of-a-letter-from-the-president-to-the-speaker-of-the-house-of-representatives/,155,0.3,N,,
20250126_br0322,2025-01-26,Readout of President Donald J. Trump’s Call with Prime Minister Starmer of the United Kingdom,"외교/동맹, 미디어",2025-06-16,[조치] Implementing the General Terms of The United States of America-United Kingdom Economic Prosperity Deal,policy,White House Presidential Actions,https://www.whitehouse.gov/presidential-actions/2025/06/implementing-the-general-terms-of-the-united-states-of-america-united-kingdom-economic-prosperity-deal/,141,0.3,N,,
20250126_br0322,2025-01-26,Readout of President Donald J. Trump’s Call with Prime Minister Starmer of the United Kingdom,"외교/동맹, 미디어",2025-05-20,[조치] President Donald J. Trump Signed S. 146 into Law,policy,White House Presidential Actions,https://www.whitehouse.gov/presidential-actions/2025/05/president-donald-j-trump-signed-s-146-into-law/,114,0.3,N,,
20250126_br0322,2025-01-26,Readout of President Donald J. Trump’s Call with Prime Minister Starmer of the United Kingdom,"외교/동맹, 미디어",2025-02-16,[조치] President Donald J. Trump Approves Kentucky Emergency Declaration,policy,White House Presidential Actions,https://www.whitehouse.gov/presidential-actions/2025/02/president-donald-j-trump-approves-kentucky-emergency-declaration/,21,0.3,N,,
20250126_br0322,2025-01-26,Readout of President Donald J. Trump’s Call with Prime Minister Starmer of the United Kingdom,"외교/동맹, 미디어",2025-01-29,[조치] President Donald J. Trump Signed S.5 into Law,policy,White House Presidential Actions,https://www.whitehouse.gov/presidential-actions/2025/01/president-donald-j-trump-signed-s-5-into-law/,3,0.3,N,,
20250126_br0322,2025-01-26,Readout of President Donald J. Trump’s Call with Prime Minister Starmer of the United Kingdom,"외교/동맹, 미디어",2025-06-30,[조치] Providing for the Revocation of Syria Sanctions,policy,White House Presidential Actions,https://www.whitehouse.gov/presidential-actions/2025/06/providing-for-the-revocation-of-syria-sanctions/,155,0.3,N,,
20250126_br0323,2025-01-26,Statement from the Press Secretary,"무역/관세, 이민/국경, 외교/동맹, 안보/군사, 경제/세금, 규제완화, 미디어",2025-04-02,[조치] Regulating Imports with a Reciprocal Tariff to Rectify Trade Practices that Contribute to Large and Persistent Annual United States Goods Trade Deficits,policy,White House Presidential Actions,https://www.whitehouse.gov/presidential-actions/2025/04/regulating-imports-with-a-reciprocal-tariff-to-rectify-trade-practices-that-contribute-to-large-and-persistent-annual-united-states-goods-trade-deficits/,66,1.0,N,,
20250126_br0323,2025-01-26,Statement from the Press Secretary,"무역/관세, 이민/국경, 외교/동맹, 안보/군사, 경제/세금, 규제완화, 미디어",2025-04-11,[조치] Military Mission for Sealing the Southern Border of the United States and Repelling Invasions,policy,White House Presidential Actions,https://www.whitehouse.gov/presidential-actions/2025/04/military-mission-for-sealing-the-southern-border-of-the-united-states-and-repelling-invasions/,75,0.9,N,,
20250126_br0323,2025-01-26,Statement from the Press Secretary,"무역/관세, 이민/국경, 외교/동맹, 안보/군사, 경제/세금, 규제완화, 미디어",2025-04-29,[조치] Addressing Certain Tariffs on Imported Articles,policy,White House Presidential Actions,https://www.whitehouse.gov/presidential-actions/2025/04/addressing-certain-tariffs-on-imported-articles/,93,0.7,N,,
20250126_br0323,2025-01-26,Statement from the Press Secretary,"무역/관세, 이민/국경, 외교/동맹, 안보/군사, 경제/세금, 규제완화, 미디어",2025-04-09,[조치] Amendment to Reciprocal Tariffs and Updated Duties as Applied to Low-Value Imports from the People’s Republic of China,policy,White House Presidential Actions,https://www.whitehouse.gov/presidential-actions/2025/04/amendment-to-recipricol-tariffs-and-updated-duties-as-applied-to-low-value-imports-from-the-peoples-republic-of-china/,73,0.7,N,,
20250126_br0323,2025-01-26,Statement from the Press Secretary,"무역/관세, 이민/국경, 외교/동맹, 안보/군사, 경제/세금, 규제완화, 미디어",2025-03-24,[조치] Imposing Tariffs on Countries Importing Venezuelan Oil,policy,White House Presidential Actions,https://www.whitehouse.gov/presidential-actions/2025/03/imposing-tariffs-on-countries-importing-venezuelan-oil/,57,0.7,Y,Y,
20250125_br0324,2025-01-25,Readout of President Donald J. Trump’s Call with King Abdullah II of Jordan,무역/관세,2025-04-02,[조치] Regulating Imports with a Reciprocal Tariff to Rectify Trade Practices that Contribute to Large and Persistent Annual United States Goods Trade Deficits,policy,White House Presidential Actions,https://www.whitehouse.gov/presidential-actions/2025/04/regulating-imports-with-a-reciprocal-tariff-to-rectify-trade-practices-that-contribute-to-large-and-persistent-annual-united-states-goods-trade-deficits/,67,0.9,N,,
20250125_br0324,2025-01-25,Readout of President Donald J. Trump’s Call with King Abdullah II of Jordan,무역/관세,2025-04-29,[조치] Addressing Certain Tariffs on Imported Articles,policy,White House Presidential Actions,https://www.whitehouse.gov/presidential-actions/2025/04/addressing-certain-tariffs-on-imported-articles/,94,0.6,N,,
20250125_br0324,2025-01-25,Readout of President Donald J. Trump’s Call with King Abdullah II of Jordan,무역/관세,2025-04-09,[조치] Amendment to Reciprocal Tariffs and Updated Duties as Applied to Low-Value Imports from the People’s Republic of China,policy,White House Presidential Actions,https://www.whitehouse.gov/presidential-actions/2025/04/amendment-to-recipricol-tariffs-and-updated-duties-as-applied-to-low-value-imports-from-the-peoples-republic-of-china/,74,0.6,N,,
20250125_br0324,2025-01-25,Readout of President Donald J. Trump’s Call with King Abdullah II of Jordan,무역/관세,2025-03-24,[조치] Imposing Tariffs on Countries Importing Venezuelan Oil,policy,White House Presidential Actions,https://www.whitehouse.gov/presidential-actions/2025/03/imposing-tariffs-on-countries-importing-venezuelan-oil/,58,0.6,Y,Y,
20250125_br0324,2025-01-25,Readout of President Donald J. Trump’s Call with King Abdullah II of Jordan,무역/관세,2025-05-20,[조치] President Donald J. Trump Signed S. 146 into Law,policy,White House Presidential Actions,https://www.whitehouse.gov/presidential-actions/2025/05/president-donald-j-trump-signed-s-146-into-law/,115,0.3,N,,
20250125_br0325,2025-01-25,White House Statement on Hostage Release,"외교/동맹, 경제/세금, 선거/정치",2025-02-08,[조치] President Trump Announces Appointments to the White House Faith Office,policy,White House Presidential Actions,https://www.whitehouse.gov/presidential-actions/2025/02/president-trump-announces-appointments-to-the-white-house-faith-office/,14,0.4,Y,Y,
20250125_br0325,2025-01-25,White House Statement on Hostage Release,"외교/동맹, 경제/세금, 선거/정치",2025-03-07,[조치] Establishing The White House Task Force on the FIFA World Cup 2026,policy,White House Presidential Actions,https://www.whitehouse.gov/presidential-actions/2025/03/establishing-the-white-house-task-force-on-the-fifa-world-cup-2026/,41,0.3,N,,
20250125_br0325,2025-01-25,White House Statement on Hostage Release,"외교/동맹, 경제/세금, 선거/정치",2025-06-30,[조치] Providing for the Revocation of Syria Sanctions,policy,White House Presidential Actions,https://www.whitehouse.gov/presidential-actions/2025/06/providing-for-the-revocation-of-syria-sanctions/,156,0.3,N,,
20250125_br0325,2025-01-25,White House Statement on Hostage Release,"외교/동맹, 경제/세금, 선거/정치",2025-05-30,"[조치] Sequestration Order for Fiscal Year 2026 Pursuant to Section 251A of the Balanced Budget and Emergency Deficit Control Act, As Amended",policy,White House Presidential Actions,https://www.whitehouse.gov/presidential-actions/2025/05/sequestration-order-for-fiscal-year-2026-pursuant-to-section-251a-of-the-balanced-budget-and-emergency-deficit-control-act-as-amended/,125,0.3,N,,
20250125_br0325,2025-01-25,White House Statement on Hostage Release,"외교/동맹, 경제/세금, 선거/정치",2025-05-02,[조치] Ending Taxpayer Subsidization Of Biased Media,policy,White House Presidential Actions,https://www.whitehouse.gov/presidential-actions/2025/05/ending-taxpayer-subsidization-of-biased-media/,97,0.3,N,,
20250125_br0326,2025-01-25,"President Trump Announces Appointments to the White House Offices of Communications, Public Liaison, and Cabinet Affairs","안보/군사, 경제/세금, 규제완화, 선거/정치, 미디어",2025-02-08,[조치] President Trump Announces Appointments to the White House Faith Office,policy,White House Presidential Actions,https://www.whitehouse.gov/presidential-actions/2025/02/president-trump-announces-appointments-to-the-white-house-faith-office/,14,0.7,Y,Y,
20250125_br0326,2025-01-25,"President Trump Announces Appointments to the White House Offices of Communications, Public Liaison, and Cabinet Affairs","안보/군사, 경제/세금, 규제완화, 선거/정치, 미디어",2025-01-31,[조치] Unleashing Prosperity Through Deregulation,policy,White House Presidential Actions,https://www.whitehouse.gov/presidential-actions/2025/01/unleashing-prosperity-through-deregulation/,6,0.6,Y,Y,
20250125_br0326,2025-01-25,"President Trump Announces Appointments to the White House Offices of Communications, Public Liaison, and Cabinet Affairs","안보/군사, 경제/세금, 규제완화, 선거/정치, 미디어",2025-01-25,"[각서] Memorandum for the Secretary of State, the Secretary of Defense, the Secretary of Health and Human Services, the Administrator of the United States for International Development",executive_order,White House Presidential Actions,https://www.whitehouse.gov/presidential-actions/2025/01/memorandum-for-the-secretary-of-state-the-secretary-of-defense-the-secretary-of-health-and-human-services-the-administrator-of-the-united-states-for-international-development/,0,0.5,Y,Y,
20250125_br0326,2025-01-25,"President Trump Announces Appointments to the White House Offices of Communications, Public Liaison, and Cabinet Affairs","안보/군사, 경제/세금, 규제완화, 선거/정치, 미디어",2025-06-08,[조치] Department of Defense Security for the Protection of Department of Homeland Security Functions,policy,White House Presidential Actions,https://www.whitehouse.gov/presidential-actions/2025/06/department-of-defense-security-for-the-protection-of-department-of-homeland-security-functions/,134,0.4,N,,
20250125_br0326,2025-01-25,"President Trump Announces Appointments to the White House Offices of Communications, Public Liaison, and Cabinet Affairs","안보/군사, 경제/세금, 규제완화, 선거/정치, 미디어",2025-05-02,[조치] Ending Taxpayer Subsidization Of Biased Media,policy,White House Presidential Actions,https://www.whitehouse.gov/presidential-actions/2025/05/ending-taxpayer-subsidization-of-biased-media/,97,0.4,N,,
20250124_br0327,2025-01-24,"President Trump Announces Presidential Delegation to attend the Commemoration of the 80th Anniversary of the Liberation of Auschwitz-Birkenau in Oświęcim, Poland","무역/관세, 안보/군사, 사법/법무, 미디어",2025-04-02,[조치] Regulating Imports with a Reciprocal Tariff to Rectify Trade Practices that Contribute to Large and Persistent Annual United States Goods Trade Deficits,policy,White House Presidential Actions,https://www.whitehouse.gov/presidential-actions/2025/04/regulating-imports-with-a-reciprocal-tariff-to-rectify-trade-practices-that-contribute-to-large-and-persistent-annual-united-states-goods-trade-deficits/,68,1.0,N,,
20250124_br0327,2025-01-24,"President Trump Announces Presidential Delegation to attend the Commemoration of the 80th Anniversary of the Liberation of Auschwitz-Birkenau in Oświęcim, Poland","무역/관세, 안보/군사, 사법/법무, 미디어",2025-05-20,[조치] President Donald J. Trump Signed S. 146 into Law,policy,White House Presidential Actions,https://www.whitehouse.gov/presidential-actions/2025/05/president-donald-j-trump-signed-s-146-into-law/,116,0.6,N,,
20250124_br0327,2025-01-24,"President Trump Announces Presidential Delegation to attend the Commemoration of the 80th Anniversary of the Liberation of Auschwitz-Birkenau in Oświęcim, Poland","무역/관세, 안보/군사, 사법/법무, 미디어",2025-04-11,[조치] Military Mission for Sealing the Southern Border of the United States and Repelling Invasions,policy,White House Presidential Actions,https://www.whitehouse.gov/presidential-actions/2025/04/military-mission-for-sealing-the-southern-border-of-the-united-states-and-repelling-invasions/,77,0.6,N,,
20250124_br0327,2025-01-24,"President Trump Announces Presidential Delegation to attend the Commemoration of the 80th Anniversary of the Liberation of Auschwitz-Birkenau in Oświęcim, Poland","무역/관세, 안보/군사, 사법/법무, 미디어",2025-01-29,[조치] President Donald J. Trump Signed S.5 into Law,policy,White House Presidential Actions,https://www.whitehouse.gov/presidential-actions/2025/01/president-donald-j-trump-signed-s-5-into-law/,5,0.6,Y,Y,
20250124_br0327,2025-01-24,"President Trump Announces Presidential Delegation to attend the Commemoration of the 80th Anniversary of the Liberation of Auschwitz-Birkenau in Oświęcim, Poland","무역/관세, 안보/군사, 사법/법무, 미디어",2025-01-25,"[각서] Memorandum for the Secretary of State, the Secretary of Defense, the Secretary of Health and Human Services, the Administrator of the United States for International Development",executive_order,White House Presidential Actions,https://www.whitehouse.gov/presidential-actions/2025/01/memorandum-for-the-secretary-of-state-the-secretary-of-defense-the-secretary-of-health-and-human-services-the-administrator-of-the-united-states-for-international-development/,1,0.6,Y,Y,
20250123_br0328,2025-01-23,Readout of President Donald J. Trump’s Call with President Nayib Bukele,이민/국경,2025-05-20,[조치] President Donald J. Trump Signed S. 146 into Law,policy,White House Presidential Actions,https://www.whitehouse.gov/presidential-actions/2025/05/president-donald-j-trump-signed-s-146-into-law/,117,0.3,N,,
20250123_br0328,2025-01-23,Readout of President Donald J. Trump’s Call with President Nayib Bukele,이민/국경,2025-02-16,[조치] President Donald J. Trump Approves Kentucky Emergency Declaration,policy,White House Presidential Actions,https://www.whitehouse.gov/presidential-actions/2025/02/president-donald-j-trump-approves-kentucky-emergency-declaration/,24,0.3,N,,
20250123_br0328,2025-01-23,Readout of President Donald J. Trump’s Call with President Nayib Bukele,이민/국경,2025-01-29,[조치] President Donald J. Trump Signed S.5 into Law,policy,White House Presidential Actions,https://www.whitehouse.gov/presidential-actions/2025/01/president-donald-j-trump-signed-s-5-into-law/,6,0.3,N,,
20250123_br0328,2025-01-23,Readout of President Donald J. Trump’s Call with President Nayib Bukele,이민/국경,2025-06-20,"[조치] Presidential Permit Authorizing the City of Eagle Pass, Texas, to Expand and Continue to Maintain and Operate a Vehicular and Pedestrian Border Crossing at the Camino Real International Bridge La",policy,White House Presidential Actions,https://www.whitehouse.gov/presidential-actions/2025/06/presidential-permit-authorizing-the-city-of-eagle-pass-texas-to-expand-and-continue-to-maintain-and-operate-a-vehicular-and-pedestrian-border-crossing-at-the-camino-real-international-bridge-land-po/,148,0.3,N,,
20250123_br0328,2025-01-23,Readout of President Donald J. Trump’s Call with President Nayib Bukele,이민/국경,2025-06-13,"[조치] Presidential Permit Authorizing the City of Laredo, Texas, to Expand and Continue to Maintain, and Operate a Vehicular Border Crossing at the Laredo-Colombia Solidarity International Bridge Land ",policy,White House Presidential Actions,https://www.whitehouse.gov/presidential-actions/2025/06/presidential-permit-authorizing-the-city-of-laredo-texas-to-expand-and-continue-to-maintain-and-operate-a-vehicular-border-crossing-at-the-laredo-colombia-solidarity-international-bridge-land-port/,141,0.3,N,,
20250123_br0329,2025-01-23,Statement of Administration Policy H.R. 21 – Born-Alive Abortion Survivors Protection Act,"경제/세금, 사법/법무, 선거/정치, 미디어, 보건",2025-01-25,"[각서] Memorandum for the Secretary of State, the Secretary of Defense, the Secretary of Health and Human Services, the Administrator of the United States for International Development",executive_order,White House Presidential Actions,https://www.whitehouse.gov/presidential-actions/2025/01/memorandum-for-the-secretary-of-state-the-secretary-of-defense-the-secretary-of-health-and-human-services-the-administrator-of-the-united-states-for-international-development/,2,0.6,Y,Y,
20250123_br0329,2025-01-23,Statement of Administration Policy H.R. 21 – Born-Alive Abortion Survivors Protection Act,"경제/세금, 사법/법무, 선거/정치, 미디어, 보건",2025-04-24,[조치] Investigation into Unlawful “Straw Donor” and Foreign Contributions in American Elections,policy,White House Presidential Actions,https://www.whitehouse.gov/presidential-actions/2025/04/investigation-into-unlawful-straw-donor-and-foreign-contributions-in-american-elections/,91,0.6,N,,
20250123_br0329,2025-01-23,Statement of Administration Policy H.R. 21 – Born-Alive Abortion Survivors Protection Act,"경제/세금, 사법/법무, 선거/정치, 미디어, 보건",2025-05-30,"[조치] Sequestration Order for Fiscal Year 2026 Pursuant to Section 251A of the Balanced Budget and Emergency Deficit Control Act, As Amended",policy,White House Presidential Actions,https://www.whitehouse.gov/presidential-actions/2025/05/sequestration-order-for-fiscal-year-2026-pursuant-to-section-251a-of-the-balanced-budget-and-emergency-deficit-control-act-as-amended/,127,0.5,N,,
20250123_br0329,2025-01-23,Statement of Administration Policy H.R. 21 – Born-Alive Abortion Survivors Protection Act,"경제/세금, 사법/법무, 선거/정치, 미디어, 보건",2025-05-20,[조치] President Donald J. Trump Signed S. 146 into Law,policy,White House Presidential Actions,https://www.whitehouse.gov/presidential-actions/2025/05/president-donald-j-trump-signed-s-146-into-law/,117,0.5,N,,
20250123_br0329,2025-01-23,Statement of Administration Policy H.R. 21 – Born-Alive Abortion Survivors Protection Act,"경제/세금, 사법/법무, 선거/정치, 미디어, 보건",2025-01-29,[조치] President Donald J. Trump Signed S.5 into Law,policy,White House Presidential Actions,https://www.whitehouse.gov/presidential-actions/2025/01/president-donald-j-trump-signed-s-5-into-law/,6,0.5,Y,Y,
20250123_br0330,2025-01-23,Readout of President Donald J. Trump Call with Crown Prince Mohammed bin Salman,"무역/관세, 안보/군사",2025-04-02,[조치] Regulating Imports with a Reciprocal Tariff to Rectify Trade Practices that Contribute to Large and Persistent Annual United States Goods Trade Deficits,policy,White House Presidential Actions,https://www.whitehouse.gov/presidential-actions/2025/04/regulating-imports-with-a-reciprocal-tariff-to-rectify-trade-practices-that-contribute-to-large-and-persistent-annual-united-states-goods-trade-deficits/,69,1.0,N,,
20250123_br0330,2025-01-23,Readout of President Donald J. Trump Call with Crown Prince Mohammed bin Salman,"무역/관세, 안보/군사",2025-01-25,"[각서] Memorandum for the Secretary of State, the Secretary of Defense, the Secretary of Health and Human Services, the Administrator of the United States for International Development",executive_order,White House Presidential Actions,https://www.whitehouse.gov/presidential-actions/2025/01/memorandum-for-the-secretary-of-state-the-secretary-of-defense-the-secretary-of-health-and-human-services-the-administrator-of-the-united-states-for-international-development/,2,0.6,Y,Y,
20250123_br0330,2025-01-23,Readout of President Donald J. Trump Call with Crown Prince Mohammed bin Salman,"무역/관세, 안보/군사",2025-04-29,[조치] Addressing Certain Tariffs on Imported Articles,policy,White House Presidential Actions,https://www.whitehouse.gov/presidential-actions/2025/04/addressing-certain-tariffs-on-imported-articles/,96,0.6,N,,
20250123_br0330,2025-01-23,Readout of President Donald J. Trump Call with Crown Prince Mohammed bin Salman,"무역/관세, 안보/군사",2025-04-09,[조치] Amendment to Reciprocal Tariffs and Updated Duties as Applied to Low-Value Imports from the People’s Republic of China,policy,White House Presidential Actions,https://www.whitehouse.gov/presidential-actions/2025/04/amendment-to-recipricol-tariffs-and-updated-duties-as-applied-to-low-value-imports-from-the-peoples-republic-of-china/,76,0.6,N,,
20250123_br0330,2025-01-23,Readout of President Donald J. Trump Call with Crown Prince Mohammed bin Salman,"무역/관세, 안보/군사",2025-03-24,[조치] Imposing Tariffs on Countries Importing Venezuelan Oil,policy,White House Presidential Actions,https://www.whitehouse.gov/presidential-actions/2025/03/imposing-tariffs-on-countries-importing-venezuelan-oil/,60,0.6,Y,Y,
20250121_br0331,2025-01-21,Guidance Regarding Section 7 of the Executive Order Unleashing American Energy,"경제/세금, 에너지, 규제완화, 사법/법무, 미디어",2025-04-09,[조치] Zero-Based Regulatory Budgeting to Unleash American Energy,policy,White House Presidential Actions,https://www.whitehouse.gov/presidential-actions/2025/04/zero-based-regulatory-budgeting-to-unleash-american-energy/,78,0.8,N,,
20250121_br0331,2025-01-21,Guidance Regarding Section 7 of the Executive Order Unleashing American Energy,"경제/세금, 에너지, 규제완화, 사법/법무, 미디어",2025-01-31,[조치] Unleashing Prosperity Through Deregulation,policy,White House Presidential Actions,https://www.whitehouse.gov/presidential-actions/2025/01/unleashing-prosperity-through-deregulation/,10,0.7,Y,Y,
20250121_br0331,2025-01-21,Guidance Regarding Section 7 of the Executive Order Unleashing American Energy,"경제/세금, 에너지, 규제완화, 사법/법무, 미디어",2025-05-30,"[조치] Sequestration Order for Fiscal Year 2026 Pursuant to Section 251A of the Balanced Budget and Emergency Deficit Control Act, As Amended",policy,White House Presidential Actions,https://www.whitehouse.gov/presidential-actions/2025/05/sequestration-order-for-fiscal-year-2026-pursuant-to-section-251a-of-the-balanced-budget-and-emergency-deficit-control-act-as-amended/,129,0.6,N,,
20250121_br0331,2025-01-21,Guidance Regarding Section 7 of the Executive Order Unleashing American Energy,"경제/세금, 에너지, 규제완화, 사법/법무, 미디어",2025-02-14,[조치] Establishing the National Energy Dominance Council,policy,White House Presidential Actions,https://www.whitehouse.gov/presidential-actions/2025/02/establishing-the-national-energy-dominance-council/,24,0.6,Y,Y,
20250121_br0331,2025-01-21,Guidance Regarding Section 7 of the Executive Order Unleashing American Energy,"경제/세금, 에너지, 규제완화, 사법/법무, 미디어",2025-01-21,[조치] Unleashing American Energy,policy,White House Presidential Actions,https://www.whitehouse.gov/presidential-actions/2025/01/unleashing-american-energy/,0,0.6,Y,Y,
20250120_br0332,2025-01-20,President Trump’s America First Priorities,"무역/관세, 이민/국경, 안보/군사, 경제/세금, 에너지, 규제완화, 사법/법무, 선거/정치, 미디어",2025-04-02,[조치] Regulating Imports with a Reciprocal Tariff to Rectify Trade Practices that Contribute to Large and Persistent Annual United States Goods Trade Deficits,policy,White House Presidential Actions,https://www.whitehouse.gov/presidential-actions/2025/04/regulating-imports-with-a-reciprocal-tariff-to-rectify-trade-practices-that-contribute-to-large-and-persistent-annual-united-states-goods-trade-deficits/,72,1.0,N,,
20250120_br0332,2025-01-20,President Trump’s America First Priorities,"무역/관세, 이민/국경, 안보/군사, 경제/세금, 에너지, 규제완화, 사법/법무, 선거/정치, 미디어",2025-04-09,[조치] Zero-Based Regulatory Budgeting to Unleash American Energy,policy,White House Presidential Actions,https://www.whitehouse.gov/presidential-actions/2025/04/zero-based-regulatory-budgeting-to-unleash-american-energy/,79,0.9,N,,
20250120_br0332,2025-01-20,President Trump’s America First Priorities,"무역/관세, 이민/국경, 안보/군사, 경제/세금, 에너지, 규제완화, 사법/법무, 선거/정치, 미디어",2025-03-24,[조치] Imposing Tariffs on Countries Importing Venezuelan Oil,policy,White House Presidential Actions,https://www.whitehouse.gov/presidential-actions/2025/03/imposing-tariffs-on-countries-importing-venezuelan-oil/,63,0.9,N,,
20250120_br0332,2025-01-20,President Trump’s America First Priorities,"무역/관세, 이민/국경, 안보/군사, 경제/세금, 에너지, 규제완화, 사법/법무, 선거/정치, 미디어",2025-04-24,[조치] Investigation into Unlawful “Straw Donor” and Foreign Contributions in American Elections,policy,White House Presidential Actions,https://www.whitehouse.gov/presidential-actions/2025/04/investigation-into-unlawful-straw-donor-and-foreign-contributions-in-american-elections/,94,0.8,N,,
20250120_br0332,2025-01-20,President Trump’s America First Priorities,"무역/관세, 이민/국경, 안보/군사, 경제/세금, 에너지, 규제완화, 사법/법무, 선거/정치, 미디어",2025-04-11,[조치] Military Mission for Sealing the Southern Border of the United States and Repelling Invasions,policy,White House Presidential Actions,https://www.whitehouse.gov/presidential-actions/2025/04/military-mission-for-sealing-the-southern-border-of-the-united-states-and-repelling-invasions/,81,0.7,N,,
